-- phpMyAdmin SQL Dump
-- version 5.2.1
-- https://www.phpmyadmin.net/
--
-- Host: 127.0.0.1
-- Generation Time: Sep 04, 2024 at 02:57 AM
-- Server version: 10.4.32-MariaDB
-- PHP Version: 8.2.12

SET SQL_MODE = "NO_AUTO_VALUE_ON_ZERO";
START TRANSACTION;
SET time_zone = "+00:00";


/*!40101 SET @OLD_CHARACTER_SET_CLIENT=@@CHARACTER_SET_CLIENT */;
/*!40101 SET @OLD_CHARACTER_SET_RESULTS=@@CHARACTER_SET_RESULTS */;
/*!40101 SET @OLD_COLLATION_CONNECTION=@@COLLATION_CONNECTION */;
/*!40101 SET NAMES utf8mb4 */;

--
-- Database: `dream_garden`
--

--
-- Dumping data for table `company`
--

INSERT INTO `company` (`company_id`, `name`, `address`, `latitude`, `longitude`, `contact_number`, `contact_person`) VALUES
(1, 'Magične Bašte', 'Bulevar kralja Aleksandra 69, Beograd 11000', 44.806815, 20.463565, '0645993433', 'Miodrag Tasić'),
(2, 'Bašte iz Mašte', 'Bulevar kralja Aleksandra 69, Beograd 11000', 44.806815, 20.463565, '0645993434', 'Veljko Spasović'),
(9, 'Doteraj Baštu', 'Južni Bulevar 40', 44.793044, 20.503750, '065 123 45 67', 'Milovan Tošić'),
(10, 'Naziv Kompanije 2', 'Mišarska 15', 44.806642, 20.466189, '064 567 32 41', 'Kontakt Osoba 2');

--
-- Dumping data for table `company_holiday`
--

INSERT INTO `company_holiday` (`company_holiday_id`, `company_id`, `start_date_time`, `end_date_time`) VALUES
(1, 1, '2024-08-20 00:00:00', '2024-08-22 00:00:00'),
(2, 2, '2024-08-28 00:00:00', '2024-08-29 00:00:00'),
(3, 2, '2024-08-14 00:00:00', '2024-08-17 00:00:00'),
(4, 2, '2024-09-12 00:00:00', '2024-09-16 00:00:00'),
(6, 9, '2024-09-20 02:00:00', '2024-09-24 02:00:00'),
(7, 9, '2024-10-01 02:00:00', '2024-10-02 02:00:00'),
(8, 10, '2024-09-04 02:00:00', '2024-09-13 02:00:00'),
(9, 1, '2024-10-30 10:00:00', '2024-11-08 17:30:00');

--
-- Dumping data for table `garden_type`
--

INSERT INTO `garden_type` (`garden_type_id`, `type`) VALUES
(1, 'privatna'),
(2, 'restoranska');

--
-- Dumping data for table `job`
--

INSERT INTO `job` (`job_id`, `user_id`, `company_id`, `worker_id`, `job_status_id`, `request_date_time`, `start_date_time`, `end_date_time`, `garden_size`, `garden_type_id`, `description`, `rejected_description`, `canvas`) VALUES
(1, 4, 1, 3, 5, '2024-08-21 17:22:23', '2024-09-21 02:00:00', '2023-09-01 00:00:00', 19.00, 1, 'Prvi posao', '', NULL),
(2, 2, 1, 3, 2, '2024-08-01 21:56:38', '2024-09-20 02:00:00', NULL, 19.00, 1, 'Prvi posao', 'Odbijanje', NULL),
(3, 4, 1, 6, 5, '2024-08-21 21:59:48', '2024-09-21 02:00:00', '2024-08-29 22:53:23', 19.00, 2, 'Prvi posao', NULL, NULL),
(4, 2, 1, NULL, 6, '2024-09-02 03:48:08', '2024-09-10 17:36:00', NULL, 10.00, 1, '', NULL, NULL),
(5, 2, 1, NULL, 1, '2024-09-02 03:54:02', '2024-09-03 05:53:00', NULL, 10.00, 2, 'Opis', NULL, NULL),
(6, 2, 1, 6, 5, '2024-09-02 03:58:28', '2024-09-23 22:57:00', '2024-09-02 22:12:53', 20.00, 1, 'Pool party', NULL, NULL),
(7, 2, 1, NULL, 2, '2024-09-02 04:05:48', '2024-09-10 21:05:00', NULL, 5.00, 1, 'Mala basta', 'zauzet', NULL),
(8, 2, 1, 6, 5, '2024-09-02 04:05:59', '2024-09-10 21:05:00', '2024-09-02 22:12:56', 5.00, 1, 'Mala basta', NULL, NULL),
(9, 4, 1, 6, 5, '2024-09-02 12:11:20', '2024-09-12 14:10:00', '2024-09-02 12:11:57', 10.00, 1, 'Nema sezonska', NULL, NULL),
(10, 2, 1, 6, 5, '2024-09-02 20:49:27', '2024-09-19 22:48:00', '2024-09-01 22:12:54', 10.00, 1, 'upload canvas', NULL, '[{\"cssClass\":\"zelenino\",\"x\":9,\"y\":-288,\"width\":30,\"height\":30},{\"cssClass\":\"bazen\",\"x\":176,\"y\":-152,\"width\":140,\"height\":46},{\"cssClass\":\"bazen\",\"x\":178,\"y\":-212,\"width\":140,\"height\":46},{\"cssClass\":\"zelenino\",\"x\":10,\"y\":-245,\"width\":30,\"height\":30},{\"cssClass\":\"zelenino\",\"x\":56,\"y\":-290,\"width\":30,\"height\":30},{\"cssClass\":\"zelenino\",\"x\":461,\"y\":-38,\"width\":30,\"height\":30},{\"cssClass\":\"zelenino\",\"x\":423,\"y\":-39,\"width\":30,\"height\":30},{\"cssClass\":\"zelenino\",\"x\":461,\"y\":-81,\"width\":30,\"height\":30}]'),
(11, 4, 1, NULL, 1, '2024-09-02 22:54:45', '2024-09-05 00:53:00', NULL, 10.00, 2, '', NULL, '[{\"cssClass\":\"zelenino\",\"x\":9,\"y\":-288,\"width\":30,\"height\":30},{\"cssClass\":\"bazen\",\"x\":176,\"y\":-152,\"width\":140,\"height\":46},{\"cssClass\":\"bazen\",\"x\":178,\"y\":-212,\"width\":140,\"height\":46},{\"cssClass\":\"zelenino\",\"x\":10,\"y\":-245,\"width\":30,\"height\":30},{\"cssClass\":\"zelenino\",\"x\":56,\"y\":-290,\"width\":30,\"height\":30},{\"cssClass\":\"zelenino\",\"x\":461,\"y\":-38,\"width\":30,\"height\":30},{\"cssClass\":\"zelenino\",\"x\":423,\"y\":-39,\"width\":30,\"height\":30},{\"cssClass\":\"zelenino\",\"x\":461,\"y\":-81,\"width\":30,\"height\":30},{\"cssClass\":\"sto\",\"x\":36,\"y\":-94,\"width\":30,\"height\":30},{\"cssClass\":\"sto\",\"x\":412,\"y\":-254,\"width\":30,\"height\":30},{\"cssClass\":\"stolica\",\"x\":33,\"y\":-51,\"width\":40,\"height\":15},{\"cssClass\":\"stolica\",\"x\":402,\"y\":-276,\"width\":40,\"height\":15}]'),
(12, 2, 2, NULL, 1, '2024-09-03 21:41:37', '2024-09-26 23:36:00', NULL, 2.00, 1, '', NULL, '[{\"cssClass\":\"bazen\",\"x\":181,\"y\":-177,\"width\":140,\"height\":46}]');

--
-- Dumping data for table `job_photo`
--

INSERT INTO `job_photo` (`job_photo_id`, `job_id`, `photo_id`) VALUES
(1, 3, 2),
(2, 3, 4),
(3, 9, 5),
(4, 9, 6),
(5, 6, 7),
(6, 8, 8),
(7, 10, 9);

--
-- Dumping data for table `job_review`
--

INSERT INTO `job_review` (`job_review_id`, `job_id`, `comment`, `grade`) VALUES
(1, 3, 'Savršeno odrađen posao!', 5),
(2, 9, 'Dobar', 4),
(3, 8, 'Superica', 5),
(4, 6, ':(', 1);

--
-- Dumping data for table `job_service`
--

INSERT INTO `job_service` (`job_service_id`, `job_id`, `service_id`) VALUES
(1, 3, 1),
(2, 3, 2),
(3, 1, 2),
(4, 1, 7),
(5, 1, 5),
(6, 4, 1),
(7, 4, 2),
(8, 5, 2),
(9, 5, 4),
(10, 5, 5),
(11, 5, 7),
(12, 6, 3),
(13, 6, 2),
(14, 6, 4),
(15, 6, 6),
(16, 7, 6),
(17, 8, 6),
(18, 9, 1),
(19, 9, 5),
(20, 10, 1),
(21, 11, 3),
(22, 11, 4),
(23, 11, 5),
(24, 12, 9);

--
-- Dumping data for table `job_status`
--

INSERT INTO `job_status` (`job_status_id`, `status`) VALUES
(1, 'neobrađen'),
(2, 'odbijen'),
(3, 'prihvaćen'),
(4, 'u toku'),
(5, 'završen'),
(6, 'otkazan');

--
-- Dumping data for table `maintenance`
--

INSERT INTO `maintenance` (`maintenance_id`, `job_id`, `job_status_id`, `request_date_time`, `start_date_time`, `estimated_end_date_time`, `worker_id`) VALUES
(1, 3, 5, '2024-08-18 22:17:51', '2024-08-19 02:00:00', '2024-08-20 22:22:37', 3),
(2, 3, 3, '2024-08-22 22:20:54', '2024-09-27 02:00:00', '2024-10-02 02:00:00', 3),
(3, 1, 3, '2024-09-03 02:15:33', '2024-09-11 04:15:00', '2024-09-18 04:43:00', 6);

--
-- Dumping data for table `photo`
--

INSERT INTO `photo` (`photo_id`, `base64`) VALUES
(1, 'data:image/jpeg;base64,/9j/4QAiRXhpZgAASUkqAAgAAAABABIBAwABAAAAAQAAAAAAAAD/4QAC/9sAhAAGBAQEBQQGBQUGCQYFBgkLCAYGCAsMCgoLCgoMEAwMDAwMDBAMDg8QDw4MExMUFBMTHBsbGxwfHx8fHx8fHx8fAQcHBw0MDRgQEBgaFREVGh8fHx8fHx8fHx8fHx8fHx8fHx8fHx8fHx8fHx8fHx8fHx8fHx8fHx8fHx8fHx8fHx//wgARCAIAAgADAREAAhEBAxEB/8QAMgABAQEAAwEBAAAAAAAAAAAAAAECBQYHBAMBAQEBAQEBAAAAAAAAAAAAAAABAgMEBf/aAAwDAQACEAMQAAAA7x7+AFhSM1RLLKpAhVMrpBIUSLZakoWBKCVYIUKSxKAELErRmLSpFAABKRSgikmiBKsKEihYloIELaQIEKAKFJEAKEKAqFkAWoItQFQsUgBSIVSFIAEktFIiVRLLKpItQAFAIAAgWpCgELSBChAtEiglUQtSKIUiahbJFFhSVclgBSQsrURYlLUEEqwEBaSLoiAiVaQQoBFqFSBSmSqQCFFIlaiWpksKSrCwskpWoyaiUlWBC0kt1JFiUQtBAEKEWlZkqkKAKkUAELakBAUKCCKQWJRaEoiC0gsZoFohYWpAtiWUixKsSrZIqiABKsi6jNEoi1AWJRSFqQKSBRUSrIthZZYiikAQtBCkAKQpCkEq5SqQolWAVYJFQoEqyxBQFIBKQpFsSkC0BAimVuogpItCVYhSFklqrEKRakLZM2rLkoIlFJQAoESghQAIAUAUlSKVYyaJSJVhQRLLKpCkQtJFoEi0kUlhSkpCxLLKFQJSLULAUgASqIhakpKBQRFqALCkkW1EUlFJCiVYItKkEtJUQUpBCiiAsi2FQAIlCgAEKoqZBqJUVVkCVVSSyqgQoFqQEqyiJSFUiFqRQIiXVSLqIkqkWgIIUAC1BEssoALLLAETSiKSJbUApIqiIFpAItSFVChCoCxKCLpIAQsFMroghZZWiEsspLk3SSQoEVYiwCrItRCipFtSAsSgUgQCrJFtIIoFktqzK2CCyZtKBZBLRUAi1IVQTWb+uJ8+62sgKAkUC1IBCgELSAAoBAAhUKRagEEUUABFqFJDUS0yVCkqpi9n53vHC/Vm8YvSPRngO2W82FqJc/pxfdnX3lXid35dZlihYgqxLSSFtQAtMpQIUUkLJrnr7D59X8NLrKIoqQoiVaktZktqFVb3Hwa7pz1+t1bLd/lM+fenHWe/HWbyXPp2Dm5rN5Wa/flqpT5bPLvZz47rgIWiFQFBEKSrLGbUKILFtmc/dx6el+bpyU1hnitTrPox1npPw6EyqFItCFSSqCRzvn36X5+2k1auLNmfxt8i9fL7T1Hw9v0zG4tiVWdM5616ePnHqzasSigi1IhSFAoQsCFAfrjXqvl78hzlLUzJb+MnT++OoejH5dCARCkKsQq6xv1jydOQ5pbdRSJiq6N6uXTvRz9Q+f15zG87aKmUNJPzTx334/HWRbEqFkWyKi2CLYVABFsgHfPP27d596zmaqwS1KvL4M9Oi+rl17rltIINEixUzddt82+9+XptZqcf0z0/rz/G55rG+0+ffAdsebevPong7dnjW7JSS2okkvl/r5cL2yQCLpIRagLSBKZWoUgpyHPp6x492XSS0k1bgpEusuHWemuL25DL7o+qT6c39pUdI9Oep98+tfP7ffya7OPs8q9PPenLYnAd79uMzL4d6+jLtnF2zj1+vK84tdH56txOi+rl1D05Zi2JVJBCqApESqCgkrLv/m6ds57GkyVZCwoImTdJCkilF8o9fH7MdPSfNrVucuh+nj1nvPWvn9Pi6Z8w9vPOd9gxeVxeKrgevP6M30LzdOa42ylaza6r35+feuGUS0mozWolRagAQqFllupNZew+Lr+zdZNpFJFVJKqqTK6TNrMpa/G3xr2cO/ebp2zhq6fnHn/o48L2eoeXflvqxcZ9J4ejk8Nx+UfN1x5z6ccZtzeH45n7L9eXIZ1+6+eevmACVQQsQCgi6SQtJZeX5PUPJ221NS5k1dRAiVaCIVbIrJZqa+azxn2cfQ/PvtXHbRHWemfOvTz+pfl659K8XTsHn3etIiS/Befk3v553eb8798Pj3OK1W5nUuS0gsShAoqBCyNVAWHbPL07/wAtWaqCSyqEQ0sSSXWmY1E1DSS5s8a9nLsHJ6L5+uomozOq9c9F9M3jPsHi671vNlJbpn8ud8s9vD8NdPWPDvbI+HrPNuuOP9GZLUlsKgCCrEqwCFCkHfPL07dx6StQJSWoLBZUqJZFtkstqLJnzL18uC6O/wDm32rlpNJInnPq5cZuet/P7uqiJRfzxny/3ceI6zsXDff/AC6+mdG3Db5+W+rnbFFFQQQWWWGiIVQktsk7/wCffbuHTApKLJbZK1C2SCFFWWIlMtcfvl5p6c8fqffznI5fquGuF6Z/G313x9PtmgKhr4Nc/JPXjl+RrX7zPpPi7a6OP1jyP2c2gqQFWpFIWJohFqFsktJ3rzb7h5el1SyyikoqIzbSWazM6WWiF1LEz89vWeuOv9efxW/lJmPrb4ztns/nnoHDrZrYT8rrzbty4H0Z9T8O+K1Ol98+veXprG+r98ee+zmZAKQqRUWgIABFqI7T59egeXpemrJYWwirnUpc2WJbqZk1bmNEpkpK1EzVGcrLjq/R0D1Y5nle4+ffJyfhvPR+14Dtzsve/LvqvbP35npHk7zWfL/Tjh/RgAWArJVhUi2RUKIWllx3zyb7f5+jWqtZLCUilAiXJsgKKZudSwAqmc0lYcD1x0v0Z4brbiTvnfK9089+HU4y37E9A82/pxrrHbHnfszbkAFiUgirC0IhagEl+nnn1zyd/wB86aEssRbDVIGTRCSq0kRahK1mywWpk0SyzRjJriumeJ1jofq5/dy16n5On740qUjiu/PzD2Z1HzWNRktQsKSLUKQFIAEdu8u++ce2rEBULComWtSLZrLOqljNbMmjIJVymtXOZVUks0si5uLjpPfn0z0u2+S9783TW7dTgtZ889WNS+n+Z5t3nGeiJBYlqSLbFSWlSCVYBJfU/H05fO7Fkqyw1BWsyVLNZ1NZRlraUwtSVYMy71Esq5i3MlpJdWQh+cvnffj170Y5fN5Lm463h+r6uU9J8/Xleeuvejj5v6I3EFlEsLSQoiW0iVSfVxvr/l7aJaigsCUWJqFSRpc2KspBFTGrqKQFUzFqRaQhY/PWep7z13u+O5/dOxce3bub986SYY8r9fLjOyAEWotSARahUgmr2Xz69I8PbPSaokmllWJE01EpmrkLSJZaSjJqS25qRozbcxVJaiJoktZymJbEt/TQARjqHbl0T1VJKFWILK0SCFIUjXe/M7h5O16JZYSy2lZjUsqJQktS6TNahWcroDJqwtiJSFkLKEujNya1M41ZLUJqazZT5N58h9XPO8oWkpBCkKAFMx6X49dg597qISy5sLqVYJQpJChSxlWpcyWkNKSCkCFVJdRmluplJKqwCsy7kiZjyn344zfOWoqIWpFApELUlzPVPN05Xn0qikEKlhaskqkC25ktzZqLEtSSkNNZqzJUBaJZYEi2pAqJpqIyalOTzz28es98wAi1KZWoBChWHrng6chdS1STN1qQItkpAjdYi0qJZYllWhYhYmiLJLLNrIWJRKokWpSBCwqZnS/Rx6T60i2XKW1IBSCyRbYmb674b996RrTKWJbqRbMrbk0LJJakolWEKpKQpAWM1pYS5udLIWCLRclSw1LmzRJL8159Z1PyT8D5e14rpOP2XEKUgAlk36x5JymOhokTUqwuS0VFZgUkKqVZQkalmsJoibWRNBJSWxKUhUi0zVJLUGa1Hzs9d6T840v0y/RjPUvZnrnXCFqRQCyTXpXj12Tl0y1bJSSFalzZdSRS5sq1nM01LJSSqltkLE1AmiBSVZUyuiQUiFUzVgFlxesdM+de3muVWSNSKKIW1nN/ROV43muWu38t/SW6IFXImd3WRJKFWJZGqlWSEtqVYhWVuY2CKmbUtRSIukSrnK0lFsBidO756J7OWoWSFIWkBd4d58++wZ38Ln8TP3TpzOOm7KqSItUhZcpbYmkhVkohdSZXUSpVJLqJozFSklUhYaJVhLNRmyiUpMzPRvRz6d683IJZVRKshRlyGOnw7mblH2c7695OzSwBNLkWXNmqQCxCLpmNRLDVpMyVRCiLUKZqxLEotSSqqkEIaM5vS+vLpnrzjeLnQlVJC2FSW1EIKl9K8nXsXKzVSLRUiUyaWEKsWsFWRdZTSyRqXNikaM1QIkUVZVSSrncuSUGbULObPo5/JnXXN8uo978nTMsCJbUAltkAR2fzb9E8/S6sWJbLNRlNSyxazZqVWF1JI1UIWLQglmpYCyykkqyy51bCzWZm2KTQklpOG3jzX0z6suY5a5W8ug+izUi1IUKQRbMs3s3Lp3fza+3G7vEaULWsTOrYlAKuUtQLZLEtklstshTK1IULEsKpFIKk0ZGiWWTnnzj04656s1FMgFFIlIVYNYveeHX844HfLksa775+v6bmbbCWszV1GbmNVYmslRLLNSxJVpCxLJVlEKKskIrRi6sgytrWJnc1Kj5LPH/ZhrnBqkBSAIWimUCW2JYvpnj12DHQRaymiWpSEKpZM2xFWVKubbIphNNLGU1EtBYtkllIm5rFzpYhSp+UnRe06t3z+fTFAWSS2olWBC2FkpLakt5DlfWfF21auU1DSEi6XMzNLNRKCwoRItmV2hZSIoqKQFBlaiKSyW3N4Lpz690nP8pyS9S6Xqnfl+OxUikBSAoRagkv6HdPH17py06Lm5SxLbcxbNGJbqSNEqRYlWiJpcyWhSJSEWqhcpVKQVC5zOM1PMfbj5rmHKctdx4Xl8a899meF65rMKApEpFpIU+zh09L4X85OlenGs3vnDp9+NzcRbUllWQiW2xAKFymklqBDS5RGqzKstSWoRalWSLn4zzH1cuP7JSJJo5HnvtnG9J9GPn3AiW1CmTRItCclz3yGZ1/rM9Fy/fje+cddl4dLmtS225ltlTJqIttzIzbY0ZqykLLLCkiaWCpKsrKJbcacRePnnqfBvKipFpAxG6ENVIWyRVkKhUqykRNLEtk5jjrvfn6cxi5W2trMxbWVqXJZJVCVc2WaMmpJq2QZq5oWwuZMPx3x6l3nTfRfy3kFhQEhZVhSCFiLbAUECVYgollKJvnODs/K89i/Q3qM6tkUgIluolzVSy5i2kFIWzMtQsS/kdX3jp3pz8XoyxSJChYEqwohUKkW1JCkqxC1IthQllllhaTWNdh4Xv3Hr9Uq5w1qQKFCwVZmNGZaixazK1nWdZstzJr8U69vHXe2eB6z84blLKJZChSUlWIAFJCxLahbJmlWEqxlZfrjtfn6doxfqmtIltCFkzVUhrSSCRVkutTOWiFsixC1Y52STT59c8r8HRwVdX7vj3jVZS2pAEqwqRaCRaBJLaAka3zdl577NynJtfvh+k0sS0lsS2IQpC2LpCQFJaymrUhZE1bEktAiixbIfhJ0H2cus7ilCWWVJC2yywWIUVBFqCn28Nej+bpyuNaoznazYqRZZZClJSAhpEKyams6iSrWZairTKRRakakl1bMxcvzY889PPrXdrUipFCkAEs01IIpIqyn08d+qePr9q2ykIhrSIVkNWYmrrKaIWWayli2RYCxagVcoLTNusyWki6ZktXKZl/C8vJvbn5typKqkQpLbIIaskLUhVSegeTt2vzbvTMtRLWmswRAVSVcpZGqEkrSzKUqolpAqJZaCBbJmluszNukmSMp5968dX9PNLAUiUpIorNCwAjeb7B4O/0VLahSBZVzJVsTUs1EWWMrQS1IlqGbqpYJakS2wBQSxKzWoltzJLZOkerj0r0yoBSKkUgqwAJVD7+b1v5/W9KWxKlVUki6kl1ItzWolIi1Ig1LNUiKQplTNWwWWAS2zMaqRVllZTE6D7OHVPRITVSCgBSJSKASq+zm9e8fTU2tzZqCyzNayIaqCQ0RViRdzON25hYalllSLakpJbZLCoCyS2BdMxqYmWfJvfy+DqhrMgoBH6rYUQoRRTF9X8PX69VaZsopm2iTOmsoCgIVSSXSQqyiKSFkUUlIqCW2IUhbbJmZ6trn0b2RqS25QFFSP/EADoQAAEDAgMECAUEAQMFAAAAAAEAAgMEERIhMRBAQVEFEyAiMlBSYTBCcYGRFCMzYhUkQ7FTgpChwf/aAAgBAQABPwK6z2Z9jNZ/Gz+JnsuVn28+xn2brPs5/wDjp10WB3I+fU9IX95+nJMijbo1WUlNFJqFPSSMNxmzn27EptPOdGlCiqDwC/Qz+yfFJH4hvYBOma6ib0FFjxq0jc6Wlyxu/CHZqqbD32+HjsseCZTTP0bYe6Z0d63fhNo4Rwv9U1jW6C3Ye1rhY6KeLqpLfLw3mGF0psNOJUUDI25fnZZPpYXcE+gcPAU9j2HvC3x6SDrX5+EIae3ac0OFjodVKzDI4Kml6uUcjqsvgVkWKO41bvDGlzsIUUQjYGjtPY12RF1PQcY/wnMc02cLH4jQSbKGLq2Yf/fbzXSDMw/7bKRxMLb9vgnC7SE9uFxHLd6KCwxnU/BfEyQWeFNRvjzbmPh0Ed3F5+3YlnZEO9+E6vlPhFkK+fjYqKua42cMKxAi4KrBeAn8bKB46rDyV/gVgtUO992p4+slA4ICwt8Kymomvzb3XIdHO+Z6HR8fEkoUdOPlQpoR8oQijGjQsDeSwt5KvsC1o+6AuQOaiZgYG7ZpRGzEVJI6Rxc5RxPkPdH3RoZwOaIINjwTJpWaFSTySeI7GPcw3aVHXj/cH3TJGvF259vpBubTu1DFZmM6u3MqpfimPLRUUWOW50b2K+TvhnJRsL3hvNMaGtAHBTTCNmevAJzsTi46lAEmwFymUEp8XdC/x390+hlbmO8i1zdRZRzPi8JVPUNlH9+Kvsvt6Q/i++6gXNhxTW4W25bm85Fc10cP2y7mf+NpXSDf3W/RQOwSgpzw1mJTSmV+I/YKGIyuwj8qGFsbbDM81bbJE17bFVFOYjzBTXOacTciv10/sv1lR6kK6ce6b0g8eJoKb0g2/ebZVDmyU5LTfjutI3FO3dH+A/TZ0eR1RHv2K2AyNuPENnWyYcF8tlJDgj/scz2pow+MtWmSsfum0c7uFvqv0M/t+U6kqG/Lf6IgjXduj299x9rLhuZ8KcLPI91QyYXlp+bs1FIH95vi4pzSx2F2qjbie1vNDIdoqpFp3cFCQJmE8CtdssEcjbO/KmgdEc9DpuvRw7jjutZHhlv6s1oqeqa5oDj3kDl2K/8Am+ygdhmafdDtFVbsU7vxsgrXsyd3hzTHBzbg321MWOM7r0f/ABu+u6zRNkYQfypYXxmx057GzStHdcm11QBa91+vm9k6vntyT3uebuzKvmo34mA8+1M8RsxFONzfmqem60nOwVRTGIjiFRzFsmHgds5DY3H23Xo53ccPfdnNadc/ZS0DDmw4U6inHC6MEwObV1UnpK6qQ/Kv00/pRBBsclR1GHuO04IG+mnYc6wuqqfrHYR4Rsp4sEdlXlvVgceCi/kb9dtdIBHh9W60B77h7b3ZZKqpsffb4uSIzsoKqSPLUclHWQu42K66L1BOqImi5cFUVRlyGTdg1Q6QjtoVPOZXX4BUUeJ+Pg3bVPxy5aDdaCKzcfE79PSskz0PNS0srOF28x2LEnLVR0Lbd/VSUEmrDdfpaj0FR0Urj3u6OKjYGNwjZWVGBuEeI7rGwveG801oa0Dlv5T6eJ3ian0EVu7kU5paSFTSCOYEoZ5jj2Z5RG26e5z3YimxvcCQO6N0oGd4v5aeR10H+4P+7ZSVQAwP+yuNs1THH7nkpJHPdcqKJ0j8I+6ZG1jMPDiqiLq5COHDc6WPDA3mc/I3ZhVNIYziZ4NkdVKz3A4L9e70BPq53C17bI4nPyaPuoIRE2w14nZWRY4zzbuUTcUjW+6HkhF8uCmoGnNmXsnUk7flXUzegptLO75fyoqAfOb+yaxrBZuW2yqY8EpHDcaBl5SfSPJs1Yq3brmXYHctx6Pb3XHnvh3ORmJhbzWmW4UQ/wBO3zCpFpnbhTj9lvkmfxOkB+4DzG4QfxN+nl5XSAyadwh/jb9B5hJG17cJ0R6Pj+VxX+NHrK/x3J/5RoJvYp9PM3Vvw6c3iafbzB7w0XJsEekIhpcr/Ixekr/IRcihW0/NNqYT8yrXMc8Ftj9PhUJvTj2y8wrj+x9/i2J4JtJO75bfVN6P9bvwo2NYMI8w6QP7bfr8NoxHCNSoqFo8eZ5IdUwZWanVULfm/wDqNfD7qKqjlNhr7ob5x3PpDVg+H7jVGeYi2M9iJ5ZIChpfyrPs1kEjjdouiC3XLcKOXFF7jy+6exr9RdSUDfkNvZSQyRnvD7/GoCetI4W8uqpOriy1Oi6yTmm1MzdHJte75hf3Rq6d7CD+PixUT3Zv7o5JkUcY7vl1bJikw8G7hGKaEXcbuT+kG/IL/VOrJzxsqWqdjwyG4PHcst6e6zS7kib5njulLP1kf9hr5WQCFNQOHgz9k5rm65bnBIY5AfyhmL+UXVRUCIf2KHSEl8wLKOriflfCU5jHjvAEKah+aP8ACc1zTZwsdwDS7IZlU9FY4pPx5TLL1bS4/ZSSGR+I7Y6mWM5HL3UNcx2Tu6VJHHI3vflT0zoj/Xn8aKMyPwhQwMjbkM+alqoo9Tc+ykrZnaHCPZR1srT3jiHuo5WPF25+SySNa3E5TTuldc6cB2o6iWPQ3HIptZFI20mX/Ckw4zh04fFgm6p19VLWyu8PdCOe1j3sN2lQVjX5Oycr+RTTsjGevJSzPldd2nAb7FVyR5at5KOpik429jv7nYRc6c1NXC1o9eac5zjdxufII6yZmpxDkVHXRO8XdTXB2hvvTnADM2HNS17BkwYipJpHnvHyMC+mahpqjXwKNpaLE3995exrxZwun0MJ07qkopW6d5OBGRy38JkMjzZrVH0eBnIb+wTY2N8LRvlthY06i66pnpCfSwn5fwpOj/8Apn7FSQyR+IbwASbBRUDjm829kyjgbwuV1beAsrDyR7A7Ii6qaQs7zcxu0ULpXWaooGxjLXifKSqunwHG3wndI4zI/CFFE2OPCPK3txDCdCntwPLeW50MVo+s4u08t6QaBI13PcmjMBMaGtA5eW9I/LuVP/PH9fLukD32j23KE2lYfffuPby+DO/HKXfj4OB/IrA/0lYH+krA/wBJWB/pKwP9JWB/pKwP5FdW/wBJWB/IqJ5dG0nI8dmSvsurhXWSyV1fZl2LhXCuNt9l9mW2/Y+6y25bMuxdVcjsGFt811b/AElYJPSVgf6SsD/SVgf6SsD/AElYH+krBJ6SsD/SV//EACoQAAIBAwMCBgMBAQEAAAAAAAABERAhQTFRYXGxIDCBocHwQJHx4dFQ/9oACAEBAAE/IZbk7mS9ydxL3ZL3Je7OoncS9yXuS9yXuSyXuyXuNvcl7kvcl7kvdkvdk7iWS9yXuS9yXuS9yXuS9yXuyWS9ydxL3ORk7iXuS9/cl7kvcl7+5L3J3Evd/sl7sl7k7iXuS9yeSXuyW5O5kvcl7kvdkvf3J3Ml7kvcl7jb3pbysfi28q3itW3/AI68ePBj/wAX48zFJ/N7+bilvM58C/FXkPyV5tvxbeTf/wADJHhz+VamPIt+BPlPy4/F187fwxR/j48OfBfzo8iK2Lfj5/Bv5qr80z5d/LuT4p/Nv5E+cvz+/lT+Qx/h6Cp28WKKiTsRs3etA9YyLyseKf8AzFmhjkJE1LYheyRORrpqNSu0JfhkTEJNvoe4p2Qk0OrOP9hxD0t8eKPwpq3hW/Bbn2DsAE48enlbEyLT2fuLiLexovUVGlkmtPwM7CZobL8xmjsGWfWVH7QoLWjIWyyuPZm10mmfxggjy3i47jRq91yXVxe6sXiXhkKaJ8zijZFaybkUiSgSz50p9ZI2LnRDHKi9ug3oIXPd7mDSmvWmq3pNIyLpX3pjydfKQtRioIeWjAqtTn1E0JORG2947OIrPjtRDTIpa3jUc7GO9IL7CdE2VqSORzNpKMTAy45xTscjlBDGerfjrXxHQxf1ILyR4LF+lYZPf8sdPqpOCNiHsRwOc0jBOBxSfcmHoDyxDLuKOYG0GvY0YkkhbiMwh1HGyfuQmMlvQ22MH1VmCWdXjtWfDPjsjZdvgQhMWXgnmnYWGfJ2Gktuw6fxDNehcJSJr0XQ0SXq2Ii09ehxzi/oZJJOJgNW6iJ8I0F0hDNpLRcjSbvBHPUaE4UcBvRDsaFunw7oyXGNKW5mOYd0FVkH+xu6p1JppfU9Ix4MfhKdsC6DiBWOxKOC0fBea65O5i3qcZ8FhRqNYm+HYIhLMtc4OSP8ORzRdkl9RbQnqEkeqHZ/LDtYEwT7bCIlsvcIbv0TDUixkeXmW5LOKdUbBTQQWSSH7OCf9EUeE/FYrUZJC0LokIxTJjhGKYNixeTNcmeMFy8H2RidpZwxuWz1d2J3UT7BWtRExCZl3v1Nk07jQymBm0P0CbYWR+nIvTb12If7GJMyKDnCFJkOUJW424eiFUNrqJ5bJFh+DOacisbJqGaZ/AxWMXhS3+hJxrcmFc9zQ6YpiKXNif0OjvXQ00MiLfl+wnY3UTt9GMTg6iCv5UNQ4iGvYmveJcSlsSDajOhmVFuo02baqzExpJS2iL5aCOkJdFm4bWNcNG69vwbnasmy9xjH8pEU+oRp6nBkgvvRCFSaXNO0FoIhhemu9GY9C+SdO44tI3djXsY+aB36D1uSQthaI7eGTWzInFzNNZAkk3zkS1uRPUcE9MkIy5inancVOnldPAhNatwxpRCWh1Pk78kN0xTHYdGTxeutNT7B2J9XKvcMTbSrNXTI16O8iOQvYlSavXQVR3alppGxHJpoqZPaNDTAjgWDMlr1ai1GEk3NzRdenkPzZcH/AAZpzgjgeBHBngj3O3gsKmCbmZFoWw502ELZwTJoyPNS2JkTk0cf6DMFHoJ/AoS2ID0QufBi1LOR9ZbYl3ykvaDq0RJd0Yrz7YqMM7Jvexik/hIlWaoVjQaLC14rrNfqO1Lx2NIMGTQyaoQwsAwcxs9BnZUWxfz6DVr+gTUJhRNzGtElqmasu1PAlJaWyKSH+iREz1wRnwLZE25HLlrdijil3PAjEFK00pFV35zPjV6wIb21IMU1YxYEdqZJO4qIuaeCKNkCTWLjgOVps13DFJZrWT3Vj9ik7e5/aJ6EbOWaxJ/bNP8Ag0I9Ycm50bZERraAy3/7EpjshbJTbX4li5Nn0otDPU6+tE7kYONz1k9KR7mDU1sLili3oZg7IvWP9LTIvc77EYasNmNqcDmo4IEqVzEa3c1dLHUQcBf0x7sKDX3AmaC0ojqN08i3iv40GygWGysVJ05N2QtPYxzSC/8AwyToQT+yxGoi9+58EHQk3PYz81ZeSZO4hNi7pl5RJ3I0GE1TNEUeGDJeDHyNrvouRobLepv7F+C3m5rM1pZ1FySDallTWlop0MPY0pcnOqpxSafYOMYOhK8CuNYrquCwlXVkXekrmktYmKVdbnQepGX4YxvbnTZH70iGVYo5Dcgv+GiloJeopILiGq21pI6dPWkW+C/Wk+skjrle58EGKW1ZgyRxai00Owlh3XJEBvZlM+Mj1Q9BIeOTRXJyROENuZeo7UhZC3A2L6ySLcT8GPBnynrsoIkrabVhTJCz70yMzS3/AA6knXUVrnBikCPqIPqF7UhSbFp5wX9KW09qKnct6CZNDZXW4xd2Fzdy4GrX9A4hPzoFrzNtl+xERBVaR3LHXXVM+bYY1L/Q0FYn0rki3x4EYGMuX/ynudyxgTsM5gv/AJ4Oxb0PYixxRFugjRaw2I1zIlH+mOh7nY+3MSR7lf1877NVTlq1EWgxFGz0MGoiFRb0xSbcHBNzPxX6jsYJ1/dPs0b1fsJI96Xpgue9LdTr4FZpHA02bapx+vL9vDDyORrFZmt9KfZO1FzRbmD0HzSLV6EnBNMo0NbmfkbWS2v7MUU+hfWafYHzoWgk2pKnmsKUNX0Tcr8BXol6OD0rmmb6HBce5I9RDGjeq33Omotj7AyDiiNSNtaa0V6EYMjNT0pcZI7aCl9wjnyL+DiqJR7KP6iLnQTtrqfZLTydR+9IPg4O61PsUl0X1eD4JLxTX/aSqY1MmfBN+Ka3p9RbJg1Rc9eoliRVaTek+bufXbUvHNMGN6SXFwjSCxoQYuXgyWGamvwO9GWil9DoW2NaQTeksmdDY1rxtT5IMOloNZQ3cqw04RW2w/8AEX/Rt/yC6lPgNRY4uQ8qN/IuMRv3ZYt/yuTufBJn2HzpSBSZMkbk4m9L6ExodSd/cuadjJgxYlFkhX/wvTBprSyv7CXqdyYo6xPTgWnyeg8xSwYasdOCMYpK/wCqZTJ5sS8LxNhtqErvdPh+PDziTEnXFcmTBIv1Xuj4wTSNXoc6mfB3NOS896OMip8Hc3OK6EGiiiuddBcjmCKOawMstKTiqjyExZn0P8gGe2xCWEjpVEnQZpZGC/gevGaWM9yfVltMUuT+vAjtXUZ3NRambaFkiT3ok/8ARCduTAsnQan/AKd9x0XlmJ2BCeeYEahB+zXpvgIPPmC4JaxL/KYMU9jUuIVHuZ22GI60Z6UemhjwLkiJ2O57D2IYzJ9Qhr9mC53ERqSInbWlx2HcDmfJiibTTITRkuMQ23q55dUD1THnkufurEMeo/Y3OafYOSafBnkg6WLSfYLf9OgqTk2OopMC5FTJ38CycDf+n0znwLcQlEIfQjbnwZ8v2IOb6ip95Mn1GKL3H/BexrSCxJP6IpJnWtzFL+lJRwOKYInk7Gh0pjes/unTJFNPQka5E3rJVxtNzfUQJ3Z448NyDObhTFy9zNOtIWTqZmmKIvVGPFufBaD2HcyW9afFc9BEfXTSDJNhx6GD33GNY2iwJnLeeoylr63F0kuGFjNzkuw4m2k28tXcJS8JCdM94RBEo1eSb8EzWP0P3p2RYh9S08GS59VPU+wRY7FqTaYIp7EotT3pdiGbdhcl6S8CUUnk6GSxcn02BUXmJS4mJFxHVnUU1m9B8CnEkthifEWFcuaHsxacE76mT3RfUeK3gn9eE/6R4MXpi/oO5uIVfQ5FZSZrYyM5FPMG0Md6lzfn+ngnR6bEGns9Br0MdieSbGKYkdG7E2PQ2p2Pk6Fugy1GhOiOlXR0tNL9R/o5yZLCLa0ek1KahjRt4fsNYWXP4a0txom48W65rbcwReaaakqnJghT1PkR1IZ1MUg+3NdKfZOK4Gzl0xfB10LQPg701p80YW7TgL49wIzoDGWRfbMstjS+7UZj48C8qw4SWzRIgHXWHyTbSxOw7DmkRxuY7nc/ngao+CdqLQ7G1NCMjaEQXjmkTkhRci9y0GNDBjgi49JR9RccP4EtHRyOmXSj7CNeTAZr4NkOSU9F/wCkwV8fOLubV7IgXcBS1wAYdLHX55E7oZWSSysTTXwehMi3pYejGWJp9RguZptvuXJGdiFrg2pCxSJ5o4GtkJGlhfEW/eShlPKCIlpn5p1nBqGSK9AM2l3e9bBnBDN4iGGMTr0NVweg5k3GZOgtjJxXSiFYVMkblzfeq1JLHczu11mTQt9D8aPEvrHSZmiYRnQ01Ex70sXenocUnUtBf/acDbXQsX/wgsdadzsL7JydNTucl6IbY3BRr/sdDrmD8EcfiX8alOVZ0wCxJJi6V9BN/BzkxtTkmnc6O5GaaK1ccmD+in1PY0MUmyN5Y0hFpeh7WVoW86fNXiY61JbJEuDiXLuRvWS5Alj9mODoYOKYLtGDU70iSXHg1yWIJmvIulpbDWGWzsSiaY/AXl3E0HU64WgQug/f7Fv7GRHQxS0mrEc+5ODkzTZmauJJ4MmbGjpH6LnA0eBDSx1IbX8Y3uqnoMgDKIyV+M7amshvRIRq44ancIJOhwhCwUjfU70xTJ9guWicEOigil63ojHdUnBrWD06DhPgZofUYF7CKEjwyUTwbeCfwtSCyyPomRL+UyWZ1NWaU0OpchHYydTrY23La0+wTydDA1706jyXPsjPeTqWN6cEj14LHQTGGTqdxbCpjx28pWXd68Cknq9y56jRkmTofBNFyPsRofWWZF6MnBkehJkX6J/lIorep9Rg9BSZLntXktr7HcQxPEkE7ZefbwXJ8RUjQhFzBaJ/ZqSdi9LDNy8FjW5oXPq8PO50Ox3pc4LHSnFJop8MOxnIt+q891kVy0hDdEgg33pb/DBuPsWMXPqNdBLRnr4NSbEe5Hh+yXk33NSbj7U6/s+ToexzNM0epklsc+rpGHzf8JJkM2IMHyXpJek0zuXIWhktNda3kvoelUlRz/0nYn21FqYrI5RwexiRcU7FqdP3evhz448NzhxKLBmaRYQ7nQyMtgxwQTt4J/ZczyZLXLZJijOupmTHSi5ddfEdMbmv/aTajcel7j8fMdHkyKZl0Z/MZ/IZ/MZ/EZ/IZ/MYv8Zn8RkN1MnazLxIrHuepPoGmqZK3uQWZHuIgTuJ3XNWxAmck7iVuSiVuYKGREq3cbW5CCVlkMstuJ6iUSkQ3klbifOpNtSdxIm+pK4jclCeRvcT9k9VJK3RDcXgs8lLP4jJv+DP5jP4jP5DP5jP5jP5DIFNjLhn/8QAJhAAAgICAgEEAwEBAQAAAAAAAREAITFBUWFxgZGh8LHB0eHxEP/aAAgBAQABPxAAoEOmf1CwrsLgPt6mI297UeAKuXDkZ+fSDpMZMbkk+7hI7LARLhyk+M8y7JDKM75B7mln5mUM+WZT+ImDK2Tsv5ge/Vy8lkeyY3BgdEw84HKZnqnbEWBU8Xidzw4W5PQZmpvLMNFgnsy+z9zOcveFWSHZhtuT5O52tjJlY0dmK2Xw5ltWLMzW8OG4EgR2YMGTFw5GrswNsgDtzjIxeQ/lmMGS1cpT+YyW9zGIN7mXwcbDhkxtMtFwKbHiyYSbvyf3E4L3P7jcvDrmHGKOzA0okdOD5A3K8kNMqB+XuY2meplbBAftMQuvZ9pzl6EwmBD+hitrxZjJDe5udezn4SsOYGfiMaoG5nr/ACFTK5lev7hNYPU3isxrtEEiYyR+IO8cnqFkc9x0hYj3nvEdr3jpO9y9U9whjj5gJr4gaeTzKN75jAo0efzAQvyZV9jUNivYSta4mRwJgxAP1mE0NTg+HAnlcnETrDxMnY6MFHviK1xPczJ8YhHL1EQ9cxn1gfmVv0PzEj8RF74m3gdSjgPqABg9Sue5Q/kWCaMdd4U2McShlrUNWD5MKX7gGaxuZfazqIP0bnKv+TPmbmDX2oCXecnUsCvCjQvd/RKzvIMK/syKuAHA5zmoMdlp5nA95j3j9P5K+4iA9OYXUOK3kesJJZWIr7PW5gr5UQV5O4gkcDCzC1Qrc6xozk5GvSMfMaZGHKJREe+K4gDHAPB3LeZaoADYiyGKqc4hICBwcQkCwevWCsvAl28ehidr1gazRwOYrgNowUOlBh4DuEp36REWokR9YELsD1Ed/wBhGvaHFYqpRNag4PticcfqEknrqUbwPpnQhyn7RenfE3ycRql6TR0f1Ccc/qfqEl8ZClsGLjHEYYO+qh/0xM2fPiFj0GMTRK4hdcnUHG9o1gblZ3viBPL7ED35Ig/5N1xDn4hJ8P8AMZFd3PEt28ZhohEbhy4lhidhxLwmYAEiK2/iArmHYJqBLriJhaENb++kCHU2sOYD5gBBzYhxlCcj5hLzAfmJj7iYF++YlrONxjdKnEX4qIAkYA3Kd+rhF9/mFeHYftBw/SDA4M8jwxiArFD4iGuonH/jlKtNyxfuDLtfMRP3cbbpxsrf+SwD8riB6GcwM5efEQ3kZImByXRnAz/ZnGeeptcDMRVd1KCOBNXgZEN4EH+iAs0aH/Y/9nJ0OYcbeJa478xDK9ZVfqcoQbdnGbno1HQ2syw/f2nyecwuuJjr2c8nAhV1BhVbThaND6OoD6mMLrcKSa/E0twBl+0ZCCgDz5h7BCyJXH6nl/s3sD8RMU0YAfSE+2o/8cGBHrA7mViAILXwZhA/RL5xiIgdwYo8VM9CNf5KIZF/mAQO+I93eITtTHmbxil3MN77gIbysOIq9bnnwIch4PuNxjLtQP11PzuLN81PH/JfqcetxVhjiK6sZMwLr1zCEQYaNYGuxBf9+JkoZ5jIH67j/wC9yznBriEiiPfxBxjUD0LX4mGUjAwONw38wE14riZFY4jS/eEE4wKUZRGDCtfEObmQTmXg/HU5GRLYXpPp+8YJ41U2YCCVvUABJ2MuA54+KltH0MGV8zfzAaHAMKOoUGPWURwTFojqc6u5t/iYf1wKVg+kCIzcW9/cQcmx9ELTOYqhPHoY7JB8GAD+TBhZrcHVwpPJ9obC45+mdq5E6HGY9fDg7Wu4TvA4jP8AZdk4Sj4r0i48HxGNfE93E7YJNGCg/wASxZRgABjod58w3jd8RaxCnw6gRDNdTGtQDmqT8TCORx5lHH/IdZRxM4PkVGDRUsAcH2ULoPGT3AUWccCJWGQ8p/8Ammv3EFWNR/wps32TANjGBD3T3N0cZe5nOs+0QBunACBlPDnbMZ98g8TeL7jsDM5p1LPrK6c85GTMk6WfSCiwc8w7gDb38wC1rmAUSUdTddfmZvYn+JarPvGvzHTyZ4vcoWs55m0TLDZrcNAH29ZRrA3/AMlP0BAWTWLhzihM2kJbXAzD+IeRU6yTuXye+YDTW/zFYOAplQzOFXECPrNAa14hTz33AeT5A9oSr3/igBadcY3CQ1g7nfyf8jeITk71FeM6lPvUegEcw0KH8qDJfm4axjMPLzKTGBgTWIxpioCBXoYM9CUCgu4QvPzBoi+TAR7ag3rUWg/TRl+Tp3CALfzMFZ9jHb6n5/YgoJjcb1uEmtcKDj2O4yFxxEVZ5mPXU8PrlcUcGeB/2IeazEsmXh5qBoL2mhxzcbx8xkfswf8AIyR/MRWX7Slq/uoxYJYy5wf1H6YuI1a4UsjEV36wnHvAKC9zUF1+JRIAQrGebhazmLfz98x72dblWzMdOc62sQhhEtQ5ZHcRI/U2NL8RsAa+Ih7QZ+8xnmifWEZpOGhyePSIEDsqaEAxfgQKuCYG1qBvHMP3EFgc9wA8hD9zP6iSPuJ4ra8VM0cDMweAMGBPORiUoreqECCswEXEV8xooUYq7y4jYHzUVJ3ARrcD3vEY59OJSe9Cb67nnMZKNLniDR0LDg5qoef+xs0fPpMY/cAJL91Dnxf1TncTOKM/6rcoeJS6EtccQmufxOaxn6JkQIevvLVi4VSzm9ygLpb5hL1nuK6g+/8AJdcfqaAURqowIBD5iFPIhbvdSiO4z6P0iK5lo0ycxHCUYISnjPEOW6GP+QDrHOIrHO43ktkeIDYYa/cNVgm4cr0GEIEanhZhDr2h4GCVEck1G/2ZZGZYr5gyORiVjRiCP7iAIPxGiJvRmWeRF/yfnUBQCvUXFvE6P1TkqGyjXM6yswVk1ORXZmCQc3eoMnR/sOOWPVw8GZFrNes7Q8AIcSsv1h59J+SPxCyL8l9y8iuoAWxUW+MQdYlxA6hrSBi2L6EJCqPQ3L8LKl+GoUb1kwjeOszG2eZydGeMn2ubHG/SH2GftSswbdB4lA1xozGcf5GBKLJnWqYlO8DcVVRqIEjmfQI/bAjG7I/UBVryoE/rio4HUoYsGAFli5bu+HHzncbs8rxD5fPpEA77xLXZ4gJvxL5UOCcnNcQMe58TVtQF/oanNDN+JV+r1cGDxyITXZlou+oyLCXO/wDzsbiBN11/yJG8TJ/E9f8AxkHL5mPuYR7fqDHJ1Bn8QYXwID7ncGTeY0cKHGIQKQqKvOP5Dml+4SxZPEogE55gsLaW+Dncq8xFhe8s/ueir1cROa3iBsoXgw9F/uMgDiAH5gJ46EAANcnmAcWNx855hPVdw0fO4Ch5sy8C6oQgqzAS69YgouBfzN9gNGpocx4SKjGGADEhipaxf3EZAryxcGIzUFZ+mM+vURgM9iJk7bMPGhMHRA35hBN8RXWDLzXJMZx8xB1jHrERn0iBxlw1+4QjiAfxx0NQ6dkTOKi5hsD2+uW0veIwTtqLLpdz8LA8QYuu5YWa5gGHk17QcHtzJ4g9VGHfJ/EI1SM2ivvEPkoHF/iJBKXYhCTK4GrEsGL5lujXJgO8P3cDJrzN9QX/AL/kzXOvxAFee5v/ACAoADBuVkYAhXi9QChcJI7BxMAkWZyGe5YdfmLeD7esICv34nQVnMIP25wDv1xcJaWcRA3zmZPcsDESI2YRWUBmBcQJVenBisc+I0QrbceBqDOKAuMrcZdRA53kwDtv8xjFDuVxnMfBYysQ4Z1LABzf5hvAxuBI/Kj+meL4gP3vmK69BicGVn7U2/aEe8WNcCenTgZVfRLzr9Tb595WTf5+YMM06AyXMV60WlFHRIMvluB4KEWE2/iECIkIEUxJzqERAKIZ8hmUM1kQv/YKr+Q+744iOAF1AAqs2XBQuKgRhVJHR8hm+TQHCO38gWnjFVwCcc7jJH4gKFK4LV+I9n26gCiPSPbvlQZJ+YiQNOYlIbOp4rhQJb/yPjMHGs/EK987hRpWbQip8DJlDHdxbedmZ/MdniHqMVyPgQLiEaFdblhp1uviAqjjIIkaSE2SSgDkfqgB57iBp3l4mMes0NdbiIXtX5gAyXxmoPl9EHlmM7OZ11qEHAGYiwBkcwh+B+oLfefSOyGF1Ca+ZbDZnH+iYUPAJAFAwNlgJfBCgXnpLmAEtH+rcQdgAiCKKy/WGvUcy2b6gaZoPiE7UcAkQOGww5VlODqWUfCJV7hsZOSYiIFCgCB1gekyF0Slpl5gJwAl9zGBVlnr9RIKgF7EQpgchAswgB8QlifmLbHO4grrxpQnnMJeNU4CN7+7n0Hcs4yNx8ZcftAQzWIy8Y3OjAgbrqWuZiiaz4vUJV+8KDpa6uebq/zEF/Zo/PUwBxsbivoA9QA4iMzkAyaZUVg+CBIwIQAHcgRBCRgRlPOALMfALfWcKhLh2gxR8QWJyFqO11NRHLTyYONOoMLLluswJIZMyPFwvm+INaW4q11w9QAP9DARm+H5nSIZguI2AAQHAFIe0DUR6Ab5AMt4oiOHPMICsoDGzjqEF1nO0NLQxBFwETZK/kTxAjf8ofCbAAVARmUYBEHwoScMKAAgCcmgvWW2RRo+IExQb+Jxk1kUCB/czZgDmuMwJsi9nmGOBO4+oh7jBQyFEximxA/V+IaR4mQGTPWjuNQC+tKMjUazvEAP/YU5WMQjoo/4oBf59YswFNC4vVQY3W4xjb/MY4/yaxneIFi0AEaZzAsQjkErcVASSMAn+xgBtbzax7QiiRjevmHvWC811ABs7GDr0hHiIEWo2SuzgL2CTCMlwQQDfMxXxAPUyh7h83kEQYJVjUSVXucu+PWbBVxMF3zEBBN9w3WDlrUC22R6BPUJGTQoTbfcwABQ5cQlUwcjsnzPg7WXcAawCw6smBi6ZZG+Iwk6ORwYSDZ2EdcRBkAx4SIJB0I04bOyAfeA4NK1MEe7JLPtElXdjvPcCw2wYgAcoHI3EdXh+tQ2WHI1AJ28Xzh3AFIsF13E7+ZjzGU/eWDUtLEqg/Wfj/Yis1G+5ruJ3D9E8e0+87l82Js16QgxJjUWAgpr8OYQ2fa4H9x+IEsvvx38wANSjRfXAFkGu8e0FATOcuufmIgFSzASUCGCM45hsDADNa/yDgHGhfPEIYl/QJQwFiTD4P8AY4BvJCvyUAshJURxLJJwobOw4rAz3Ba3mMkDHOepoJN3RhJZLZIMAACBHFECE+5/5ChcAGEfIcDDQAYCW4SibWyXxCYKAJJX1qW0ZYYCTZ9oUkf2RgD6LIEH8ixZ7gpmAAWDw/aKuBYBV2LgwMO/+QrUDaPH/EIDDgTj9RgcMjf/AARJAsCD7H4hBQZI2OMcRG+cJooQggEIk6aI+iWzlGjZ8QgR2yAsK6MABYBMxs8TIBlkNvSiQfvFr92Jfa6zPTH6jp8wpkdRsv38Zia/szvGFBn2mmb/AMg1wZb0hOBv1gN8Qn1IM6X/AGbP7/yU6xqF9rCXdwYOKOtfiFYBHZPEJtC+AbdqIPGMFnObgAvAe+pQIfoa8OBgk9EF31GJJQN5cCIeDgaw4Gm0DCPDzCaALA7EOiCMlAkidrEAAZWW/lH4YDgvYRAwJhKRNiAAWM2CWeyISAJaIb8xtsJJtAfgSqj+g/Cj5MGAAl+BM2AAFtwLaBeeS7cFkdnOnhQkz1PeWXhYNkaDmLInNBYHtAClvAhEI+ho/MeeTOiJbsBgXwXEVAKCnsOIm0aMBCBX58+8KAkNV2SgrGIIjZIBQA9QjMDC4PUF5sjAxXzGCWCIw/aAysdjx1EAKZZB+fmGzFtgYxCEwMkCGLEpEBIYjJNQUHjZnAb5iGQa4ip73uEesGSsDW4GBn1zC/TMHAOLMQ89TN6+IwhyB+IdcYLhKZAz91Ejjt9QPwIPxmF57zBQAyzfKg2CS8FTKDbYz+4CMoEFAnA8Rlqy3iAgJJLDYgN6OreBlQYEQPLsOA2AAe3gRNu9v/t4UbAfkvu1i4+AkNj6YBwaHwyYmAJE5D3Eps8mTCCDm/4YBgEAPl4DqGzQeR5hOXsBcQUT5JQgAxtrHlfEsNlQALgMTcpUwSVQNEyhY0dfqMSmED5bHMJRNigSA9uveLSCBGG/yXLkwSSDzBpmgAWch9YHcblIt/kCVbIMAmC2E0uWaJs4ekJ2nZADhCrmbCMhCRkBEPSGnxXYMG7Alu9UM9wFBgMch+koSEADl0mjcbt6AD1jpH6VXtChJpGgGQRahhRkI11yYbAO9/qEFgOHx4hd0zgwoHFwEqovnmGgIeneVcI99cTfU36fmOvzDjvJnj0m8+tRED9YmA5qoyb4yIG4nuAkr8REoFMKwAyu1DVGHTZLY1cADaZetY/UvM8Y72XACEJWTZrX0TDcct/iFvBNZWO1G2OHRNn0gTbB3nMOAWEwGuYMop5P6g0LrYNXQzEkSMJnx7xgCidlMaqbDWEKNm3NUuz/ACE038N+IRQbAzlU/uYFZpZaBUWBgCsVd2IQysJOyWoGNmm4Af1OwBoeYS9PgGBCCaP8H4lHAURbLAQtXTpkGFMpJQ2FTOIw8GS4vLEqqwyYFdRUWCzQka9IaMFaPoOuZoDSNBcACGWWxVQWccWEXjI8QP2RYMI5RcPxuD8RgJFhCLDK4MJmQ7IYnGU7bBHlVDDCwOq6i0niD7GH0IKBBtOChhklruIHtBjnkiI0PaX6n9Qbquo9g1M43AT6mLvy4Fe+INys66iPqcPV9QIJLhx/P5l5R8+TBf4OYOPJhwesQ+0YT6fMFoCUSPGYiSxkYVxFEj3YuAoCA6yz53EAGYIYq9xEAuwbB7xiBBgWM6X/ACIMEG3Y8IQFCbHAK3hxhAWScfjUa8p/2EugM+f+wFAO7ycN/EAMCyUHyHoTPYOi/G+4WA3Zq1CSTCvP4/cNmAA43jEANBQQyI4hsBsJinmMB5NqCiGkc0BfiAPIOTv9Rp2R2R7TZDZYf3E8QjDTZD6hykRFg0SOISJmdtcNGRWhnPUcc0PopEABzBEtYAaiNurNHuOuc7z5lCLJ7A24CFg9a/ohSZk2VoF3KTSkHYMInOQA7OlAVCBks+YUSsNJ7QwQyJkGwRvEx5jIQUCACFR08zbh6xGwO8w5AGfmbCtcwPHzud/VGHw44oT+IwBWpQBL8wW3jJz6y0OviDbnUOPwiR/IqFrRKcE/sCDgBhC1EGyAc6mg7VljMaLBPg+IpMFgaJ3iYBOhQaa+Jvghtk/LcAsWECXlny4zkyCaGnDVgD57IqPslfMYi6PX98QkDZB48/e4QAGggW8B4/MMp6QgWARV1zf+QEQQX2e6GIA2TZGFXz6QgSQV1YXtCSRxSLqlAV2InphQBokgBop1UMUQIInW6A5CyMMab+ICiEN7hCmQfQh5gGCokQRrxAql9lU69oPYh4vDImhzOlcGAwIvx9uOjvZ9VAQB3glsn1MJQ0+eB/IFa0yFx6QkEAEFH8GAAAQQoFY94QkpoHRDcJmQSJ4AMvFDQkYHiGWR2LRqsiEUskskesABeDJiov8AUVFYQWwCg4UyMf2Em/Yv7CQM+sPtoYR1Qi94QW/hGq9yOPWBa1xM17wioGTRSndkQ1XOalYVDR/EP4nWGBACHnowgOlOeZiuJnoCEZQAAT45hw0JDSOt8QjJ2RA9t04CCawwOkwEgKT18wWERVhG6xGTYWOPxMt7QAD/AOQ7byB9IWqC/JhJIqnqv+TB6sk6vqEAgSOAFHNQCwk9pbhJBBJIfPfcyrBtbNwtEZL+uOyoj8OO2EDpvaBOll4buOubNphCg4UkjiEQBMoAoxq4iIoA6/sJgukoFj4MIv0+YwoAWvFcIxiAAZLGXBiwRL5LDhYJklfMAJG3SyPWKlnJHUYYHfz/ALCRRkEll2FGCQuDtBJACAyPDYG/mNDCkbYAzfcAEAYSLxjECgiIEhRcQJU4ohP21GyQXeQq+iAChNC6sruCbISQEBhTsaiYNsHPRg4P2pTzPBeZn78Sq41HxSNCeRHG1CuYzgyp8CUQ94hDEyGdTz7xbxoQgiubEt4miDW3xDAzoYbGggAJO6fdzByqyLAxAC9i2vX8wURSymnnJhbbpdGEiukgD64gGaAWl5ozgtq5Pt3ABOS8qfMFMHIuicLxAzyFkOE2wyBSqBhAEI6XC/sIAAKiW/EKrvhePmPKosN4uIkicbN/uAmQ95YQWWiLzuEEIGCUCd6gYtmUkDR/sXyV3CAPMeA6T/KMv85O1ruERTkWr8RxRK6P+IZdsRb3MIT0JnQincwV48RZRbAJyqLcCCxYApVyoGAe2eTfMbalICOwBQ5FIk6YiO1tUzEiAoZMkYcd4knB6ZhmGvlExhTmoIuobSlLBwOoZQRaQPpfejEC6PYGX9M4Tncgi94DQA+4vzMUB3MKxASKx1mBrDHMw0PEejv5m1BR4P8AJp1AaTm8+Yb/AIIyR92IiBYtZiO/mEDfvKRvOtw7PzLa0oTkA7RC1LIAOg1mBagQ6UoAOr4c0IFk0UETE1Jln18wHTovlhQBEetvsQkgu0H+RwIiFitv/YSEWA8go6+YRor5cGTsENv9z7xvjC7A6hYOUTQFcxlQvgEMGEAmGVv+Q2g2KzePiHQBMgGvVxYJgh+2IVXW6dnvMRAWFCsEOEBHgQ+cha2D8XFbch84qHwf5BwkECNGLrJwERmFgCADJN/8h4VoBsQHBxIIZwVULAeNckwiApC1fSiAAL0zz1KUCy0eLjEAIAkaeT1DGKMWM7BHUwCCKBDkw72qIKiRC7C9uHClQtgAMq8RQuKDIV8oYjwVZ1t5ZxC0wLDAOFco4wfhTbx3CS8wr145j1A7gx2ZfK3LDu+TH2PM0p8Q9YlU19EP3xCCAa9ueZew4DgDHzPyMmoVz6wZirHy3qYAgtb6hGqNfL3CRC0P1LYK11/yEAHrA8S/YuiLsQlrGbzpCJsyEh98QizYLFh/IiA+r3qEJ2QvcunGC1ezFQEKbuy1uvzCybSHGPncA1SHfHcLZJZV3z59Ije+dfmKlJYd3FshwRwPiBhbeR3ZKzAKpEPX0wcklDi5kEqLT2pokW7Gz5gxRKfPjEsAExviBLAfytiEwLBQJFcXD9uiQdGFQWEAL2hXLC3A6iZvIBldlA3CtBYxX05hWC6OHoCCw0CCcB04QCdsYA0IngECG1ArBWCgRAKLTEIEZIPMCCyBYYIWMwFXklfWoJKQU8tJCWGJqol2RKGLl3ZrfrNnYj+IDcpXuDzUFgDjUHTrUX5/8Q49YAAsOp8eZgedecy2lkHMND8DuCuSXLFGoeX/ACGOQkBD0Ne8QCFHhXm24SAtkq6sOCjJ7AjyoEthlte9wAEWENaHXEIgOiaZOISIKIYaHWXqVYDIbHvMDINH7UJtjgUacWQ29P8AEGRezIcCAaXfriYEkpUexKYk8/Q+YxBwujf6hRxmtMXu4CwQx76r4iK9jSGfMITNhBK17wFkF+5eY8Gug1QhN8EJKoQyUaAJbqchz5YgcstNPqoYJGGZBA0+4CwSKACzAFwAfQjkXsQKiizpdxsc4FJdjMIByLeCEfaUIxSzRgiykAK35j4NZq4q24dAPS9G4ENw1gw+EeByD1HODbABJNEnuEI0WEWVKVIIc4Oql5y37xh58GOg9X1E1v71ArAhFDUrzPpwIcyxx0J9ctXMj4j21EbulCwvvrDm7JyICarMKyM7hvziDhZc8ODDQUOBwe3ESngbN/nqJwFkWvgRsAqtBPmAD9Vu+oSkFBiv7AQAiS9jcYCzgFE0bLlK0ao+oDbSNyyGwcNI/uIWQSEG0K6lgs0rQjYNG7JQjUAVYz+JQFFE7VUHuEEOSX+IEKt8u4hAAIx3oZgGTYuuYAy0CmcY94CUCI3frBYaBHHUVh0a5+JkuweuSJRRO+AvkVAJDxeRQCrmMqEAEvHEIM6eOLK1AcVYeTzuYABt+q/EAlyoADJENHUNKPkQgq0yJYcBeiAcg/TBBM6PXYggEYGMHPMJDwnk/wCy0AxeAdyjedgHPvArHBzh4jUpAQ82qHJH2yg6jSgH4e4DRWIWkPiBr9Sw/USFe0R+b8yl9UezCCTWRPT0gA++HD6dzg7j4zBnzGb+4i/KIAUvMKodj5mN4Q5InsPiBCG38/XMAOcdQADbuha9hUDTG8AY6mC1RJYD45qJAJrC3dwEBAIAXcI4Xx0uDC9FEUBRgCGTYR9PUwElFI5AAXrELNDvkLcQUUNE973GSR4N8EHiWWd42MZ5g0JD4frKEIzhf2WESFwEv3HdDss6RlcUaQ8wJzRSIhKZecjcIFAK/AhBGK0oss+IiwUQteYjBsFLNv4gJuslgOoAQwKHERsmwbBz9xCBIiltRCIsZxCyHWMrcNhgoisoCsekQBtuTLFgSEo6/wBQkGsDkG+jHvA2vPJOoImaKDYI9OIbTDigVzdxA+Hkk53UBsDilkeSoZi0BsAwIC2A+AAZl/5ROwvG74mx8wYAOvmAD9QOhyftQE4xx9EF59FKDRS4gA99RhEY4nMs/mAn+wBPX8hAAryJa4eYtAfXAtwMHNacGrqBkMWBa7OpR6AJ2bfuF7i0lavMViwh2qVwlLq7D94G7ZDNQgoHVJDHiMkIrg52HCAXltggQDBZNjVONEkBDLHVxGNEFL/kYtZGNKuYAmiiKCQ/MHQFokfDJ+YSXkZfgLqEARARI9kCBAHhGURb1GGSCw5z1KHxk06gAqtsBt+kBw6IZN7w3AgxXAX3MVDRHYNncARQ8F4iF0ej4MJZZH78qMpHCLRoLEoNHywagFAQLymuDzCyjRJ8/nxEK0A+fEzeQ/quAFGWvSowmCDkV/kCcQKCFYEkZPMJDGbNnYLGoQvNikTkNwUb5gbtAxiBm0fMt0LNR9TDrBMkkktknuHqMdiEy1ko3dKEUiCapiuAoEYz7qGZks1aR0YzYA7ep4YVQ6f5DkFse6hNMwMGvLlWBrmBext/7H68mBc1CEN8Sxez91FoZZqojjLgWDB1nqAZd4dCzjU9IAypoLiAFIFresymjjk4qBAMZLK/cQRghXwjBzwyD7QEeBGTv0jJarPmIkjnKBz4gAIJyBY3iU9bA8gdQgN57IClmhQDV56UqhZqHmAdxA7hKOTCREF0L6JZrqUCQKBw+cQJX0QgSQkAWAaMKJI3oISBJBN69IRsgHl2+YVgDLmE0OeMDDgOiaov3h0GLTzR7gwH9FYuJi6BIQZWB4PMAIAlWLDcZBNeBkUdKFlAVkn5iIB4DYgIwCWGIRgQDsyl5gkNA/wdwjINlq8uEQQti/xADBUAQS1oe8IA8QBAGPtmCpZAHArjuMCsBsE694SGavjnuAE8WnLGLhByGebBBjtDjEug18wE+mhGdzNI+IjvPP8AyI/yYx1Dkc/XA9N/5Dz9xH1j3njWSYAkncRL1lASbKi2iTAPmrECYJDl5qAAdO/PzASB2LW/WBULWL99QBIEsH0PI4hIBa7OGcwgzBAXqmzbWRW61GETT2OD1+YAmaAfih4iHojA4q1CDa2r/wCVCQToG/vtAJscoA+eIQoD6BrP3qWQNAZw6mDWfogyQbU3wpkC7P1UTLDy9viY8vc+0Bgd15gXnLo5fpAiBk5F4zCKFJYI8eKhJAAdGqX7jJTq9j8OEB2xxyOJkN2sdLcNhhigbjZxhXpeRPcBoAa/xywuDv8A2GqSWzXiFlUpQgG33cIUi8E61+Ii3NMr5jAyDQXjbhAFYtn9zORQBBsWcbMGQp2AVArgRBloDjmquAAG6oAFZhDICGwOVS7LAfkw9zU5Lq02XXiIF61OviDNYnKNajJwfTMJXiBceYeh5gTq9GB4IrUDPgah78kacYw4eVgYgLKJQGdwU0KAENhOMa0mqQHAIiJCLFb8amDAN5A1GAap4Jq8QnP/AAQ7TZfoamgtChjxzECYeKORYcRlfQ1CQMCmWaGeY2QBgaOK7lAWYNn/ABxOkCAGGCP64WwDsXFirBofO4Ng9WAtRAgFvBAVwmEFjZF8wsM2xtAML9jfmAKgUK+hRJbwxzLNq3IFoOJmNGgeoANA1QGFDOMnyL1PYHJo4BQNoH0H5l0H3ZuEFo7v4Z1AxiyhZ9feBQNYUc4xcCIJyQG8j1hCNhN0vMAGQKaZ8zANko+kRJ75PriMsCqy8GoSF5PoLUp0wNEnXmpgkDhvtOWAyjq6qVlg6J/5CMUjpnn1g0Cs79g3AgGfV2YVoBBERv8A7Bmoo65TOTjXUtlX1LYfiZPW/EABzb/cFvv6IEn+IGy7qA/HMGc3AznBoTfe4f8Av7gPI+YQEdIE5qCMRZCpp8+0Aw2Bj/IChyTg8rcZskkvVicG/wBILiEAgbRGMfbhABSH4o6uAFsd3nMpnAvGx8wkgMgVj/EaJOnGANwkFkgpG8WOpk+y47j0mRkkjmGLALxA7EotdekAIBPsRHX2oWCVO933DSZrxT8QGxX7MIQJDWyYQE32x/ZoULrv4coSvAHeoSS8jvVCneYDBJ3TfrBaJv8ABEAJI2Q6Hc2dggIBl/qBha/l/OpyQvPyD9oEShAbEGToAqniIMbOO3qAEkFr84/sYyzhi4EGBUlb69oTtl31npQEAJvnZesDaWdzAdb/AAYUB4yHyR3EQUzdDHNRkpkg5S+1EAUQmvgQEjQKwBnP8iJYx23r4iELNV6xJR6BHEVI+ohCAx7QZ+IGkqxDyM8R2nj+zdDEpdiKgOXKIJ0eICr9+4Td71zL8GUbN/yH2vF6gtIRdU2DnMZEsELCGl1MEPJI/wAxAJ1nIY+ICABRjj2gIqrFD2zARpAauXvRwOoUiWzt5z91F8j9a8ynyt/cSjIommu8zIhk5HO69IDP6/goiMAAHuIRJI44xriASkGVfH0RjHOGs+YHkQ9ginAQQgQ1gPxBYIBojPm4lowAYHlYjweg4JDhEpmeTCxyuXmNZ0bBbg0CIFL5qEot6a+5g2QGBRJ66HEbi7Z4Pv3MqN3hrHUOALaXgFBInC4qOjxkfVKd8V/3UoCQAwR3UQYNkq1CDBDBVja9ICBpVMf7GCWWfXqAbsUqqoiH2jzEjoS0RmhEMZr/AJCWADWucArmE1R559oEJOztg+koQM/v0ieWEHyVQkAkKtmKqZqZ3iY8feIwws+8YcsBcY+9Q6gBHjuWcYBgH+zfXPmEAPJjJgOhRyjqBg4YIzKHIkXm5itn7xAJeCNeqILBlWRm+fiEE0XKOwfW4REA4bMWsHDZlDCWVYhKYwCvHz6wrQOnm/WAMEApchKb5DKJOz3Fo0O2PT+RBBC1V1CaPqLwPEDCQwqI5GrgLAFA4HpA5ZWQPeABPAVHswQQKJDpKqEAFg0Bd/qBNugj8C4ygRYdrKF24whZIKvA9e4cNh569IdQ3+T5jJN5CKOomYpWu1QInZ2SqIm0ju6qAllb/P3uCi5YI+MQAWd4A/5xAyYYL0+pycIpVn1hCTaOTlwpsAB5a8a3AVk+WPzCmGQshm6h4EehesygGbDzgqUg88vELDDSHmAlicbdVGQaQ+PWaJVg5cBLI9h6rcN4f64WmjAgKTdQZr64n33iuIlwUCaWKnBhIONYU9vBhLr4lAFVF8fqFA9f5ODh5EsrZ7hwHOfaUvejWDlksbQfj05lDICT7ZgQAIFDB6gLYUhToXCND6s1cAOAb2AYRFgobOuYC1og2B717xCSEcQNAB+5zGQNY0PuoBoHsWnNyMe/4jNsH3z3CaAGQiBzLZgMlLMDGyDZS0IVAspcXeIwiJd2L37QXvXl1pRrEZzyCNagZ0Dp+PeEA2iRrxKDS0f+3DnKwPrmV0DwccYiwhNg9XxAmEeTYqEoay/J6qEWSkdl+qEY5BJW67lkIQF3w+FAwhl4+3CwsMqirEQj6A6jbaLLP9EIYpLX0QWnaV6UBIbStA9R3YDJQI3Zti6xyZYLDI2FdCEgQAG8nVCBhDLIRGoGmwc3gTJxv1EJAE0kcfiDhJO2CICEw4vAEAezKK4DdXMG8uBQHHOr6dwOSoTNEISjEKAzwcWZ995rjmYts1cYa3CtekPVuNu/5LMEp0PVxpUQAHkB26gBYFoENqUTQ6KxEkSeGLcIwIR3hXv4jbQYZKyFASBj2EQoS6vI48QUzWloQfgcaNjAyW/9gwYdsmqOYi6WlKCiyS+XGaEMK+/eJpW+IqBM2jfeYAAVxSXcJZCH9RhDYlt1qE3gHV/lwEkneD+IADeR3moSUVtdH4vMQAu6hAADAVE3k0YwhpweYSAEhA4+iEMHhk/9mg83wCnhe6Q1DVkkOtk+lmCiFkCgRHkwXr/Zax2eh6wWAQ9s+m4ABmxVj73KAZNGO7ylGIsYFD46lEF2OVXzmZAkks0hUOAebff+ymAUzQOS4AKtEy4gCh1khzECOXI4XJcADAVlBKC1V1Yt1DZbuiwa34iILkum4LW4YFYXcJoiZ0B/EeJJHY99uFkY22eSDDeQg6mLNCF2znEX/JiA0BBRNpJXNCYbXUAN1+4RWujmdhfQXn1iEpsPyoDVKsO+JTasPJxQMRFDd+gzB2GkFxC2xZ49TzCiZBvYC97hFo7slj/YB2DSjRyOfSVgjKHFQMsE1pGvELF4B5FwggHYAP0+YQdnbOMDPEYaJsYA7gbk5V/TAxgA3ivWEAWFmgG+omQCAUcPAEwaJJBYpp6+YFdUcgUajCZIyIIPP1QgkST0FagRPVMn9w9hNs8ajCQgJpRQgAiB9AcSoBXZSwJ0aNv5ESdcP9cHKhsyyNK1/wAhAoHxVs7gwmXs8dmK5Do/cTwodn/kJYnvdekKNG9uyt1nqWAlFaz8wZ0RLVbhGkw3z6mMRp0Xm4hoUeR45gaBVi1wDThEAmgl/YjlABehHmEiqNmyP3K0ACZurOrhVbX6gZILXmFZGeTCWCjZwYgAYAzND+R4GoB19EAH9jDYUxfcdh15h4NSgbJg8FhyBq6eYUEMAoB8HmoGBBI+Qf3CiCl4ANfMBZJABRxuxDySmM38mEUvUHNUNS1F0QQMHMCPSivA6gggGnQ1vX0wjQSZXVTJVeCBKEYGAtAe0QJw2iYygQEDdVviWUjRoLzGSrUAcXBTCe15gNQaADQqEZGxgM5UFEeRcH1iN7LCxCQE8Z/f7gseT5a+ISINNsKzc0SQ+xnHERQITwOB4ioDQGWHqUBJ0P8AmZX9P2x5lkUbNevEIIbdmitJe0BZPoZaBhDNcenmDsGgsC3yPSAoWmKCOXULIAvbxwamwKmh7xkBtWO9zI9vxnowGtFbfVTD5P3aiBwTw5x1AAKGRlmuYRh/X5gIsGSb4ghgB/PYQJEgifg48TAGSNIy7RwwEedEma2h/twCs2Y7DM/5MhH0gX+4nC94L+3O/wDsApcxjPrBmBgCas1BfWkhoahWRjxh2WYfQWM5vvpAXSiAAA15cfXWIGBoKoKYIYBK4JEABBtEb4x/2EkEMgWf3+IUi3QfjMummLCNunCCSA0Pbx7QNAdeRvUZGyHYI8j3gFo6NCvWMiCbFvGYQSqwbBz5g+gG4m58mSeJQsWViFgHHoNYqVZAIUFhcwhnIIxQ94Rwr0NKoLJCMP3fMFsDBw3AYFgQrp47hIBDADIVoi6cZNGjz+5aYRJ9OoQRSJfBWdztvOEBxCRMAlnvcQTCGh2LuNAACGISHpiAVZTQzALdmyEoCGUtCrMJYC/I89wsBYIsBj5gCl7b0IQgrD161CSCBAWAMgkzG6Rbx6kSgQD2Q2vaB2QVnELAmWVVMbsQYbWjjDA0oB3eiMleYlIqGvvUBIFjdHPjMwYQqtnuJkES6EeRi7Zswhf7yotY6h7rUNIP/I/fUYAF+JWs8VFX49Jk96h5fmE+mMOWOIOB90Ss8kXL8xuyGAAYAW+Y+LfLqEHq+0TAQQIABYIz8wkA4LKHDvEAsCkBQFr1jFBBbqluA28E2B/fMAAcE5TrUJp0DsYpxDl4D3mEQDdkbyB6wpBVgq/aXtZpdZiQLCHHXEAd2EVyxuF2FhMEWl5cBE0ESLealqwELXDqE02yQZyPaEFHha7jZIsBh8n3iAqw2FRgJkOOdrUZI9SO34mFgN+r2EIRGHIH6lCBtY+O4kKwMg5PmUdCCTef3AnausP0gRJ93BV7hEiAy2uIrIIPp+xhGgWgatxGcn0ScIJqybd1UADcqy8QBp1oAMLzAck66woGDdoDHTqMJOwq2oStqyTziNoC66eJY8EfVwj1AVtx1CRWBonodysNIEADrxMABYWKZHNdTQeAfAqvzLLyMg9LnCGBkYFhvjiEEXzub7NFdzGFw+YwDWT73Bj3HtF6zSWDibDBLhqoS7lgvf8AIFe9Qkqi2j4hDsCHZ0DftC0V/bgAAZDfjCGnJ6IxNrDohwdx2J9xdDzCEfRLH5hAhhaVTDhK8GmxRqNbysHBv/sJKW7C/MAIOnkaH2+ISeQQDzcGB4JL8HqWJPo7F0P1Ms0s4riZEF4L8RHmqaeg4QBYsoMeYw7Cjj07hsNBAogYzBYCR4ff+QBgLI53CLCkqRZ94bdvbVfMAsdtK5RvOuMecRCBFlIDMJHlYFf2WZQxWX6SsAcDxGbHyfjx8wbDS09xDGxaGl58Q2Z8hRgi3NIFdqIFlA1mlUywPIgc9iAokAJ6zcdEEsn3UDADoFxzLJYPwYtZbZx1cCXROHtGGiUMFeirHmAokjYY2fMBN5Ie0Wu4GmRfrWqhaBiRgZbBAYMImA7FCB2LhSIA0/aGvTB6mTizhxpn3zGf1B5uLcQBfEJJLHFH6I6EBtZgJXi8w5VWoiZsZPHUBARMojcMhoCcgiw/BgFVLLgJYFoldBwWWRenj3EBJN0ecesC1QfrMIQjCKd6vqWwwOn5hAuQKbSxCLzTvn3E5Id6OFMWkuf86gKhZGdGvaEMhjC1n0hCsniy/PUpWkkFV7UUAgWQS3UKR4Fs04xglqlskEQMALlHWo6YKCo/qoQGQq2se0LAafRImEftoayZWs0GfaAuBOASSud1NUGOTvs1EK74Kz4o8xPhnycCMENtD3hLpgLDvSRmSgPh9ENkWgCcDCgySAyM558QhUJPyx9cdUKTI7H7gCwmCTBOUUROAgWerfEbuABweTVwWPiwQiDDQAg7H3hBY488dxhC/UvGvaFRQfH/AC4tJqefuIQF3fJx0skMXi5zh0s1moTMgATmXyiiduU8OpviPnMZQ6xM51A3WzN2X+4y+YwCIeM9YmcG+YNk0Bkx4xIIyPyOIMmoGiwPJgvCBDC8wBYNHFncZAQDZVCvaCwatGzzCAYJVuaEAkEXt9cTOEeRfW5kIeTvyZbsiwSenLG0+2IRUaAvgKWCJCCBLJcQrRoDCcLqmNB+oDZACvSIuzGVwOHv8GAA3zYgMzbyBuv3OED0yLuanneg4DYQWccON4GBeVAQSRJIDb3EQSMrCv8AkB0KbgaAWSQ8cGICCKTWl74gLDNHnRCzCGEjRgD4l6SBQOfZREGwcEYzExSeD/sqnsIge0RBQjCBcQiSfcCPeIiaDyWl6xAdXlX8wIKao5/QgCKGFX8fiAEh8n1/NQAGgpN49nUoh4Dlgj8Q7DIKDPHOYSwDtu7UJMMgE5ON0oUivQDFZxGNnJ31GV+XEbPvLTx+JgsYhxesQ3f4ljKIhAbEfGBMWcfyNBQE0dS6ZZW/EMJAEmaF4gusSLWGQFCxARRNBWDCJAQ8eveYO9G5GgesKSg6xRHtiAgOdF/uUAYQFMd1CEAGSaIWqVwDHZR/yAyRflUGlCD6eIfUBZ5rGoyQisAXjMKAkLv274lmPg9rXtCiBu10b5MBHYH+KECRNkjJT5lACAiyP3UFoAVz64hZABvgL1/Eofys1AKIF9fpwggWCMlg3UIAsAEnC5JgDGg3Yo+0BIIGmbzt5lEYzjIQH/Iymh3jPMIZNIEqEBGF5GrMBKo78GOwwODj0hAALAr97hDlEhl4gCDYIJboBaUYaAROd5uAFaDvz4isgECmOwadzIXWfTUspaeT/YgWW6aHGtygXkhs5DjIVgaxBgEyLOoWibIz7w1oQGWX9zAuHHsMAh1mBssPlSrV48GAHHvLxZdiW4M17jE3RvXcCHp+46+RCOZoZzFz6QliVb9XMLngQhxdE61CWAQMRW+5SxgfcIIhCQCsMdxgu6sywGHgBADIDbHGNQGUed5gsQSbovYgBIWCsDx/kQookWT+4AI9R5OrhDHL74EBbeUfxCAYsgEgk5ftAAtAkf8AYeCqi/GjDaItDrI5SiAdaj5mbONB/XxCAUOQLo48wBGE3Fn0owAb3lf1ShAFGgR+IFyycvVf7CEAPO+QYQogMuhnHmBgABk7fUToK0OeogqAv0fvCLYs1nglwtsNdcywyaADqElhhMHB6y5YLBz39qJeqFf2AkwHIPDERFgsBG9+sAYAEgdk/iZnoX/3zChwRnQ8wg09Ojep4EglosuEW8Auu3pQJlnDUHOQcfalJ6sNo5mwGg2OUbOCn0gBt7g/1wGuH+YBWN/TLIPAzKGDf8hdsI8+YNqY3/2HPQhxx5iL7mXsQIV7GM+AsQM8nxL7HSgvGP1CmhFPQnECmShOz5hAYjkQ77hZsCPNru/WMCYoZ9Be4ANHIbCcBQG5dEjmFjHXsPHmAMhhIMb8QXbY+uUGAYzlmGwCASsjQxCdpDbbA8QgAATWmMwkvQ26r1UJCfc9OEUNGxb7EBKLJwAf7CEQAOSV8e0axaSJC94ChZBWdhbyYEhK+cH8QoXkit+dxjDwXtmIBBXJJRDMJN0+wDE8eXzeZbF5xzC6sAorqWQKn0j4hYwEC7A32oQgFP45hLAS1kY7jQbWBrvqESAaXZt1BYWyFGgIjdlY7/sBIEjVHeHiF201hekJBIA7bxMAVuj8XuERIo+ucaEF4BQh2BWaMGIkJgi31CYGEkgOX9EhRRJ/JAgmNvl1tGo5i8ERo2Ly9Z61z4gBpe074hH0GfEGndQfBNx1zExe9wOtCAMWH4mT+ahVCDBUJ9XrD1SqMuA2RATDvLEoIpQAZ/qhAghtggZzn5hJmzink1CIgKtD9xEYKKFWc7gIm7JBdYEIAYFDc59YCCSUDp5HvCQSQ7y5yjAUCC1lkOM4FHIG/mAKgANrGfEoLscskBY3Bg4A5rfEyAAEmydQWAB7A8VAQwqTBJ2oAsDsYweeIQa1/XjiFAsa/wCQtAjG2fzBRsgFrZiEsMkPde0IVZPu4hJwsMhXjxNq5VViCoAlKAxC3yw6r9wARRD4dVxBoBkcfyNkay+OYaBg6B/sOSsP66hJBWvn7csJQpXn/sDEbCz5HWIli1QeI72zscEQgsAc5+czGx8o4gqZlsKZtjKcDhRZdDg9QAgV01Bge8bs5EBgOLNnx7xUI7RG6/6hg4RQgwBwYwWjmx/YGJij8wEk9anPVRU8Qux3N8LMQsenlQng3GnrMwifiCvogdOWnYzBUKqJZvV4mSqnMQS01LIAfMuHHg2EMAPBgk+joE5BBhBPYe/36QkADDCzTMAMIKqByvHrEeiMrQi0NZBu7gABzgbs+0JABBOmfxGGwHwM7MDbJPBAOBjUDKQDpWV7Rl0q/wAn2m2QdXTDELIilQ1LWI5fI9Iy1m831Mq9Qn+YwKZG2MocxUSLfJoIQk2EgbRGEJCGUA8c7hFC7JZBr4hAfRI9ORZ5iRCZ2OMEDEOwbeyluAYAIlMrjxBphEDyvSB8UPMCZXgfxCQ+AH+QB5MH8GEFAAs61r+TALDNcdOEEYasvcQHsPTeoSenrvcJCQFWGjiZUCBQtHAtzjIBlAAQmsYz1AQCtCCpRJBq4QTm84UOZO7AS7l2+C1sDnsFGJ7dt4PmBs+3c6BD1MAo45MrQTl45hJx6GUN+sIYNCBi3+5aJSXKmReTKyfChCBoA0xlXApTkxmsxhtjZiGrGSOpsAZO4FlGDYNE9iCAmLQE/TDqCSK0DTzCQBNKqP8AfMIS8LHrAwSjeHm+YaBIaeMCzm5gqjoLqEWD6rKldsACkV/IDKdZOPpibBEDAJ6x4lCgel3zB0rkvsekI/wfHpENhZobxASO21zvcZNG+CwMcyzVAHO5gAb4+KEANAMdmBgMJezmAIAZsre7lgZy7evPzGZHb5AcIGQE8cMeISV2dH75hImjbIB061LVmrH3xHfIhyB+YjzyAE+oEiOOMDeRNmV8fEY1sYcZi0FgGMB0Nhz3z8R2PCNFw1jMMCW8Q9kIRP8AybWzE+owGMdiEI/vUrOYScG9KIPoaMyQyXYgpAZ46mf9hLPcKPvHvGApvvmbYy6GYBWCBzCKas5hs8GXyifuoLs+kGw4hAf8gyKgd8HcF+sAVB+tKAtn8veHwiIZm0OCcQNWSwAghQWasD+ygwq3k8RgxfVPevMQsKLZz6DMIJY0QyCuFAERBBJOMcdxu02PMABws4fd0JizeTBYGGIiDQwfTuWHI1k9QIUdmjh7jIOAT3+FMoLCz/rioDXXef3AMmMYYz1KCwSG7uCwIthCnPR39UJCCBFWWEOozgAgNnUZQIoNeOyIQBHIp7DoQCsiT66mCkYsP2hIy+VUMQgtkOFz8GMAEPOx0g4KbsE04uMGcAGfMv5sm7OCIgxZs/5CoSFeYMk16w+DmZun7QPH5iqhejGtsiLWwpkDH+Rjfv3KJC5ggJ3c65xESUbPPmE4hIpmUz3rmWgeIg16QDz0JsAeXNOcrUVoSl1zCSaAqMYPrHlFRDYF8RCcg2KUPgADX+kCAhCmCAcZXrEmaom/gQMgYOd4cFA47x+zAAgVqyRl+Ihkkgl2fvUxQ294EVw1qvpgRCQvIF7hIABUUSDmueJYbrOvzCxjuzuhAmAL5HrcWTZ5hDAIi38e0aDNklV37QMiivrcCCJLFUM+sNIC1vXglwkmxeXRtRugAI6QWoDw8WgUBrk8wkokA7A/OI6aFN2fmBEACA7d4HUJCyAcIcesMxxZKArqnG+EgkPYAuGZObzbcCYFVr1n4XiIEjgzHazEXnMOQbvRgbB1+oQSeWVUweHgRf8AYas+PMtAc49IO/MtdjcwXX6hR5gq8niE2xg8Byq64/2YvYNiUPHEQL8/MfhKhASOzquY/wDIMZoe8WlfMQB5jx1jqdZ66l7vWZ18Yj7JjCxYLbhN0mxmCPUgkvL6EDkVuyR7yySQK+/EJLJwhmEAt2Sk2YCAxjOvhQ5ECii8LnMIkDns5UAkHCDH6htk9j3ADgghSb8RAJoZ8DUIDIEh2T0e46QA9vXOoCQCx3/kOA0TYCCfpHQtNjVPxKBCibHOnnMoO9iBsRBpYOr94QIoI8kGyIKGHl695Za88HqWwBkURryPSFvZLfCnAIWj/MQLH2AisTcTTMH1MAUlJI/aN1DkDQiyQAN6g4kHkjEJHvhRiigCDXgGFv78QvxyTPPoYVRIju/Djvpyme/aAhteDPj8XLemrEFj8Qm6s4cBuzibG37RAiaMexXdy42QN4ai3vU4MfFT1Bgx39uPne/PmC2eBhRiQZ8A/wAgcQWSCHk9QkCjoDICeSc+kHprAgANobG4ILRE5Dw7llgKsHjqImBbvyF3BbBX1D2dMkXqEElYJD7h0UFfcJNBFDPZxCJRAs1dAjSuIth3t+IwOhyAOdQJEMX4c0zoLr8ahBob4QgJSKNEfyEgAAH06LvcO2lx+PzAASOz+3zLGSkyM1ATIKadcf5AD0IwvK45ieADSrMDBSaF40Kh99eRAGXoyTxuNgSiFmuoCqAgnK7uALIu+YQyToYbAl84qwnfcZj3MdznknZ7YEGQ3ewMHiEZwaOQfWMp8TiDCFPNxk56nZGLiTH5MTexuWlxxDxfmBsr1ECS6fxA8e0NXcAHma1UWveFij8RorPGoBT940f1D16Q4reBAOSziIYalhlQOMQdRLiIyWKBMm+VBwTPlBMvBigAAAUKedXGQLFA5HlQu0ZBLXzAASC97w4CAWQl8fVGQDBfD5vMedI5wAf3E238a0eoBr4efMeuNk/RGSCyYWr/AOzYh9JjF29EfqoAEPVu8EuEART++0KZB01zEwKv41ATkXyB7vfpAcCy2Cbz21DRZOSijw40GC0LJ+YpKBNDKq8ZiLE0GYAjQzZPjd3DkTWPYPJjBcnREQey64rdwMgLRyOZYh7sFcYiAokUmq9QkFpYyL/2AGjWGUPH7hsAcvA/16garOCAOoGl2OcNe8IoB9TjA6hGMSOjwoBLbA0gWM8xjXvKecwFKJNeHF56EV1fpCLuDb5gxLeKG58zPiP2WYxXH0ThX8xAWccQAkUE+J1jnuBti9eIWKViCouX16wFLA36Sr1gRZFE321AqDT3zuswqwCKr1gIDdE4xcJqzA6AqPBYIqjx/sTB+/WLhbRVBEmnAiIFM4JzbImyAfpx8TYMDC9THUaL9H4mbZAWhxCRgy/ab2GtWeobaMaspwMsTy2B3AwJELnWoSGsn9bh9uKe8YLIj/kRBLLiAA5Eq0ej+oC9BGfv6iRaay/bcIAtCGi4R6HI7fTlTb0SR3xF7Jp/kZhh4BPgwEDHkD+5jI4A5JvW4MnkWdF76gLBE3Y/IzjMCIIYIubZIWuIUDIIFIHxAQEJqV+f7AAIDOk7pxJanJBx5gC8mAMAnj5uCITyRg3aPpUIirXv8x8eC7nsePoiOa5c9O3C2wE+IA0z4MAs9T6pw0YFqAVWMesAZgy9rMar5lH9yj494LxuhxLAxnH+xozKOnMAIADqssXC43ZayqlGjZZr4gHjFAYqEks7AG+3CAENFO1HRYbTz9qEAnFsVqoEPaviWQQQXb4/cJsErLJFxmg2FkHbjHJrBrMBJLdiv0q4CYgixmMbPz/ghIsFVQo68TALkLd+kAM2v0jAB5wjz6fyEA3xv36gDAtq9GuIql9+5m5AQpfsTJbNoP8AsZDJIAfzniAwf1i3DjCJZJeFW4iLty4QAW9eXcCZ6wD1ChQQvSEICfT5jtQYTPWo+zWs+kAYAaH0NmHKIWft6hBJreB45bgwchxpHkQPbA9ixGBWQIdfdQLa8oX29wQQmBba9WHC1xFoB8wpFRgDyOY8D5POIukNwg0O67hO3cs+DCaXNRPGuf3EhPWlErgBWEoara8Q8galeu5Y0cYhJNnGYb8jrUFhgalui0E0nJ95YFG9/VASIafFDqFA2AiDbhKEqiKjoRX8gBMwgC48esaUkP16wgQCcDxCVj0F0c+IGJGSM+txDs+ixAGJJROwe6zMuLr4M2WLs9a5gIMQq1pQHcBiuagexgnjMFLKBydesByIVE8iAEX6cveBAFhEb+Kjo2WtURsZmSHdN/MJOCCjkfVxLRAC2fvczdrp7zEm0aNxGwyUyKuBgFkkcFesJKnbwhx3LVUOR+JYVnXMFANfHXrABds92q3KDAgCi7MJIshqq/5MW8k4v0vmGwggAMHKB9tQEvk2PzCyUmgmKCwTxAms8VH8UTScAIFC7tLPiYAPNvDsQKAkgwMEtjhXxKC42YVrU+DvzPT0E5GP9hQ65h8KC/AmjycxA+usxlH5ECefvpAyP1ADAGMwYox13CPhKzdwbtRAF54EAOxjH+QssVgUemgjCSKNnQI17SyD1VrhVQyfb3gTQEllHvcEIDWBJtiBiFRux8wgoORJOO+JQwaOWUTCESXSI4iCiyeF7xBq2R655lijk7R5lEE5PLxXJiBKRvn1EBNNaBupQCTap4NcQUodjl16cQ5M3ga8n5n75GK4gObsb1fmZPIwDXjuEC0cWj6QpEHGduRAaEiM1+JmwIL7owsgBdmwdO9w4MvABxCF28qXvESSb4JG3MjB8OYAQUSzkLPIqAHOVYx+I8Owy+xEgAQ7GQWeICAQjYo8+jjuHWbq32+YSCPGL7+IiIkn+0HqEBih6YQfzBgEo5NOFSqKJ+XC8k0TgcQDCAZAAq3amb9pkiEE9MOH64x6x8+k5+IK/vUGVjr9wJ/AUzatRAe+INe5M1m+ZrPrc+3EHnuASNgxzBQbFs+vMAEBmxvcBJBg4yP9h1d4DXrEBBF+cgY3LJ56yMwIV6ACBCARYHxfEJOGsfI7HUANMEh0NmAAugDgV6L2MJBQ4aAYgsdlfj1MsBB1tf7KajQ2ZZsAYLLqNgHRV78wgHJTwDgIPagVPRek532FrzATRCZpdSzEMjiMiQGbFPzAkbHOQNniAE1rPruABEkUBn8uKVRDdLPzGWEe83jiCYohh2x+Y5Yy7liiQCFvPMAogeGcAQBcSuPzBRI84+9wgbFgdzk2ADRznn/JQofjJKqEi01S7rEFtUdt3vcOy9s6PiZaDbo594ScDJ7uWkCaEhRmUSHhHKhoADf615hDkExDuLIHJV+BC2CvolgoD0gLLP8AkJwPtAA6xuUjfpC/mU1z5ls/MDwNdmBmVCARVH8xY0J4PmPFagGgTCgCAdIHGuIylsWhriBkmy6xBkhZHuoNkLGS+B4MajYSBVxhTRyPaMQBvKJxzAwSCeWAMDMDwu+FhQGAct6Hs5QIBdlVCgRPhxKFA0Vh0QSYbBGT1+YAySEHTNREEkbQQVgwAkkF3nVHMyGW43+JRm1yBAF/Dj/sFt3Wh13iAs3uj5iIkoh9UKOg99xm0cIvOOoALIKZD595aAoQAIDgNMiqA8yk1gPzKBBBAeq/UFD3jTpQIOQToWfxAqArgAaPvAR2SMKtQkFDZxdn0joFgkmwJwQTf+mMSQaGi1LBG1sKqjZMpd0GBmhEDqwbBcdIQkABm1XAhLQk1/tQgk5u9uoFgwjtoN36xpiRLsGg4qqUc33zPGYTkfMGDxkw4vw6g6y65leIAAGAwQYEeggxD6fUGXwE3/EuTt/YQjyLj/YS0jqH/CY7PtxGqzfeoC7e+vxHgCYS4jWIBmvGSCuYSCWKYAYqEByCVllL05lGjklqpbgdDjOYSiSCYG4UNw2CK3ARsg9PqFSp1Sfg+YSIodjCBAEgOeb9JzEAaAIgErEAnD0IREINouw5zBnDDcJhmhtj7mCkkUQBnmcgI5wQowBkEjDVwgDBZJzyf9hOAYO7cX6QrXk4NwgUI3yD+Y8kAZ7/ANg5EHN/m4yKQVGrAvsTlI7LFhe8LyICNBj36iECBDTCUewQbGbvUCWEA2JEUoBddZ83FwCzyB+JgAVDa3FyADZ8XCsnwAR+jFGSAc0edRSMGcar6Yij9fTAKDIvR9mISAGTE69hADOz2950VzxK3RBET3EsTDtm/UBGb7cQ8shf/KYsnpfiaWeKvic30+oWIHGv+ULvt+0JQgCGmC9p/8QAHhEBAAIDAQEBAQEAAAAAAAAAAQARAgMQEiATMAT/2gAIAQIBAQIA8uPgx8mPnz5cfPnz48eDHz58efBh5MfLj48+HHx58efPjyY+fHkx8mPhw8+fPnz5cPPkxrz48GPnza3d3d3d3d36uXLv1dxbtbuxu7u79S2Xd3dxbu7uXPQrZy+HK5XahDhxeVwjL7f87+av5JfH4uV/J7XSWSpT832/4WSvk5f3ceXH+hGP8SHwEeMuXyzjy/q+VKlv0crtWfB0IcPmvo5fH6OnL4J0lfRHtVXzUp7cPg+Aj8X05V/R8jyiW8q4cuWSq7RypfD+aSj4fta6D8VXL6S75SVyv5HHqfFR4NxldOnSXUJfwfwr7uVyjpw4EsjK5X1l16fzrlfF8rlRjKPm34eXfK6cOVx+al8OVDl/wJfzUp5fHr/M+HmTdv8AIlS0l1/KzpyqvlROXL5UY/KxByz9mRKrl8qr+aumXXHpwlV9C/L/ACesD3ls/X9MduOy4g3eWf6OZtMx4ypXFHt9uUw4y3P0QhH4ZfwfOWWzO6Spjtjk7Xc7V8+bNmDKj/Cqq5UqEuMcss8nF/XHabDKrJRx+LibNmah8GWDsmZWJcJkTXmPK5TD4Jfw8qpsnscZfnzjljswyZVdqrsmxzgUMYt6pmbUa7RMXGDXCKvxcYdJfdmVyiMYl45YbMc7lr69XZNypAwDV+f554aubk4QYcxmp+AhBlfdcHPOyURhxjGWbP0M3Y7PXoy1zLLe4cxxxwc8duJ+Zh5y15aPDkLF95OtO0y+X8UcvrNmZ8p2u+WeUga5tyJWU0myZ568cX9Ha7sdplnjlryjHHHJNKBCHb4RlcO1zNyYpFYHBgPKODYYTaYrMjVltnjA2K35zxwmvPPW6fxdX4OvBxY/xr+G7MKJ5lrdEojKjAiGOBumDS64PnJyyxL5mas8MssstpsNvrygS6fm6OL87YcZdcsO0jFvg65txMZU15457MvSMIwi6ps56mOZmPDjHl8qHwx5vg8S4SyEOUss6TDLIy1pbleo2w75pl61jqdWOKYuPSXGXfwR6d/1Aw6N1cYEIjCPKwzNjj4/I1flrM8fMR7gGOezHLdjzBx4Sr7Xa6fG8jE4x+DlErtzKGWO39f0/T9PY7Ma9LDHXhnlsdLmesstBifD912oxmyer6QbYco+F68U4Zeh1bhdbo8fljrBHThi5eA1h8V8PbuPxk5OSnwN0Dx5bwJcqBdsTx+ps9zHXnllt/T37VdWs19u5X2crmeTkwUWUseECpXFiVRLYRgRxxccsduO3NzOExccdQ7MIl8YR5Tw+LIza48vjyuPzXxUuC8S3hMjGYM2ajG6xxBydmtSVKPh+nmblkjxWVcIwhCBikoKOCQ+BZVx45a9kz1mv8/OWWxTXkZPw/CQinxsVhy6+QolkJbw6wLq+PSJkGWO7HNzdjs9RMEZdVy/tgbcspfaItW8JcqXx4S5UJVEXrAqp5JY81vo/jXaydmVRldvr8Ip1YcpFPgFjCPL+8Mjtkv6O5uxB5Zy7qU9WV8MDr8V8PHoSowXLBeV93ys4xhDmUqUdujikqpa2duXT2q6wlssjKymuHD+B8ZzaicIhLlMtOXx5TDhDl8Ix4jzzy3o1E0K3Ar5vhM5tgTKUy6q5cuEY8qUfBKrnpiQjBjLOCixhm7v3P8AR+xnfT5zGXyzhAG3iVKtPMpeYwlEXjLjGDH4tbHKE/P8fwdDp1YnwtwmybOVB4wOKwlR4t8rjGXXLqo8IQhElkOZTSHCV5qW9HPL9M9ijQLT8XVwGJKYcfhgXTCEq+VUXgUQiacSP8KyctiY63X4hGIQhFvrLZa1VXXWXE5ZBlnKZfAoMn/O5Fw+8g1mHnxniwbhGEGBxlpLlxK+GXwlcZcTtEOXk6X9L+GPKv1ynHbiMO3VIy3iJFPjKVGPSXbGWDCVPNxlTKUZmeGcOHK+mbZQo8fggEYdTryqj8kuHWPKQ48wcccteWrDHBIfVcc8tjmxlsuopLgL1jyocupf0RLlLxal4Y0RiBHjw4y8pkY6nBxyVIR5RLsgVcSX1iVV2FUnFjy6eHMDEYfAvKvlSvIRm3CqSMX1DhMpUvtku2MYvHiyouMuEQ4BswylfKQlSruUY548JcZTGOV8oThLYsSwvlcCocuVV4x1uBljtxy6xesrgs9OzZurrL4ReDCVKtgSyUExlxhy/hV168MK85a3W54ZrcZcOXDuWWWWGr83W4+jgXDj0EIS5dPwRiR4EJjGEUNePGMp1GGC8fk4y44msxiZa8tKGfpeCQh0j0lkrKW8uPbyycua8ccA7XDGvt+GX85GWOWpDL1B+KlyoK25HKpCXFyxomGvDGCNnzfEe0fD05UInnLX+WWs5dpGBdrL5UBeXxAMdeOOP9H5p7cPuvJFyjFqWInH5OsHiSpZnhn+hn6I8e1R8Xx7X8F95bM9pmkuzoQOjCVCMtinc8aQzMv017TYcZXK+Hli9eVHJzc3P9Mspd+YHwxBuPaBhyhOCp2ng47DJ+ruoyuPzeS5krzUCEV4tymPRo5Z1jx5bDlXlAMsEldI/SvyTZl67dBKFhy6Cu3UYGUvlw6cuUhMmYZ4JDpxeHK6QGbMvEtIyqjGVxlMY/VjBog2S4TzFjGIzSsuHTtw6PNjsySBGWS7IdeDZjcohDlUFQYJH5Ja81Svp6lxTu2eFeEO2i1LWVyowjHmTBqsusrlRJVetXBj8HAl9q84xl2RCMQlRau1rjGWEIcuLEYQ5ZwlTKYmrGklQ6Llfq7u1zmWXACjthVUkSExAhHhKoKe3wF4EZ51445evUFfV3//xAAnEQACAgIDAAICAwEBAQEAAAAAARARICEwQVExQAJhEiKRUIFgcf/aAAgBAgEDPwD6T4Ncz4r4XwPC+F41ix5vkcPlY8rjr/jbm8rLxf1r+jfLf39/Uf8AxXnf2NcLnfBXLeV//WL7dc75tfdr69x3/wBOvs+cD/5lctcl/Yrk3CZfwV8/9T3Ohtn7GnF4IVFY3G/sUKFFD5bNG87Kiixs2P0oaL+yx2OkfkmNfIq+S9i46mtFn+Y7OoaHhqF8D5Hwbw8GbGIv5EfktIZeTh4UJjN4NC8hNG1DsUbEzw3r7ncI7houLXDSLNHdl7n2KLRs1O5RXFWd5pjw0f6I/wDRM0fudQ3sfxZ+XoykeTZUJllzfUP8ShlCLdG/rtFF/Aj9Z2VGixFGo0UN9lTRdnZS3C+IT7izo8GOzZZ0a+rfJZuNRs0I0ancWbKUuaNH8hfMqH+LjX0/9R7KGbLhZ2WKdFRZQkJoYkorWDZ/HRfwUqF8iFYmI1rg1GuKnjcoudYWKdmixKL3Gi43Nz/bUuxwy+a86VmrNir9FR5neCNFRRcM/R+h3NwnNH9oT0dWUUUbo1nfLpGo0bw7x9HwJlrCosrHRspFH8i9DvcbNc3mVj+C4UawsUU8dxqGqHcNzRfzD7FcexuzR4M3s2O6R6aPfp/Me8Nzod4Xh4MfyNjbGdH8o3cfyilRZ/Yosd2bjXHrNFQy4rjcVOjqal0bN2V2en4voTih38m4UPoZSi+D3j2OdYVsrBlfMLPUVO49H8xuGzY+h2PoYrKQ2WV9PU/qO4qNzuLi2WdzuNReHZUdFRaNj/F0MZZoS0WxFfR0X8SuHfG4rDzL+LGJicoob0JP6GsN7FPmNTqLy7Ohzrh/wso0fuNXDZZZZZo1zo2WvqOdGuHY38Rs/Lpn5en5e5aNc+oTcbubHePWFTcLHU3NGp6OzvHyeima5bjUUd8bLnyEbOp7Ey8X0OKhY7w2UU+axmjZ4eHpcbm0NijYqw1RuGVwOj01KXB3hv6Gj+xeWjw1GpcbFw9T1lrZrLceyj0WPvBRo/tZ6WexUdYUWjR0MRudFTfc0NFRTH1Hk1xUfxUai4vh0b/WdjUWKVjeLouKHCysdF5d4WXGzw2aFmhG8tTWVIo6H1lo/wDSiy/nDubx0b1Dw0bFWCKN4eCsRThv4N1zv5y3PmF57sqbjYy/mGM1xsv4Pyeh2Poqdm5QuXdR3HfBWfZ7j/hsT4tFyhRR6f7h5N5KHPeFm8FWHY6FjuFHkO4vLReFrBFGryo1C7hDU9C+BmsO48KL3h5No2V2b4LZtD6PyXUXgstYWjU9Hh6OUU59zp47nR3Go6NYNmoZcq40Psf48OsEz8n6O6KjeFQpUVlcX8mhTQ5cdQh9R28HFuElK7Fx3FRvg3NbNYVDl3F/J5NY6j0txuEOXZXPeO/idT5FS25o3Hs3CNyzR1w6y2KFysqXHkUdSzUM1jc6w/UJxuKLw2bx8htmh2NCai+ZlR5jo3FF4+xo3NRSwrDX6H85qij0rChqL3w6wRbdHssVjP3jqUaKKcPvDesHgsPZRSLyTLGVrhvJCLUeDRsVCwaii5eCPTcdQzULCkaiy/kr6S4tFlYdTRTw94PJqf8AD06FHheyi/uoU/qdmsPDeeuDc6LQl9XfGyhY9KWuBRuxxQijUUUauL+RCPBr7VYWhw7KUvFy1FzuK2yzZUMdjGV8mo/lz+8dno3svDefhrC4uHNfB3OodHcey0KouFhrn3Q2aKKiuD3h2eD4dYaNRTNcfuPuCRYrt8SmhZ1jUPwdnsrhoTm+ejY6+B4UL4w8Gi57wt6lcHcWPDcb+vot8VlHUWVmjUqajU+nc6KNFzo1fLeOtFONyouHF4UU5ULo7nqNblGjesNHYo9lmufeGinfDqN8qjyXWV2OLip+S3/+lfSsplHUXPmFlSsHO8blz4ey80ilw//EAB0RAQADAQEBAQEBAAAAAAAAAAEAEBECIBIwAxP/2gAIAQMBAQIAzJnjMmVvnMzzv4ZW/jnnE/Ej53bZtblb73fTN87vgohWrWzV/DH0+9t9btttPgvINnohWYQ8MI2vkKfB5PbTTA9NNtbkLK2N5+WwY+8yNZevlvLK3N/AX8NrIF5ZGb6JnjfzPz28/HZnk8ntt/dj+m+N8b5LIVvh8b+GWTbysZvrPz3wTfwfLNysm7DwRtsPW7H8H89phZeXkPWH57GyiDb+OWeGHnPwYzS2thW2+DyEZmeQy8t87+DW3u0Qomwra1p/Ehe+dmeNrba3wQjNj4IvtN+c3zsytKzIUUflkyNYGfjvvdIHy8/OXjPms+c2i9rKyYVvlmkyI0zPRNKYTOefkNmYwDl5+A3cZ2FlHnPT4YwgExHlJj53IUEzmka0mdVpQxtaw8bW+G9prmARGmZuWRmzaJzzzCs2JvROSAMyuuUz0zJs2Z4L+WYV9FM+ejFtmUTlJjOhfofomETITWMY+H0HgIzb4JsWazMVmAcHEDOeepnERFevn53SfWnb0DRNj4Zul763xxBmZGYJGZjNJrfU4L7Scxr4OXg5+Zy/akVEb2ytrI+cIeVPI6hekJ3OYhCITlY032ZNn39j3+j7ITORm0zITEG9jW9TiaxehrQ89zoD5+fmPVZ5bymmmv5zpgbCMbJsa2YRWF6TohOTmmZOowgYnz0ZRe/geCcTQrUJp4Hq23phB1hXSTkYqMFomic9TrpWHnKyFHr+cZsaymZGup0EIDSYxfrdwnPcx5JjGCUKdt75HzmzII6VilEKzwOFYx5w5+Q+YwWDGPRM3mcjOoxhT+R6ysSYRYTaymlGBNBMjzX09dL1vDtE6VXaz3k2mdQrmlZkYDBoKXIRp8ZAzMZ9KKZGch0u3tvkmnkgTB0rIUM0i7GMzCtKHIoY8sJzMD5zrrYzbz1vogZMmsFmJNKRrCBjTFaYwmb1DmE56V7f69dcnXCL5yP47zFYCQpgkJla0wJjCKdFECFMJrejM5A6Jj6yibCbA8bsLIRorKQhfzu7u18zPlMzPn5OMi+d9F4TlnMCbNrYDFoCNbjMXUjRCZsIrHmZCYCfOfjnnlYQYMIUdVk2sCl6msJpRa55YRUFJ8vlrPDChhMrZsDUylfBGNZMpZmJqTMfKaz66rfxyuZutaxWZMKDl0SELyBNtmNFNbCmMaSnwetogfM+s85sGbk2M1jW60TNodKfO5kIwrN85RRCdO2qFC+lhAgpQlaOsGEec+lTRYJ4T4+Pj4+HnPKkIBCbNvc0iDBBgZnUK3MjTQTSm2DPn5GdQ6+zr7OuoTPGqIHLetYxoihlMbXIGR61CEKz6pjGYXgYzN3Zk2s+cOWgthGl1h4GJmwmgzdKRmTfnBIxXmCQd1/HYc7319HcwjNjeE2NPMRsIzdojFWyLeYRrepzNmTI+CfX0s5r58YeNjEshGZWCEYG4xojCZMJutfOI+HxkzAhDrdmJWQjGZjFjM86oFBn0rNazJu1k6GPONZk3xujynlmRjGbNmT5+YzdrAPGMAjNCblYHSv19tN7BCkOeeC2MxNbL6izaYeFSIXsYxmIG1pynUazfW1k5e3BjeRZnMIQCyZuHTN3JpNrabJnU6hN6jH0foTdXEogTGtroFpmaeA3aXM0JqM+eh56GNNMYe2FlaRabaKaIQIOaGTKCczZk2ZTM6fp7DGbTH8NmEORjFizMeVjDm1DK5mE1WLNrEYQg5tYL0cf5x/HMnM7FEfvRaYw9BGMzM6iQpA2LusQgvX2zcjR0sPJ5K3VoeUjAhBxhRSIWxZhGsmzJuKur73X8MKJszUi7qsTJ9bmZMIwilZNPBeKv17aPZBy99kFfo62NdRmZhMgszNCMTY0xmeNyb7LayNNMYVk2ZBZvK0szIMJoTY+NIrGiZMYUQ/HJrZexhQ885840m4k2bSwhPmEwtCZ8/BycgnrfLans5+eeOuOeMDVmTa1rYhOuYRsjMmlEYRg9Eys854PLQcsV65aRmszYwomk3y2VrErVgZ1y1tnlSN7YaeMUCM6ITIuY0mxEzYwtZgtsIwnYlZ+J5C2lyfTeEwrI1pbRBJgzFwjCaRQ1POzPOUk5iWCzcIRoSbhMYRrPDNtZ87WfmQ8b4Kzlp8LZEWEaIVm5RbMKwmJjSxc6jRCmzw+czk2YqkRc2FZN2FEKXWMG90jAmM3m+u2buFZeJ50ebYWQvCM2bkZrRM1WN4qs3SfWaUxmeQ2f//EACQRAAICAgIDAAMBAQEAAAAAAAABEBEgIUFRMDFAYGGRUHEC/9oACAEDAQM/AM1/pV8dfjS/LL+KvJfx846/xrl/ktfkF+C/8Svhr8Jv8Kv4b8df5LXnvxp+0b8TOPtqa+LcanRTlH7Kno9+S/Oo18SOijUbjRsWexv6lQoU0cZvJQ5QiotFDNzvC/OstiwcJQz2WVrw1OzqLm4SLnUWaheavMo6EW8NxZY4v2Jo3/0twp3UWU8nZyos0WfyH874EdlOKKlwzWobNRvZo2WVCNlwisqEvc8yr+js1g7c6HmzRuLOUa3GjhxThRZeHMUJs0vlbNSiizstY7h+sex3DrCo3gvRs5mzUaubH51g7w1DGKNFzbKmhQ40cjYzmNnMO4qLVRoVVgivlZoo3Dxo2WbhepWCQrlI7hw7jQqwc17+bc9F+yvUWajZrYp6NiOGI0Mcuh3eHYooZRqdQqi/lSlw4SUVDimclFep1hrFQxzRobLF0XCULz6y0alTxChKNyp6OyouEIVWzY1hscahlRqL+TZorUaNm51O8OY5O4Xs4hcR2dlIspC6hqext6i45EX89RybLEovGs6fh0W9RawbE4vCvnoeWyo6woo0VoqKwamnG6lqKNS41FfGrP5hcKLHKncuitYbKNjZ0P24/cMv0KsNY0U/j0by1lyhISjmP6ajuLKh1HJU9xY8UVs5HWzd/A89Fx1FjwsqesLjidlmseDco6K0UMtGiyvh3FYVFYcFIpw/UITwrG9YPLcbuNzWiy9/FqLRQzkvctwhDmhUcHZQ5WFG6LKc9ix1NwvY6pfDxg6OYQnFY840sLO5oo2anrG43FnM7+FYcY3O5/g5rLoorHU+ysep4Nl+4vz7NnGP8mskaxqdnRouOzUaNGsbpSo/WLNDmvG5Z1NmxD3Dizdjw1NlRWFnMLg1Fiw6HFeizccT1DoXic7txW8N4WXoRxg3KjnHsSQzc7Nyp3FRRud+C4UVR2VH7NGi/wDhcKbcbGaN5UbiijouLjRzOjR1FHY+cdzXga2yjofJfuOY34UaHwJjFjQ8VUPGsaLOTYvQjfnuNzyP3jeF+xlY6hxyISL1HUdlGhFDvLkvC0b+HmXDj1FQoZXs6lRs7js0czoU6ix84d56sfAhifkWChRvCjR3jcrgsvCivNsoctamh51ls/8AKNQrKYmLwIrGtSnHZo1Ti0a8lQzWvhVnEUixJzreFRxgrOyvPeisLNzx9FKL8HRcaEzWXUV4tllnE8ncWf2N/IvQqNZUKbNYJHMOitDi8Nxs2PmFCKKjk1o3CfqOsV5LQqwVCLnuHZcK44x2OVDh48YrJsRXls0fuHCvN5aw4PR1G42y42djlUWWULiFm0N+vNWFT3Nzc2ajk3ZcdjlehvDUamzuKL8L8deO9i8KjZYo5wubOcbHDfv/AAqKK0UPiOZ7hPY8a9DKjYorC/Cvss4xuaw3hs5HF4Mo3Tlw/DXy2VN1cv0cj9wvcWfsvcaOfDo0Kjo2UM7xr5n7EVqNYO+8GLiNQ8FHY4eN/wDDVzbLm/k4h8lGo1Q2o0a1hU6hnvNrZo6KjeW8OTj6Eo5NQ53lSnmOMt6izZUawqNGsLfx7P7j2VGiysLjc6wrC/UWt4d4diNG8V8WyihQ/Zss3LQyijuKN5ItUKNFFD48WxSljfnvK/Rs7Lz1FCeFGsNjNR3HReNx3F/Jo2cTUawaw5xqHCl1NOeJc1Gi/jVCivWNlS6Lip3O4c84WMQo78CU0xliWfZ//9k=');
INSERT INTO `photo` (`photo_id`, `base64`) VALUES
(2, 'data:image/jpeg;base64,/9j/4AAQSkZJRgABAQAAAQABAAD/2wCEAAkGBxMSEhUUExMWFhUWGR8aGRgYGBobIRkeIiIdHxsiGh8gHyggGiAlHyAfIjIhJSkrLy4uISAzODMtNygtLisBCgoKDg0OGxAQGy8mICU1Ky8tLTIwLS0rLy4tLy0tLS0tKy8tLy0vLTUtKy8tLS0tLy0tLSstLS0tKy0tLS0tLf/AABEIALcBEwMBIgACEQEDEQH/xAAcAAACAgMBAQAAAAAAAAAAAAAFBgMEAAIHAQj/xAA+EAACAQIEBAQEAwcDAwUBAAABAhEDIQAEEjEFIkFRBhNhcTKBkaFCscEHFCNS0eHwYnLxFUOCMzRTorKS/8QAGgEAAwEBAQEAAAAAAAAAAAAAAQIDBAAFBv/EADIRAAEDAgQCCAYDAQEAAAAAAAEAAhEDIQQSMUFR8BMiYXGBkaHBBRQysdHhFULxUnL/2gAMAwEAAhEDEQA/AOZPm31ag0Wi1gRN7CBv0jE+Uo+Y16ir6uHP/wCQfr0xSrsJF57/AOfTHuWqEHqJsR6euISdkhCJUs81O0q2nlBIsRPQggkdp7kRhk4RxEQtUo6abNVpqQInVDQZO5HsekA4D8N4StRZWpJLQVZbQNipmSTeRAiN8XhwFQ1VaVRlKlRFQhdUgmAQQW2OwO2CXt3Swr+aapnar1aSlqg06bH+ICIOm4vAJiL3vO9nN8XrimKFWnSQggmmylSdzPXsDO8nAfJVaiv5p2MBVDMQNMKCD/3DaNE9QScTcTrJVh3V1dgAhENqVTBqOBeRIF7naTAkOdpISQjh8ONVptWy1YuTfyjIaR01ggEXtYW9sTZHMlgadUsjBCOZTqYweU7wet+g3xHwbiFHy2Wn5hRryTp5h1/07xqke04s8SrIdFZCtUHlK7PO0kmOg6AGbe8XmdkyRM0ko2JeFodGN6y8h+eN+Fr/AAwfQY7ZWVfhCg0jIZhpMhd7A/8AOGzwi1OqtOkzD/3JJowIYACo2uRMalCgEmxcQZwB8MU20kKpY6GEAXupBP3xZ8I8PrtmB5aqpUB4qAwTcWEE/h98KXASZSkwuyUaVCmFC06dNZCBemokFbC0wJk3+H0wq+H+Jo2az2aqQdVbyKdptTF49DYz6jFirwOk6GrmQGqKCSVaoogTAU6osLbYUvAz5enR8yr5j1iSEogsC8wTpAIkbai1hE4PzAcCQmDxrCcHr1c24otSenSVQ9RDpc1Ax0gQCSEOlyRN4HQkGxxGtmBSUDK1Kg9gGUjlBVQCiraYmebbfGnDMjy6vPNKq7an8uHXsqAupJVVtuJMk7204/waq51LnalPUPhpo0NG5MVCZj5RiYqtLbwhnEKvlM3Ur1AjZarSpsp3tp0m8zHxXJP57414pl/LAmmyoSQWF/SWgnoAQe3QERjzh+Ur0SfPzFSsh/CyNAIi55r7YvmoQs6KNUEwBq+fyP5RjE6k2rUGU2QlrjpCG/uq5eCT8RAUTe4m0TvfoDEz6VMjTqViVhJBb1JiyAEgR0tMbyTsCvEKjNGsIoFxTLLfe8E36iBPXc4C5viIp1g9NENPRBKqYBFzA1XmwufvirKJBh9hzogRCv0cyyiTRYMhvLLuZ5ludUAHqJHUYtcArHdmDQrM/wCEi++qQSJtAECTgG/GatQ0wXVVmNbMALyYZjyhbbdo74cuDZGjSo+ajMwaedwxLA7EAzK7EdfnjYHPItYJsxK3zuRSro0oyAkEssLKggm28aTpn1A74IZ3iKU0C0lMWAMEAR1YxtHXritlOIk6qjqwBkR/Ko6RY3Oo/wBYxTzmZD6xJYNe56WkKJ9I98CpVgdXdFAvEubd2GszHMIEbdFtb1vtjajx6npFIgooEkTYQepmbnc22PzrccziJU5WB5Y06ZgnqNt7SI6R6FazWaYHzNOqTsSSBBgREdrEzOIZTOqJCM8HFOmCtNB5bEtzwTEtpYwI2AgmYBjucW6nCg9AtcoJJKzfrP8AqiYFxHfCd4SzJFapAHORJvyiTsAbySBfDtm89pWoiIkvy6VI5xIm6keoP8smMBzWh9ypxGqEZjiFFR5dRafYq0AKYCyCJIa+7W9owk8aplarAiL7bW6W6e2GqjkqJdnhBzGFLFgB8xLT03i8+oDjtQPWLiCCF2iLADYbe2BhmZKhjRBhBKCoMbcAzCLVcVFBR0KmYEAkXWfxDpjH2OJPC2Sp1cwVqKXXy3OkTLEAkCxB3jqMbqn0FOpFrjK1lejV811JMKp0p6TqlrwCdo69MUc3QqqxLCHa+6zeTO53/wA3xHUc032jSdp2O1p3IP3HzxnDqoNbXUl9yZJuek9YxzLCUFYdBN3APW4xmCWbphXZXKBgYIUKQD7h4xmJpZS7XysGwNxM7+h9CMYuVM36AEn0kD9cEaagtpDJyzdyRbY3NwYvAxeqZWn5YqKyQempiZXuD63+XvhjUhGUQ8P5EJDValNVZRvBsSAumfxbnrGkzg5xHKUahRlMsGs62ZRsSCRteYuLi20ITVBUYCoxAUwsCyyRP39cMeVFSlAYkqBDauxBiBAO46ehxF4IMkrkVzXEUoU6hlGSoxVpufwjV2LCQdv1wo5rPIeVa1V0E6B2MCJBJO/vHS2HXgnnATTy5ciBYXIMRaY6fb0xZoeUKcV+EO0/jAa5mTYHlvPz98CjXa1xB+/6XENjX0SvwnLs7tpXyle40yQv3mCLGDhx4PkcuBpqUjUZTP4gJ9LyPbvitxLi+VQ/wcr5RmWDI0gmT12Fzb+uAOf8UhrhVH4gQp3v01C3SJwK+arZhhcwgG/uhubsGHvj3hzxTX/aPyxUzeZkEm09P6Y0y2ZAp79PyxcDqp0zeDq6Un1VLLpYXJHbc9OuLP7PyozlYNU0hF/hnV/qY7zt64D8A4eM4yUnd1pkzUZLnTDfWTA677YIeDeFU14lWoDMFPKRlR/LkPBCww3FjPyxnLWEOvfguOUiDzwT9xmqwymYYH/tvI1hhJB9PWcAf2Vr5iVXEKyhEFplQDP1bf2HbHvFqNRMpXerWpkhmUKFgldelWFiIK332OPOB8IzDZfLNRqUIKAw9QgwZaLLYiZ33747D0mZCHHu4eigCQIT03DARJIk9rA4jqZZwJQmRsDcfWLe+Fmjls5Jk5QwYJ8+oYBMdtztfB7h+WzKssPQAI5gKjH/AGxIxN2Gm1o7CfwERMqdc0iDTmCUJ2ImD7EX+sYhzGWpE6qeZpQNxUCk7/zG43jDBXpBxFSmrL6wRPzwEzXAslVsUAI/kdlg+kGJxN2H6DR4APEke6106tQCBf1XPvEHEeJJWKNy5etVSnT0NMQYANjGrcgi+PfE2dKZuhQVY80hdLCQdTgENq25ZPbr7NnGPCdOr5KisEWi2pZMk+9hcdD0jA/iPhUNmkdswQVEIBDMbETYW3n2HfGg41jntbnFhftP+obGWqoVyZzAyppMChudKmQVtYTO8mRbDRmMsulaNI6KdMfIAX99Ra8z0HfAivw+oamtVp1SwkawAZ0qsbtJAUGDMfPEuioyqKoCuTqZVIOprggkC8LG/b6u+oC6Gg6DzUAVdzme8tYjSmwgkEewnm95wu5jiQKk0lflEAnVIPaxj5X9+0+detULl8uPLUQpJWTzXjVJJIG8f3gbSr66uqiDKAnm/wBhOiYtI6e+JPL3GwTEgKOjl2YU0NMsCQXYMklSdUNIBED73wB40lKlrC02VkY/EdQXTezTE91IMSPTG+aaqHVqdUu0liF/As/aReDjbiGczKA6Q4cNAAlr9SJ1bERHqO2ODXgogyl/heTYDW0oDMFhE2/DO56bYvZri/miWqAVifi1GPdgBAH9t4jG2Q4hUqDVVU1SZVtQGylRabdYtcTipmc2KXmN5Sg/DpZJH2Njtc7YplJN1wbmOVV+KZ9mOrWzaviB7ix9PUX29ZxGj6lmAO3t+uKaKGAnV3mJkdx85+mJ8uISPU74oBlMJRTLTdU8yLGMacIE1FBMSCOl5iwnqdsbZ1tIPriplCQysIBUyJGLOu1Eqxxfhz0WYsrCDBJBgHsD17jFPJEgzi54gz/mFYZjI1NO2o76RJgQBuZxXprCHefT9flhKc9HLl2y8r1V1GZB7QRHpjMUqmoEgRjzDZEEy8OyEy9VGEW0kka7WEyYN9r/AHwQp5vLhNHluIXmCEnf8R3XlvsIJPTBLOU6gqJW1aCAFVRc6Z2UbfpbA5FVc0zGHR9QYhBI2EFT8JDAD74i0dJOvn6JywjUEK/wPgmRaqisapJDaxVAUGw0hY3vI74eang/LEMwblbRCkgBYAliTPYGNiQJscJC5s1+anqQ7Sm67E2NyLA7jEvCKddmZWWKlFiW1TJiwKAiDqMC/WNrYHyr3DM7Mk6swupcP4NTSkutVDEDWQJkjr+t++JlydHTAFpmII+gm2FTh3ifMUVK5imIBERuZ3uN+39d8bZzxk6qWRDB/CV2N5/z29cYKmFqTZnoklqZc7RpjmcyR1lpH3jAutwzL1RrfUyxfmIt9MJNXxDVMF9e8yOg9haBv2xY4n4gzdaiU0EjuIWV7ADf1+XfETgcSXWZ6JC9qQc7w2oSQrDT03sOnriFOGVNOm0fPDfmeGOok2MCxG56gH+sY1PD72JKzuf1x6U4xouw+SmaxG4W/wCzzInzjTqNCMhBiZtBEYf8n4Qyauais5ZupifuMJXh4GjmKdQzpDQTbY2M3mIx1ai6gmdO8W3+ePMq9L0svbE8QQnpuz3KD8W8N5evTNOo9UpY6VfSJFhcL6zGK9PieTpa6GhNNFTqBSYQXIB3gA9JgemLfHc4vIVK6TKHmNuU6ST6H9cctzPmVuIA0TSVmOoa2GieouDImwEdsbsK6noNAnJOy6VlKvDszT1KlJgqlm5YdZJJJG/ST8u+LFOpkDVq1FK1Kx+KfwxCwoO22+ObVPBlVVLjNUlcSpRdYuSYUN1BgjYexvBPKeGtNMrUrhKkOWdHJNrQxIBRTqEiDMTIONRrUwqBlT/lPKVcoC6j4lqayCdyU1bMSNOkm1hyntjwcayaoadN15B3DzpidQFyQAJbpJOOa53wxmCgjM06hpqeWWtvyrKgmwPTe0AXwBzHCa9MFiV0qQpKuD8Skr1mDt9sc2pT1EJHdI3+q67nONUKlRXp1UKATIa8mRBQ7i2/ST2GAhzlJSnPpuCulwddiTIGwuNr3jHMlzrhYBi3QwTJ/XbEGXqtqEE2PTe2/wBO+ELGucXFIXu4LueQ4zRo6EFRjUrLKoVgsTJ1CFk7e2+MzPijLOqGUlnAXmgwSVDWmRINjHr2xzLhGRzOYIWnmETyi2kzzLq5TB06tMCLmB03wZ4Z4YoUEYVa7mq4AmmQACewIvuLn0MXxKpjaFLqnXhCqxlRwkBNtDjavXWggQsXggGdpO0QZgg9jPbFzP5aqwcVGp6TYjU23qALdAY7HCvw7heWyDiqzO9QsArMx5SbSNNpOoKSZ3O0nBrMeSHMpLkknVLX2ABvAv8ADIG2MFX4s0XYDG1tVdmHfuQivDqiZT+EiIEuQLmNVzpJMsJm3YAYYf3q3wgm3+fXCQMvQmWBpsp/nIgNb1+QH0wSyVbyVJuUUySYmCf0+w98I34zHHyCcYZ8pjp1VEkIJ3sBud/c2H0xFWFNvioo0Ruo/UYCVs/HVgWPKYAEnaRYzf7Y8ObZQZINtyQYtFuhFiZNx1tg/wA4QLg+if5Z3FFuQQvlIQBAASYW9o2A3t9scp/aggGbWFCgUV2Efifp/m2HihxkCQzCwJN9wIkiOgmL/lhF8a5gZ10rUCNK0hIblMyzAX3MH7HF8P8AFOmdDrDtU30S3vSBnhOB1OtoMxMdD1wRrnAqr1x7LRIUV7Uqa3Ldzi67QABN5mJ2t02MHAyi1xjoHA+F5WtlaVQ5gpXpMSyT+AMSdIgySIP1PTHPEBA6JFcrP9hjMN1fwvRqMzJWYKSYDpzD3gwffGYznE0gYJU8w4qejmSw0gqW1WMbbSD0i+56Tgfr01TcGeYEW0v6Tb0+mLj5FSrMhMhelrjvtM7E/wBMVuDcPaqzsNheVvY7+0Rv/Q410sMaVzGi4Yh9QFznEq14X4g2WzDECQdULff8PXfcXwap8RLO1QbvcxAmQs29CCZM/wDqGRgdSo80hTAExcdIO0k77euwF8bZzOeTVoo8+WwBYHcSYLDufqDGNLReZ0U3HORG4VzMcVLEi897kkWn2/LFWnm0MEWhtJm4nvM7HaOmGjiOeo0HoaKQJq1AGmSNNxKfymWv6TbFL91ytWtVFQcmrVCGLg27mysZ2HwrExjUK7hEc/dZhQBaSUE85f57+vf0HX098EctVBWCRO8zb/P87Ynz6ZVnhaMKtgNoMzPe46H9MVP3BBquR2F7Rb/J2xQvqEWCzZQDqtaualiCY3/WfznBjIcJV0BLkT6bmP8Am1t5wByXDJmKiyBN1JDbx9BHf9MM/DMutJNXmamuIaAWG+3Tra8DvgPrPA0TMYDqgeao6WYAz16bdP8ADGNabuhkE39v+fviXj9aoOcBoWOm4I+8G04g4VRr5ifLQyO7AT3gtFx198J842IcCO8Iii4nq3W2fyn7wssCYFiDH0vvfG3CP2f1Kmmqa6ogbby5kCCZlom5FwRtvg1wvhlZIL6ZmQNQIEgySPlFjir4tzGdWkarOAsc1JFYwCPiZgBYCG1E9h0OMeIqUyIDYW6jRrNEkGEWbwjlCGVMxVBeRuh5pEWgC0G29ziWp4RokMP3iruGElTzGJ6dRG+3rhHyvibNU6C+arvT1RDpCEH/AFCGkEEwJn8x2d8RVqjKyEIyzNRJUvMCTflFhC9PtjMzDipZrZTF5GqfqvhKhoZRmWGojyy0WcE3sASNhFrzhW4/4ar0S4p1jVDgBmPLNiWDS8n4QfWY3GFytmKr6WeozFdj177+5n54t1+LVXZmZjzdBYCABYbRbbr8zOn+LrxZkHvH5S9KQozw+jqE6mG7EHc9BGkQJjqetzIOJKVNEZmllUzKAgmLbNA0jclbzaTiHzhqJkx7DadvTtbEGbdnnmi0WGLfx+Ki7B6flHp3cAmCjmRTJakugxu5NwbdGBUHp736YlzmgouY59ckgN8JOqYU2Lxfb198LrFjBj5xuf8APyxMfOemyLPlqCdPQG9/89cZ63w6uSHCkO3TTnnVOMRtH+olwysBUV3rtCX0zAm0wHBsD3AIgdpwX4rx584qUMvFI3Y8yqJW4hgY+ftO1lI5Z+URPX+32ONKuVdQp0WMxGxMz8sY6/wtzqmcsII0sY8RvdH5h0RHennM8ab91JAVBTqaYYHmYESwIkNeBbe9wMV+FeLWqnQ5CsdyIAJEkC52IMRO8YUs3xWtUpJSI5EMC3y+l8D6ikWuZ9D3tjCPhDSwio2CSY9tdeKr828OBCdOOeIGpVStOsrgsGNpg2G8wZ742fxevkElteYYkEQYi4ETyi3Ub7YQPNP1/wCceCpvh/4ugWtDhp4T2HsS/NVA4kbp5yWfIC1KTVKtv424gm9oFr9LmF7YD1uNr5iuFhf+4BI1ncze/wBuvfA2mVWiCtVhWZiGpbcttJ+YJ37/AFMUeGZYZB3LB6rBGSCQVkwygE6ZkHcSwBAjcMKFNn1b20jz23t2Jg5ztNr8+6CcbzgqsaippWALAAE3uYEAkdMBKbDr88O3hoUqWTzFSuFqKXSKRBN1gk/EJJVyse+CtDheRoVjUop5xFE1CGIISb7bC3KLHbYTioqNpjI0G1vtv4quQu6xOt0hjw5mBpK0y4ZNZKg8o/1GIB62m2OlZLgGX0IlYH+GgQNTgamAEzbuCSf6zj3LcaosikyhqEwq6V0lZABCiObTNzO+AT+IlbTTDtTJbmJsFEGbGNRJJsTMnfGapUrVbRBGvP4TPo09zZM+bzih2inTW+ywB8vTGYRa3iLyzoCU3C21BVAP1Wfn1xmEOErTYnz/AGljD7+6uV6RV21BlVTE7jtc9D1+m2LfD8otMagxgrzRIvcqGHY7TtfEvGaG0klm+IC9hIWLD5yD8rDEfDqsIqSzdL3taQJsfS++PUfXL6YPPArzSYmP0rlBJMKRqJJBM6Yt0Gx2B9CN8CuOAu9NQFOld1ACkydrSB6/bfFlXbWxDhgCCRB5gLTBFiAI7j1xJ8REkWJg2v0sQYNv1xzauUEpmFrWzup62fWs1KmstoUgFxHZrwJgnSsfDvOJQpWs70zqBMiZJ3IM/wDkNAIBk/PFY+cZDLKHVe2lJUjTYSpAkSDa4HpLk6dSmjKSRpMRYkkExBsR0kN0kXti3Tsi3YrB1Lm6pZviwYaqVIn8LNNtfQAE2At0+m+BVLxBUE6lVReCPXpAO39t8b8R4Y5pl9TT5nlRpCz2MTseYTgOtJRuSL2JM+lh9d8bqGJo1T1dlraMK45WNGnOt9P2mLh3Ggh5pVhcnp6RP9MQ8Ez70XL+VVqUmPMvbrMqNwAb4F0HNMo4CkBgwLiebf6CPQWxNluKvQLGmAoncST/AFH98A1mmzIvx+3PaupnDgkMA60SDpr90T4tx2lmFpJTVqR2Zp1a5I0mItFzI++L/EfElQEZXKsoAZUSooYMYgEtHc7mJ69cLubqO8MzGUXSpuSF3AI+uLnDM2tEPFNGLfiNz8LLv2JMx3GJHFsyjjwuQPNUGNoUxDR6WCbsl4l1uMrpDVU5Kjv+IoIdgfw8wmD0wVr5nUNOZGkMpHl6lgifxQ1/TtGEStxKtzAQKjkFmFiYFlm1t7Ym4LxZ1qs1RP3gEBdBEkRJAWRAgwbYyOzPlwFvSyZmOY5NfHeF0s+KXlP5aKwnSusNFhpjblke/Q74o5HwNlyTOZbSNQA0QRpN9RNtrzA9JxBwvib5dnZqch9J/hsQqExykbGD9+uKuTzjPUCM9UM5nSGJIJ3A1TE3v7774VpOoMR2wle/Dv6zgfPyVXj/AIbq5YmSrqPxD1MRB6iRtNiMLytv6dT/AJtjq3DmpMGTNBqvKNNFf4kkdRO5IixPtjzifBsqUIp5cqrA/wAQ+WgUgi5GmbHp9xinzdVt85WJ9BhPUNkgUqKlfoRH9e2Ic7lwJgj9LfpvhsXwuyNCsGYGzhwBB3iL2Hcbjrga/DK1MAl6bAFuUyzNb2gKLXJBsY3xVvxTGGwIU3UHBRcPy40ooZmUMWPLHoRJ/DBJnocXacIzMsAsQt2JUdL6ZJ6nVtPTC9UqMQGLUwiPzMWRtJliQSoJZiD8C6jYYLKaZX4hzRMLBBBnmAaYmbGI/wBMYd2KrkfUVmIcCpq2TDllSJOxlthckT1vHzHriDieV0BaZFmBkzqKsBKaW6gruD3briyuh0bTqYb/ABKd40rIBE2MxsG3FsSpVAc6v4gJEzcAnYageljYbe04U4qsP7HzS3VB+FKDT0I0hpBDBtW5EyOvQkdMaZ3hYVurMWFj8RN9VugN73298XqeXUKysxkyTeQtwx+GTA3EH9RjSjSoioNWoeXH8QOF1aupO2oiR9sKcbWYC7MUzAXODRuhmb4VFMKIJ1AMQLjdQojf/CcSZfwlrVqhqItMSYadTab2AECVIMz36Xw0HiFGozqW8zSmsSVsQOQgjYe9+aeuKmSdv3aoa1VtTEEBBpAJ5SsHcT3P3x5TvjmIcBYC7dQDr4cNeC9NmC1vJjTTsVduDh8qz5lwrU4NkBJRRbSTcsVH/wCbWwm18rTLlaJZwY0HTBJ3NrxBt8sdQpZWnSyza21IoIMpqGoxA0gTYWt3PXAo5fLJWNamiUwiaVM6VZ4kFREkg2J67d8ZKHxuoDUgEiTlgANGkDSeFr2PiqVcMHZRod+NhdCct4OchXaoia5BBmzSwgxY9D039MRJ4fr0agRJDuGUtyhFFtOssD8R/CJMAnqMFMjWznnKjTWmkDIhYE31Wu023uRI64KcPzetBUPm0hSDMUqHqYMMDeQQSP74y4jH4xjjncDOw03jtVqWGo/UAfHmy5znuF6a/k03epWWNSrTMgwWaJuYER1N9rSMztGnqYCsNSlgwdShJBPwgTuR6br6x1rLVqTM50rSdTLOkAGdy0RBv1k+98DctwjLZcV0YgpAqB2DWsQpk2Jgm4tPtGKM+LO/uDIjhfjtppA1QGGYRb3t3Xv4wuf5PjK00VDQptHUgEn3xmCCeDazgNSpVnpm6t/BuPm4OMxudVwRJJcJ/wDX7UmtxAAA9ky8QqalcKZOtebY9SbHY3O9pke4+lLU2MFSCQWhmFjsSbahtbBbiN0M3kAjZSDJM+tpPWJEYXEzRIiQh1barGL7jc9iRe+2K0XSXAD/AFeUbqxlanMRYTuQT/m+/wA8XaFTSylhMGYbqLT7f53wJpsNQgyImYjpzA/lPp64v0dkEg221Rt0YmI7YZwSlM1C5KiFW52sSP5hsCJkbG0WnEOQzainUUGQAYJ6SVkg9pmx7jviPI1Q2rUAAFIkT2kkn2n5YrpSGloLVDJGgqQwI0/CBcg36fhvvjPQYZI7Tz+F2yC53N6ammSVgnYCNz03Mk39TgLljru4m0ET17/kcXuN1VgQCGmRFvcHrfFLJZWoyqQCWYEhTA5QJkd7X740NaWgnQ2XALVnimoPc/MY2p0XuyqzQAWj8IgCWsdpvi5wlTRbXURtSKdAJCgHbmPQc1/fpi0lKrlKrMyapRrqAy3ibkMDpJG3pfDPeCbf72J8u6B1MyAzAEjb8hifKoXYJZWc7tyiPXsPXB3hPDD+5y6nS7TBYCeisAVvabkwbdsbZPhdMaFq1fKK6ipJ1B+5TpA2MXubxiRqNAM93FEU1R0S/ltLFxDGnDFem3UyNrGDiThGWZZ1GGQ8sQodeq2E67TaAAMXstX5tKstZaiyYXTB/lBHQEkj1BxSy+eLKNOooihqikgSJE6d7XmN98O6o97colO2G2RA5jVRIasxLaWYCGUSDAHMSJ0genbvY/6xRgKmoBAx1WBNgLGOs9ZufbAylws+UWnQyFjpYCIF7bz0F+s4K8P4PpqVCyhgAFC7jVMzHSYBjpgtwL3WNglNYBVaGdKukoS4AGkBgSY5W3k++xxNl+JNJJLBSTAEmeYzabQbRecEtIFQSCCF0At0KkCx9Zv6DHtHLIgmBYAySTcEzE9yGP8Agxo+RLrZlPp1Q4dmhoKNrtqldZvO4O25+kRtjY6EMf8AQajuO/m3/wDq4b5YkSiFZDBDMJZSZkk9e1wDbvhq4R4kcaFqNUhReI2+JVHUm0X73jDUsM6nMlXp1wbFc14xl6tcgHItl1WYUazM+hAg26AYp0eFZ1GUU1qgDoyHTvvFpJvJN/XaO3VMwlRfMGWqVAwkSKY/NwJG2BgzSxzZHMBukGmB9q0YaVqLQbFc7yoo0BpqPUXXzMACVRiRIUFIANrkkzFrYhTij1naF1qZ1SFEKtxJIHaBtHTDXxyugscvXhujLSK/UVP74UsxbUq06yoJ5UAOkwd+ba/fHWKzvobhb5jNrQp6tRDECy3KiY5otF4ABmB6AYmyasWJgVS87GdQKsBCmzSTMb22xR4NmgTUlFKkAIKiBlUgGGI5SzEgALO56xhkemPiKtTqMVKMRUUBoH/b0k6SwMnYAz0xJ3VlQ6MzG6H0+DuEVgi03cNT30tYmxHvtBi19sURkK7nzDRqEU11MDyKNNiWmBNjbe5OGHIPVqVtFSmp8oM7uhUaWMr1gdJtiHxB4mc1KtJbzNMEwwIKkSBH4jFyTHboPI+bxD6mRjQTEkzoJtp2QtvRMaM2Y8PT8qDiPiVGARSVQj+IFAk7He0wJBFp6nF7xVmKZy5DLpdSvlqkAoXvzr+Ekdd5wMznDKVBsqGWdZYsSoI025SAeYi8WvgzUOUqJWzFQFleoFYhjfTOiZPKB6R+HGJ5pUzTfTa6JNxuZiPIHwgLUG1HB7XkT9le4Pl3WkCUHnJB0fCZjmkyQzEyR7iTilwOotV6z1mZqermptA0ddTmYII7Yr8K43Uq5mqqEmihUKyqABckDbboQew2jAjxbw2uEfNCrFN2IdQ2knnYINI+IaCDf1xmpYcmo6nUIa50Qe+8c3B4qtWs7KKgki/v73UWVzy/vzJTOparFAR3MGROwt+eJ+IZFq1Z6eWYmgQq1RMIpA0kDaWMTbc+mDVKll8rSWpoanWYKrOULSACxLDZCRv127Yu5CgjUaqqooCt/wCnqVSDKxq0rB9BJG2K1MWGnpGAxAAJ3g6xvG0dqQUSRlJvc2/PBW8p5aoAPMUDpJ74zA/M8GqhjZ6l/iDKs/ItNtvljMeWadNxnpNe1bJabkny/aWquTZa5p1EGvXy0wVlhAuDJ1CxMTeT7YCtw+pSLRTcalDBmESpm4vGx/4iMdG8R8PRK9LNISWNQJUtMSCqCAvKCbH5Yu8c8LnMKNSqG/8AkA5rXAUm8CTAAN9ovj7hreC8p2EMG9wuXK8NdR7XHS3WwgYJZYAhJNjIidj6mIn5xf6NniDwKlDKl6bVKtYdlFxIklfRQZM9cUfAfh5yUrVkBoyWVXUEvYadKkQQZifQehxz6exWQUHOdCGUKTIsiQdP4QHi15Ktax7jeb4prWIQuTUUwdWsgDTNri0i4IveMPXiLwM1SoKtE+WGhqhcK+kk7qrSLAxta3ckXs5wSn8WlWUpoqE7tIZSxXTci0SdiewwzWQE7sK4BcPr669YihSdlaO5N9mJJtNwPTFyjka/k0arJKPqCDckIJmO2kH/APlsPdDhdbWQ1Uip5ABqUwIYo7adzvJIgR8rYucP4VVhQrBTRqIUQkmFA/iGehZWK37/ADxRrW5cpSGmbWSzmRUy5C1KSN+80gsaQWBLRymLMV0zAvIxZzPB66igEpNLFUEtcuYqRUvC2Inpyn1w+8P4TR1A6NQpsTSLCdOqJidwNIAPpibL5VlqVD5nxOGEg3Hlqpi/LtPvPfEBQYTMlV6OpGiRH4HUpZc03LB/M0U21ahoiWVRvGoNAi9u+KicDqI75d4IQHy330oW3N9wFJjDln8vDLFSIqg3ANtyo7cwn5/W3WFJ2LEAEXYjlkDaSOwJ+uLsZSm4SDD1XSBtCShwAyKi1IYmldZhdKwYG8Ezf29cX8/lkpEjSE1ujWUdlAgdRA29Www1shRUDcLflnrOq28TcR6nEPGaIrq1GSCTyi3LFoAN5uf64u6owDqBEYCqQZQ/JVW5SaYglixIJ5BqiN7kETgjlMsmuoxmSysXvBMQIM3taL9PXFIVHy1OmjHUYhjMz/MPrOIMg2pPLVtn3gnTJ/uQNsA1SUaeEDXMzaGVZz61ANJYCXChlBNiL9N8R5wwGgAIFmRJmItHqJ774I5SkULg8wmxawmLwe0dY749p5CmiuQdWsCQYkLeAOsR9cMyvbrLq2AObqaJdXMq9UlUkhbiCAbFrjb8S/QYpZrPqjMVldBMGZDbCD9bYI5OqPNZaaAfEAANGoAjSwIEGBI67AdMAOO0Bl8xCFtDILHSYncDpMjcemBVrWtqsYouDc2yNeFeJqWenWedRLIwZrdSpmJ7/XbDRl6KzAqFfeROOTZmgp3Y7C0wZi5N5W82v74gp5Rm+A1D/tLfpOEYbXW5pzCV3PL5RhtVPy/4xYrcIqOILKQe6ifqMcLThFWZ15lT0gVPzkYtU8lViDnM6hPUGpHTfmB744lUAXS+K+Diw3XULjoPn6Y55Qz5y9RhxFqgqK4KpTCuXAH80NC9AJUEX3uI85w/MBeXiGbbtz1fy14CZjLOsmozu2wZ9RaOxJufnhDBCR9Ma7o1Q4rVaq9emuksCSLEiQReNoifeN8D3qSt7lTqB6mfiBPXuPnivls84Q0vL0rUuWOuWidPUAgXix6/K9wHhb5mulBDc+osttRAJGogX0zJjGakzK4jLGkdwUKgIgTyVtnOI1M1UCsqkMNKKvLoHQC8GO5nbGZKnXzTpT1HUosGMAew6EySe/XHVOC/s8pZeqGZ/N5PiZVs4YwVUzAhu/T1jEy8D/dHLgK5qandkpsG9Zl2i53kdoxlxZq4emejpyBppr3LTSpB7gXu4z7XXKOL0Tl88wDaAKimZgCSJLEWiJJ9zg544zilaVIhZlnYKbARpBgbTMj2xBxPhL16M0MrXK1HJpnQxm5szReZsSelz1wq53L1KdQJUDLUWVZTvO0evp9sFuG6V1Oq+xbO0See9IauQOYNDddK4n4jpIhojMBqnIQNOoxIJAPw6onrYxtOJMpxGmlN6tSosVKupS0ywKjSB2MKdp2xyutRenUGtGQmCNSlZHpO4wQrZ/M5gCkNVQUyGXSpJSwUfCLAD88YnfBGgBrTvc2nwt2K4x5MlwvsrvGvFOcFeqKdZwgchQpQgD0lTjML7uZPvjMeqzBYdrQMjfILIaziZn1X041emFlSo13ERc77bk2x5VzSwdJmbT6+p6YBcE41QGoO6k0nhTE6JBAAIvcA9B2wRUDOL/DfQob4hBLEWNpkfOJ9sX6TM2BrwXoBobUIdoN1dq8Ip1VeUU+YIaRMj/j62wLyuVHn+SpFNaQWIB+QU7C0740rjMLmFpUcwoWIvBIIEkEQYJFwJ6YlzfCKysopv5jM0vUe2na+87SIH2wM+bRuiFJ4kie4pgzdEOpp6oJHzjv/AHwDz3C6iE+SpYQIuLG4P+DAvi/AMylU5imdVQqV5WOrpESYi2wA364O8EWrTTy6rM773VgFkTDPENfthg4uMOEJWOLRr4e6Dv4TamKriqJaDpuAu5aDv1PTFXOZYghgV1L/ACnuLg7+h+mJP2gZqrl6CsWJBcEhTFpFid9z/bfBDwxlUrIarMGliNOkQCDe53m3t8sAME5WhOyA2+guheTJujNzyZ0mYAB6zAnG2ZyTu6qplVQmSYtftO5tbFzjXCawzVJsvT/hFGFSCBzfhJHUwWucXWpEytMEtCreBC/YRfp+mOLToVdtUm4SrmckgruryQqiqFZtyTAki0A4kzeVFPW1M30bk2JJ7bTEWt07zhhzvDFpy9TSxaFkCCR6ncX9YwGpZEVvMl2AkoNEGImbmZItb3vgZSEWkGXclV1JRR5oYGSSG09pXfbrt9emLS5T4GrLFwAWNwSZtBt0sf1xQ43mQ58oPDCqE63LEKJ6i5G04N8YpMqM0gkEE+gBsf8AO+GTE3ulPxLlas01pS81CSbAqJvLXAA9bR7HBakq0yEEawyhjvJAETFtjufTGuUpvYlgQdRgN69enXFSjm1bMLSckFASABvo7de32744XUywB0krzIZ0+ZUGockx2N4+2L9ak9S4YXQE9rzaetv074X/ABlmRQCtTFqpKkgqGuJvYzeTvb7YOkpSpGmrFnWmFM21W9PhNsFMDmJG6qcQzWktrhdCD8MldybjpEW74RuOZwM4KCVKLLegLfFI7kwIwe8Z5tBSJK/GALSNrXPUAXj09RhGoszAm5IIAgi/ax3vjjKwYp18gUqUGN5AncCfyO07xJw5+EOE1jSepEoSACSJMTMdxf6zgVwNgWVaq6QxgSIi9xe8R39sdKyGboqq0o5BYWt/fFGzKWAAgekjcEe+NwxGGGtQyx3dyN4kx8sDM3XpgwqtH+oflimYpcqHVa56qMZRp0mnzCV+pj6HEmbdWsCfptgPm6RF7EYVyKFeNCKtVAlWUo0wBPWSxiOkR9/XFHw1wKtnKiigCNLDVV6U77z36gC5IxBXV81nFoK+gFlpzuAzXmPnHyx3/IZFaawILsF1vpCl2ChdRA9tsSFOUlRuYheFaqwAQxIuxteN+u5x5w3L1lLtWqK0nlVQRoA6Tu07/X5S1qzICY1AdR0+XXAPjPiWpTqLTo5OvVqNuAjKoHWWIiY/wYaYK4wmTR2xCKayTpEncwJ9JPphM434xzFCnP7lmFJsNSwAfcSMNeVFRgA4CkAFtMkHf4TF9r9rd8BtTNshK8z+VpyKzorPTVgrETpBgtE7TpGKXCKuWSgrZcIKRUFSoiQbiep364341lsxUoOlGoEqEQGYRvuREwYsDBg9LYp+Gchl6NM06SldB0srsWKtuRfvMyLHfD3SnVFBUU30i/oMZizrx7hrooF4gy9J9E0ylGNRdFAgiAASPhETfG3B6/D8tqKVU1NzEs8m529LnbBDiVUCmaSCAwKbCADaY6i+FfL+GMpSbXVqOVDdSuk3G/4jft64yPoVG1OkaBfU8FR4dMhNHFxTq0BU1mF/iLoaJIB03HvhPp8czGmjWUtUrkhQkSTAPmDSBcWkj0nphr4zmddB0y4SpUKwqiLT1PYD+mIsjwGlSem5kuLgkwASIaB6+uJ1qVWpVaWGw1/HPugJzSES4Y1RhTq5iVq6SDTWNKyfmZgDqcXWZCwcwCARJ3i0/pik2dXzVUm7KTBHYxE9D/fGnEeF0K8KyAn5gmJi4vEnp3xtAABy6qmgVHxH4bbPEBqxp0hpKhQCSQwLTPeBG+CPBaTIaiNV82GlSfiCkCA3TcGIGAvi7jFbJUaSJfWwp+dpYilqYKCVE6jcAXue+CfCeA0qNR8wj1HeoqhmaozTGxA2Hy26RhWm5jxXBx0VytxILU8oXJjrETO/02x7xHMNQyzuACyLYSQD2kxPa8YSMjVehmfLzBZyS5LMwJiQQZBMESABawwb8Z5xf3SsCQQyFRf4uWTEXMC/sDiNOtmDi4xE+V/wnlsD1W/hLjX73QHnaPNEq46SCQTB222xNWQ0zdQoYl2IAiNvkdr453+y2kmZeolQNCHXAkc3LBkbQR8zOOleKmYUDtdgL/Yel/fDNc5zDOypQeCQNikLgvDsxUzlWsKypRWtquss8bixsIC3jqbb4K8bqHTmKehmZqZsCx1iGKhQPc7X29MaeHeF1aNIrU0mrVrO8zuZtuLC1vT6Yi4zwzNVcwqgK1JoU1AzDTp1M8heYbRq2kgYndamwGkndElJqZRZGkvRDaWGkrK+t1jtvbHKeD5t1zWkk6iGB7zuZ69D98drrBagbUxWTymdrAWv6neemErg/gvLUqlapX/jVPMdV52hUIkH4QQ4B3BMdMWY8NaQs1Si51VjxqJSX4wzhNBFERqNuo0jp/XqIwwPnCV1G3JJtPSduvW3tgT478P/ALsoAqM1FnLUlN9IIEgn3JEncAepwt0OK1Ye93UKSbkKJAC9vXA2QOJyPcXbwnHKZ+k9AswXnRpY31R2mSu8iLj5YUso6cogDqZ9J7jbbFNMw0adR0g2WTE+g6e2LOSYFlXcdRudtiIP3I9ztjgsdWvmIMaI++YBC6gsESIHTva39ceP52613HYeYT95/PA7K5nzGhaTI5gBp1aVAtoHKFnudu2GTJZYKNOuTHNG8xBvvP0OKNadk4fIuEMXNZ4fDXdo7hWj/wCuLX/XM2ollDnuylcHsvQjqZ9cSmkRioaeKE9iUG8V5n/4qf1bFV/EeYbejTjvJw1Zzw6lQFgdDHqNvmv9IwuZjw7UU7ofb+hwhJTABH/2VZjLipWp1QvnVfgqGJvOpVP4T1AG/wAsdQpZqp5a6xzrAcxAJAuV9Cb44/4Y4RpzeXNVVamKkEGImOW3WGg/LHa6uYAi++F21SP1UmWqkkiIFoJ6j07XtjdKu84gbML0ONFpkiZhiPcDBSyrFasBucaecOhsLWwp+KfDmZzAbyswAJkIQRP/AJA/S3acEPDGXzFOlGbZGqE203t0m3xRuR/yjXOJuIQzXhHFrAjfFPPPSpI9QgJaWYLf3MbmwH0xaUAm0WxQ49wWlmaTU6uvQ2+livttvfvbFNlxlU6dDMOA2pV1XAMkgdJItOMwqp+0enl/4NQNVakShqKRD6SQDvuQL+s4zE8zOKSQr/Hgcq4OWps7/EwJZho2tfob4FZbLZjiDHnWnSpAxA1EMwkcu5HrPp3w3+JeJpSyzuSBKkL3P63xT8HcRp1KNNVK6wsFQRPcT12wjmjP0ZNtY8v2quEGJ8FMuQy2XTzCACiiajTzRabbx6Yttx6g1PlqqCwOiZJB6coGo36AYg4nwGpmAwLKFjkWDBYEmWPQG0wCbYj4Lww5YUzmKdIVSxVXXoY2mLT0GFzPbUyNYA3j+l0mYAsjOSpBaADMWqUwNRgyx7ib3OA/HOLPTzFIUjzKJZZswJhgfWIIPeBO+L/EzVqDRTABJ0sZggEbjveMc9rOcvU0VJs5Mq19INvaCNsQ+I16jWBrBwM+w50RrVSBELqy56lUphyVZTDAkbHpboQcKfh3OtVq1aJq1AlyIKxJOqxILbN3jeNsL+VYZioEpGDVZipY2F23HtJGD2c8LLlKLVUr1NQ5nLRzQDpAHQSY62xGjiK1cioWw0TN9T+kgeTeLBXuJcMp06YFMAtzEmbtMsST12mThZqqnmF0WYYwB6iW+qsf8tj0cbqVKTgtqZx5az+GxMWGxi57Y28OZxBVFQqVZSkoBEWIaB7kfKMYcWKVV4eLCwPZJAnnipueHOtZacARshm2zApOuVqDRUYAlQwPxe39/bBrx3xqlXyxCMWVf4hYAx8PJExN2DfLDOM1TKMWZSpBmSCPUdvljn+bqDNJUCISajU1KqLhQwmAOmkHGzFPfhqTGNdmBgdsbmZVj1BCk4Bxw1v3bRpYICKloCwsWBhjzAiwMAzsMNfCc5qFSWEqeUaYj2+sfXHElFfKutZlNIm1NGBViB8epTBAkwZiZ9MPXhHjy/uo81+dzHMY6sYk3J6i+w+eNLCdZXoUKwqNLSL2TR4mz8eXDC5IjbqsT27/AOHAHO0aJqeYuYYVnHNRU2IWbqpMlvh2kfF6kAuO5185+75fLhmRWitVCM2g9NRAkCAWvvAvhx8P+GDl8s1JqqGpWJ1VNEkdNM2ZgBtcbt0OHBmUxqxAaNN1zLxjx5KuVWmpLMHkmD6i87mDvfrhVqHSQPQflg1xXhb5atUoVdJdIkrdSSAbSAdj1wEzt3J+X0tirP8AlebVe6q85tVmWQsdwPni+VFtOljAkFQYPXcXHr2xRogAdyft/XF3KZ402DGmHgdf6x/k4sAAiGAJj8PZNiTKHTHxdz6bYZaOUIFljC1kvGqLapTZQOu4/LB7KeNskf8Au6f9ysPvGHBhGFZakw6HG1G+PKnirJR/7imfn+kYFVPFGVBOmqI9mv8AbBzLoTCuVJ5Qb+uN6fByTJI9owFyfirKi/nJPrYj6/lgxV8WZKoL5ilI/wBa/wBcTdKYQhfiHh3lqXU7d/Ww/PGnAanEjQZjSVKSjUGqVH1HrIDFmj3I9MBPF3itwQKTIywGVviB9+hg3i/TFOtmxVWk7M5qct9R0hYAIIPXcWj54zvA/too1DBldG8OVsx5lQ1irGm2gqsi+8jvaN4wyniSA6Z0npPX2xyjhnEa9BC6OZ/EWvqAH4p9rdRgTxPOVK1QVHeWAsRaDe47b4EhrYapCou50K9txPoZ+mEfxR4hq5TOCTrp1KchNtOk/hI6kkzMzbaMc/yXH8yrIVqswpmQp2gxqBO5B+2KfGOLV6+a114BKlUA+FRuAv6zc4LXEsXF86LpeV8fU5JJKg9CDM22iRG/2xP4i8ZU3yjNRqoagjkYnbrAtJ6wbY5UryDjSq5gAGJ9YnbbApkttKBeTZOtL9ovKPOydKpUjmedOr1jSYtjMIFSoqki5jrjMVzuRkrvHj4F0p0qaanrMqkgaiEkE+w9cWOFeDcvlgHVS9ZJZXuGMiIIBg2tgYv/AFKlmopVVqUX+LzAoAI+ICBI9Pni94q8T1sqhcUgbAA6hGozsN2I3jDECc5FwtJiZTRlqmoA/LfY9QfUbYQ/2j+IvL0UEPMHV2P8oB5Qfc39hhL4d4qzpIpJWqMHkAFQSN9jHc4ceB+BvNXzc4tTzXk1Azjm/lJi469cRNU1eqweKUuzCGph8M8fp5pEUH+JEtY2732wK8Y+EAdWYV9LEjXqgIqgEszGJ6R7kYW1zbcLrmll6xdfjZDtPQH10xfGnjXxxUzNJKQQIjGWAMlo2HpcThKlUR0b7uSPcCCHaqv4Sy9Wq00eZkWYAFoPc9QYge+Dvi4cSOWHnBYJmKQJMDm5gNth6YJ/sx4DWoq1aoAFqSEQSCo1EkkHoTt6e+HvzRJUESsSOt9vridDCnISSQTtsuZS6q41w1Zy6EydVZkMbjlBkdRBn8sVqlR6NV9o06jqN4tt3M/acdVzHheg7hxqRtZc6DAMxII2vG+/rjlnivh1bLVv4iE0GkUyxAmDLLMzFjv0jvjJWwz2VDaWkeo07FF9ItEqxw3Orp0SSCwm5NwCGkG0GPsD1OJeGVxRqEKWAamDykgzAkA9Lz84wv8ADqtSmuogiZ0k9RaY+/1wW4dSZKyuxFk1+wm0+5g4w4gFs5jwjn7eSUFTeI88aVKolfUwBFNNUNUBKqGbWdyAbn8pwhU0ZgE1SpaVE2LfPbtg343zjVqtPzXg+VqgCLmWG1paxJ7nAHLVNLwG2blb1/vj2mUsoJB1WgAhuYJk8K8bfKCv5bJqfSSjahIWQYI36C0G5vht4p46TzUfTpppSLXWStSRywDflveNxfCLwjSTUkXVWb3Bv/gwRz9BHCCmAajyzc1lJJgtv2j3jExWOfLFhbnwVWYhzRbZLWbzD1qrGZqOxaWgG+2uTAMATeOmJ2r5gQraadNRcPTUg/USxPocD8xlijlWqKpm+5P0Ak4yjqkxUIn1P5f1xvDRMqeTNpC3rvrMhUX2Vh9pjEv7o6gOA8bzoJ9iLRGLvB+HGvVWkSSCSWPLZRudvl8xjqX/AExSojoIA9sMrAQFxx31yNKr/NAIJ/8AGYHyAxqvD0OwPudsdXzWTj40BHqAcUqnC8s3xUVnuLflGHyrpXNK3ByLgiO2KjZJpNsdLqeHcubDzF7Q39ZwMzXhZZkVG9JE/e2BBRJCS8vwxnbSIBOwJA+5thi8M+B2zNQK7EDqB+EXux/QfXFzL8FanJDAntt/WMb5Ximcy9QNTRVjeCDqHYyZI9AMRcKhdG3rz6qRLiYGnFMmc/Z6tPLlQA7KZAi3ymTq674XxRygy9TX5q5gTpAA09fSQMEvEPjbMVFhVNLUmmx2MjUQfWwHYHCfls8AwVjHQMe/ZsTxADG9VTq0iwSDPP3RvgznNFMpXqsqllA9V6gN0MWE+2LXi3gtPK1ClNiRJ0jfSAASCeplhHphbzzEEavUW3ERF/nv7Y3fPNVaXJYmTqO8mQfTcY6nlLNLqYymmZ12Ub5OooZwjaGGoEKSDBvfoAd/lhy8BZvLjL1alekPMsiswHMOhE9QWgkdNOLHBPF1Onk1oukxKkAHnBBPzN7/AN8KNdsw7OGRgUOooB8BJge1zH0xZrclxuqMAZlcbyiXAfCyZypXp0Kmk040l9mEkdB2GAvH+GDLZvyWqAhCIYfi1CflYfliLgT51sy3ku7MFZoBPwj074HcRapVkmS+wJ7i0fIYS0dqEMyg7q8aak2gj0v98eYI5Pw+7IpGY0gjYKbemPMdCnlHFdZ4bWqJTBrJFQGTBBsfXrijmadLiGe/d2M06CipUS41lvhv2EX7zjzGYu8zYre66dslkadNVFOmqhRCgAWB3g7494nm1pU2dpOlSdI6x0HadseYzAcYFkpXB89nGfNVnZChqMxCkhio/DJFja2IaS6xTY7UyxYe17fOMZjMeLXJDp50KxO1ldi/Zrxta+TVWL66PK5c6ieqmRa46DbbAnxf40h2oUKanVKtUbeR/KPTucZjMbsRVc2gXDWFoe4hoITFwbxAKtIWOsJLAxaBc45N474w+YzDuCWp0zCq22kaZMdJMeuMxmOc8vpCUKh6oVfN58+WgKyp2E/D0MW9hM4nGajWb6QBInpeB9MZjMeXkaAPD7hZ2iTBSvxzNvVqs7kEtEAbKAAoAnYAAf3N8UamUILTEqTPymYtjMZj22fSCt8QVaXMxqKsbqVbp3nFShnCj61mYgi3w2kfr7gHGYzApgSVJrQSVfOSAIIUFT8pBv7iRjc5CY5NIJgDVqj298eYzFHGFemJbddB8I8CZEFRSs1AOhPKNuu53PT6Yd8kmwZQD0gyD9rYzGYK4qfM5QEbYXc5woTbGYzDAwhCHPlypg4o1FvvjMZh5SELcUtQtggfDBRUrVoK7lQdwRy333sceYzCndB1gvGy+VqVjQp0lOYCF9LFwgEiCSN4k2G8b45z4iyNenmHRmTlII8tQouA1vxdepOMxmIOALZ7VF30Tzuq1YMEUtDAGCf698dNy3A8vU4dRKU/iBqKbSGdWiepiR9BjMZieDObNOxIRpNB1QDwNxdaBIdQymGuJuJBjtyk4buKZpaS5nMoAwJWZFx8B7XE39z74zGY2U/pV8K0FjSeMfb8pP8AB3iKnls3UVknUrlG6i+rT7EAex98BfE3ExWrrAhVWYAjnclqh9yTvjzGYB+lK5o+XzbzHoi/B+O0FooHpksJkz6mOnaMZjMZhZUxUgRAX//Z'),
(3, 'data:image/jpeg;base64,/9j/4AAQSkZJRgABAQAAAQABAAD/2wCEAAkGBwgHBgkIBwgKCgkLDRYPDQwMDRsUFRAWIB0iIiAdHx8kKDQsJCYxJx8fLT0tMTU3Ojo6Iys/RD84QzQ5OjcBCgoKDQwNGg8PGjclHyU3Nzc3Nzc3Nzc3Nzc3Nzc3Nzc3Nzc3Nzc3Nzc3Nzc3Nzc3Nzc3Nzc3Nzc3Nzc3Nzc3N//AABEIAJQAoQMBIgACEQEDEQH/xAAcAAABBQEBAQAAAAAAAAAAAAAGAAMEBQcBAgj/xAA+EAACAQMCAwUFBgQFBAMAAAABAgMABBEFIQYSMRNBUWFxFCIygZEVQlKhwdEHI2KxJFOS4fAWM3LxQ1ST/8QAGQEAAwEBAQAAAAAAAAAAAAAAAgMEAQUA/8QAKREAAwACAgEEAgEEAwAAAAAAAAECAxESITEEEyJBMlFhFWJx8BQzUv/aAAwDAQACEQMRAD8AhcE30ElrHbsy9tCCvIepGcgj/ndRuk6xsjkjYg48aw1XZSDGxBz8SnFWa6pqTQ4e7umiIxnmOCPWuZ6j0XO+SZ1o9QuPFo+lrHVLO7te2hnjKqMP7w90+fhWX8TW41TXbq906SEWxIAYtjnI6kUG2Fv2MQlvWbLD3YAcFh4t5VMnv5XURRYjjGwCjGBR5MzSSE48CTbLGR7G1H89+3kH3R0z6VGn1hiOW3hVBVZyb53PrXsKKQ6qvI9Skcmmupssbhgfw52qvkMoPvSSA+tWWBTM8YZMjqK8jWQOVjuWY/OuFNtyfrTmwrwzjxpiQvY2cjo7VxZJl3Erj514eTwrwJgDvRcTNlpp+qaxbuHtrtxjxO1E9nx/qNqAL+JZl/Eo3oaj5REuBgEZpqUhtj0pD+TDD6fjP7UthFpLqjkZcSHc+QqmfWLp3ltboBJBhh37eFAsg5JcoxXB2KnFT7bWn91NRXtU6c42ZfnRe0hmPKp6DPQOGpddmmmkl7C2j2LqMl2+dRuMeGZOH4kuYLlprV25GDDdT3dOtP8AD3Fa6BFKxja70+T3uaP40bzHhVZxTxlNxW0GnafaOkJkBCkgu7dw9KJTX++Bd5LeT+BrRb2dLcwA8y83wHpv4UbaHZW6yyM+e3KjB/uBVLpnB00Khri7VZOpVEyAfU1M1H2vTowZERk6CVM7n96ReqrUju9BH7MfwH6Cu0Bfak3+a9Kg9ijOZdce8MaNFo8t7FbR2k0OGzEAOYZ3BA65oZaeC2tFlHKUYZiU7j19BVO2r6jrrhdWvJZLeL33GQq/QY3NQr68a4bK4UYwqjoq9wqpY6lapk+KtSTBdtd3e52zuc9asUG1UNk/JIvhmruN9t6GkMlj+Nqadwmc1xpcCoU8vNk56UJpNSRWHUg+FNyyqMhSxb8PIf0q84Z4ajvRHcaix5X3WMbbedGb6da2MHYabbxpK3VyueQefnWpbBdfRjz2uoysWjtZ+Xx7MimZdO1MR87xci/1SIP1rXI+G7m7m5rh2xjPK2+P6m8/IVWajwi81tc3USdoRlYjJ73O3TJ/pHXA8PWmS6+zHw/ZlDRyh+Uyx83TAkBqWdJ1GOMSzW+Yj98SLt+dX0vBTW2o3aXpIgsrZZJiT0Zs4UnvbG+3eR3VX8L6pqVjOix/4vT3bleP41APdg7rt49ab2ltAdbIwnltolE6sEzhWI2Pzpt7xT8O9aJqPCEFxZHUtDyolj5pLfqhH/j3+lZtq9j7K7EQ9kQffTuXPePI/lQRxbNexZJ3rywBG9RYpPOpGeYU1oHZ6sr+SwmGBzRHYqdwQeu1aTwNY6cb4XFskZURFlHU8x2/esvkXO2KsuG9cutJu0eJ9gd1J7qTmxup1IcV32bmQBIwHTNRtRgSe1kQrkMpzUXT9Ut762S5jlQBxuGbBB765qWpwQWsiLKHlYcqhTnHzqGE09FT8Ab7OfwilUvLeVKq9MSA8iex2qWx+N/5kp8DjZfp/eoOSSWPfXrUbwyzZPxOSx8t6Y5xmnPbe2I8dIkK/Kc1dWDNcphOo657qHWfAyKv7Vuxs4+y2LDJNKyvSDjySpraUAhSrHwBq10vh147L7T1X+XFzARxEbv3/Tbp313hW2E863V8QsCnI5ujfvRtd2p166g3MOnwfeO3P6fSkw9vTGPoi8L2F9qDmfl5EJ5Qc7KPAem1HEempGVRV3XvO/z9actDBZ2scUKKiKuyjuprUdZs9OtWlnlVc9PEnyqyImF2yS8lZK+KHZo1AFtDs8nUjqB3mnblY7W192MMFwEjHeeiiqzSbsJaNqV+RC1wPcRj8MY/fr9Kh6lrguDAlqcyTZ7PHcve302+dE7mVt+QFjqq0ip4h0eK7sW00yPIZ3M15Ih5TK567+GPdA7htQf9gDhzVLa/06M+zk9ncRZyGXuPqP8AnhWkxQ5UE7nvzULU7USQuhHUbeR7qmqq8l2OZS4sk6XBDFAstkQ1rcL2sePuk9R/zzoM480GOTkdQexnJT3RvG3UY+h278Y/DVxwtqns8lxYT4VObtEz9wk+8PrvVrrtrDe2NzZzbo6cwwcY8wfzo1S8inLmtM+dr60n068e2uBiRMbjowPQjxBFe43yBRfxHpjXcPY3jEXkCF4Lnl2mQfEG8xkk/M/ioHSQq2GGCO6nrtbFvp6JbmorsUkDAZwenjT+c01KvfXggq0XU3hsLhVOSBzgHfm2/apug3bXt5Etw/MCRsTsKHNBnUqqydx5T5jP7GpaLJp13IhJyjdR4dx/tSlK219jnT0maV2cP+Uv0FKgj7euP81/9RpUPtV+zfcQETP/ADB6D96Xa02/xHPXCnevGao0SbHjLtRBoV9FcIkErhSu2W6EUMANI4RQST0Ap2zVhdLGcgq/vjw8aDJiVyzYtqjXbO49njT2WzSaY7KWGQPlV5ZtdWqHU+ILsFV2gs42HvN59w/Tvqh0zV+bTP5tk9rBAg7SfICtt08cnwoX1bi2C4mEjJJKgU9jF8CDfAG3d3nxqTHia/krtr/AbavxlcdkGjKqXyF6+95/+IwfXrt0qttLu7uAt81rNql028MUjBUx+I5O4/v6UHGW6kLXlxEXUgemPw+Q2/SpGn65r2qX/segQTyykZbsUDNjx8FHrTFDp9BfDHPfRe6rrWr6gyNe9pCWYq4EmeRU5SxGPUD50Z8Kql0jamWXLjkhjHSNB0HrQBrB17huztW1WxEee0k7OV0JK8yjuOQenQHzxijLhO99oVUhTCTKJF2wd69kly+0eipufiw3V0VeZmCgDJJ6AUJatx1oEUhgtDc6jN+CyhMn51P16eK3spLa+UlJlIdOYrle/cbgUG/9QS6RaySaDonLZwAtI0Nu+EHUliqHl2394itn5da2LcqVy3omrqVrqM/IbO+02+ZG7OK9hMZlGNwO4+NO6VxAbrTozK5MtuzRSZO5xVRZ8cWuuqLe9iVGVwyknIVs+6VPj0qhsrhoda1KHOQZuZfPIoKlp+NDJ1S/Yf3mmrqOn+0WzCTlPMMfFGw6EH/nh0rIOINPFlddpCgWGRiOQA/y3HVfToR5HHdR7wVryiL2Zp4+cDBBbDj5feHmNx4VE4405JkllSNk7UcwA6My9GVuh2yDjfDbjanY3rpk9rZn0b91KY5xTKNjBrrvkU7QtMnaOx7blBx7w/saLNQsWnW2niVpTPEo5VQluYL5elBNk/Zy8/4WU/3rbf4Z3Ed3YyR8ii5i5c778pXIP1zU+enHyQ2KXtvZn32Re/8A0rr/APBv2rlbx2MnlSqf/mX+hXJ/o+XplDHcd2KhSHlNXfEFkLTUpOyTlt5jzRjOeXy+VU06HBGDzA4xXRkCjhVuyE0ZIwcNjuPcatdCnlvNRQSxxTdmuS7qeYAd2QQT3dc1ViC8gUymOSJSMZf3cj0PWtJ4L4Vktbe2ub5Qsl9hzkY5Ix0HqTv6CvZaUyewrd7JJ0XUtajzI7rAuFzjGAfuoBsCemfPyoN1vSUieea2XNtBOttG4+FnHxY8u6ts1FJZ4o9P04rbysn/AHcDFrH0aQ/1EfCKFP4i21hZaTo9jYJ2NhBIXUtkmUKOd2Pedgd+8sKTiTQ+7VPwXWhaJay6bE3Irq6gkHvGKZuOB4Ybv27RprjTboKR2trIRn5VL4Du+34e05nO5gTP0o1jVOUHrSph76Y7Lk15WwQn0GXWoI7fiV21KCM+60g7N/qmM9B1qfp+mQ2l7A1tEIYbeIRRxgk4UZx19auLuZYozgfKosTqLgdtIABud+gra342AvDaQxq2nxX94y3K86sgwAcYwQcZ7s4/9VBub+4sdDl0SHTJBGYWhSRG5AAQRkEDY/KrS/nh9pja2cOOp+VTowk6DIrVVJviwKUtLkjFrLgGWa5W8uI2gSMBiCxZ5nySWY4GN+4UP3d2tnr2qPJ7vZQlUH9WML+ZFfQGqxJBakgDevm/iVl1Hi/URCRyGV1XHQ8ikf3WjhVVvkbVzGNcF9nbW1kuJhE3uTOO0tZR0Y/h/wCd9SrfiLUbGN7O7ZpYXJBWTco/Tfx+dPcMzrY3MdhrEfPZTYKMdjEx6MD1A8flVn/EzQxp89pfxjMc/uO/czgZGfPG9H5emA29bAVzmRyowpY4HgO6ugHvFe0605kY3+dG2KSPEJwCB8TOBjyA/wB61Ph6JrSGDsHZZHUczIcEnwoF4W0r7V1q0teU8pbLkeHU/kK2uw4ftLYxG1LB4SCA5zzYPSpPUWt8SrCtS2zx7Jq34rj/AFn967RT7UP8qSu0rSM9x/owzVrSO8tjDN7pG6ue40HXdvPaOe0yHXbmXf8AOtPvbBJLV9sFVJU0LanYC6h5C5jk+7IPXp6Veny7RO1x6ZUcDaF9t8QRpcD/AAsB7a4PiB0X1Jx+dapPq8l3qzW2lwiSaP8AlR5GyDvJ8AKquGdNXh3gue4ZB7XcNztjff4UX88+pqw7OHhfhW8EzEX88PPNg++M9VB8e71OaRkbutDcaUosbN7e4Mkl3eJDo1s+bqcnla+mXqB/Qp28z8zQ7/EMTaraXWsuhhsYrJ4raNhj4iuNvQfLIr3/AA64en4knXUdTBNlAw7OLopI6Ko/CBgf7k09/HHUl+zYdOgH8oSAMRsGI3A9NvyHhTIl9A29Nob/AIdXDNwrZOCcpzJ9GP6Yo8s7t2AyazH+E14H0q4tG+KOXmx5GtHiXA261PfVsqXyhbLN0juIykuSD4HFDl1whALmS/guZmvCMCaQkkDw22x8ql3M2vxqTp9rp8w7u2mZGHyCkH61XRXvFbNkezswO6xzYPpgrit6+z0TX0z3ZcLSx6jFfS38p5UAKHOPlvj8qJe07DfO1DR1XiS1Ki6s452PRVlUk/IYqxhu7u6RvarGS0I6K7q2foa9tJdHrmm9vRG4l1gw6Zd3DZ5LeF5DjyXNYDoOf+odPNwf+/MvMT38+361p38UtQWx4da25sS38gjA7+QYLH+w+dAt3ok9vYWt/F77WmHyP/kiB5gw9N8+W/dT8P49/ZPmW6SX0E/FGmxQtp0fL7/IVfyVc/7Vb3kb3fCl1o+qYcCPtbO4Pdj7p81P5HyNTNKtYuJrC2u4pFea3yrodjg9dvGrv7LN7pF3YhUMzZaLf4W7v2+ZpU8kwm5fk+eyTyIcYJGTTtuhlOT8I6+vcKdvbC9s5UhuIJIZQoXlkHKSRscdxHmKKeHeG5r3leRVNvFu7Y3Y+Ap91MrsTEumGP8AC7QjBaPqUkfvTjkhPivefmf7VoHsEikNkL86Y4X1GC4sVTlWLsAsYHcBjarC+vIIEYlwx7gK5uTt7HcrT4pDPYTf5g+tdqr+1z+GlQc0M4ZATmmXsHVuhGBVJNBH3LR9JoPJDy9mT35xVLdaKxkCxqeYnGK7XsvGQPN7jHtJgeYWMZI7GBxI4PRm+6Plgn5ChK9mk1/iJLEPhZ5TzMe5c4B+n9xR2irb2LLG2Sqsc+J5cfrQvw3YJBxLdScnNJFA2GP3c4Xb1zUOR/Mtx/i2H809voXDUFtp68itiCDx8M+vU1kHHGqR8Q2s88B/w9jdLbxf1Yjclvmc/QUcfxJu/Z7CGzgJPZWrAsDuC2B9cZ+tZbBH2PDmpsx2a5hCeBYJL+n96aq7Fzj+O/2ReEdcbh/VluWBNvJ7sqjqBnqPStx029gu4I5reRXjdcqynIIrBo7MPYB8Zblb9T+lEXAF7c29vOsUhZEf4G3UZ8PChzJUuS+huFPahm2xDtFwGqDfaPeysHiUMc7NzYIHrVPp/E0AIW6PYyf1dD86v11+35Ryzx9O80pcWuxjnJD+I3YaZcW4LTKq95wck/OvOpXKxxEu2AOpzTd7xLZRREz3MfTZV3Y+gFZvx/rN3f6NOYi0Fs2By/eZc4wa8km1J7V6d0vAIcb67/1DrpaJibWD+VB5jO7fM/pR1/DGWLW9Lm0S6bmls25oj95V8R4juI+XfWSKeVlYD4TnFXXDeqXena/Fqdm3ZypLkjuYE/CfI1dcrjr9HPi6dN/s1y10OLSdc+ymPYTsnbafcrsXXO6E9+CcYPdjrvRZYgvH24XkmiPLKpGMHxx4Gh/iS9h1/Rra9snMV7p88dzGD3IwIPyxnPpU/TNWUTp7UpUuvZyjyPUfI7ipqpcuhymnJE1vhTT9YupbuQ9jbO4lljXbLjYnybzHdUe/ltrMiPT4+SFV5EXG2PGrOUz20lzaHD+97r9zKRVRdW90ylYIDPtsq9frRVj5zsyLc3oY0vVUsLxobhgkMwHvnorDpVrPIzPtk7bYOQazji+XXIbZkbSpbaA7NORzH0yOlCsZ1aFBbRT3kMLdUEjKuPQGkr0nud70UX6lQ+pNx528BSrFvs64/wAyT/UaVF/T/wC4V/UF/wCT6zdFxjA+lDGuiOOZuzPKSMHFEckmxNB+vyEljneuvx3L2cpV2RILZ3jLM/utkKuKbsdMFvd3c52MvKo9Axb9qj22qiGELIuSDtvTr6kJACDg1zbns6MN60etRsEvbq4MwBRmTBI6qBQ9fcIC408RQmNSJHlaI7KebAx9B18zV2L7JxmnUuhnJPXrSPb09jVb8ABecIXFkgS1ftEJHuud08fUVL0LhxdG7VfaO27bc4GApB6D8qMpY0m/mcwCD86hAxNeG1TGRAJMePvEH9Kxt6aKJfaoqp7MSDcVCbSIi2eTHpRC0bElcUmgWKMyTMqKO9jilJP6KHk0UttpMSNnkFVPGsYa1h06Mg3NyRyoMZCjcnz6dO+rvUdchtf5FiPaLt1jeGEDDTK7hcxg/GcZOB4VTzqy20l3LJ7Q94wEBCCUTjLDE1u4911DDdSADt3VRhxPaqiXN6h0nEdtgJqGlmCSRIVZiuzJghwe/wB0gHAwd9xv1rmmoZuzghX4WyxI6mtKsdMg0PSOe7BknYBpeXLBR4AZOBvUWxsNLa/AjSG1kL8/aPkC4TY+6CfdPl+9UunaekSTM46W32XNtay27QcmztbAEehzj9KvNcshBdWxjGzHsz/44OD8sAZ86bhga6tnurdlyg656d+K7d6kuoQ25ZCoUhgwPeD/AOqlnG2OrJ4JasZWiR23wArGiBoUggEMI9T3ms7XUJor6PtG2VsjzFaRaOlxGsqHmRxzA0+/xUiI88itS1zIS6c2R8J7/WhzVNCgjNypjAjI5l8RR52OQenrQ7eobu9IDHlG21Lwelby7CzZ1wYA/Y39JpUffZY8DSrsewcz3AlZmKnJoY1pGy/U56AUWhNqg3VnGZFd1DDPfW0/i9GT5M1u7URtzzM2fwqcAV0os0QMLOjdwJyDRBrduA5wuwoemjMbc0fpjwrgZqrkd/DEuCuS8kiuTHLlWBwQatIrzmxg791MXOkTXN2kjlEZ0UBeXJJoq0nQrfT41uLkiWdRze8NlNOxp5ET5WsbInsNybD2lwsUSJzMXO/0odvtans7z2Cy05by45DJy4PaAEYyCueXxwRvir3irUGEttYwSoFMolnaSTlViFyqFsHGxyNuuKc4c0aG0WW/WJvaLyQyu7nLcpOy9BsBgUVJY/B6OWTz4AGfVuISrK1pLC7q68wSQ8pJXlOMfdHN4538q8WVrxPdiISRXC4k7USN7pQlCpUFjnA8NxuTWtNZhzkgV69kRUZmOAoJJPQCgV19IZqftgFp/D1pp9j7RqcUAjiSMlAQAZFyAQzbjJPQEDpXmCzuGu49Z1C0c4GLeE45oI8dw/TwojWaK+cX0sTx6XG4EDMSBLuPeKkDv6dah6jaPrF60cUX+GZVeS4Y5KLk+6vmRjPrTonfdCcmRLqSHcGK+zBZyo9xzgOZELBVJzgjvNXcGiRmeG4lhN1cIuBLMgwB4KvQD0qZpNvBAywW1ukdvEPdHLufM1ays0ZVs9ehpjJtka30KyY9rHF7HP3vbnsww8GA2PzFM6pocscbSJyyxk8xcIA2fMDb54FTROw5WTc94qRBdyLIVIzG3QHuH615aRj2wKm0v2ieJM4C7s2Ogow4fjEERSJcRDx3yaZvraIK89uPiIJCipOkSD2dN+mQfrQ5H2Nxr4l2IVlXDKCp7vGq+601Ldw8Qwp/KrWA5X5V5u/+0AepIqvB0yTIVPZ0qlcldqzkTaJYAxUW+UdkfIE0qVIGLyDWqgPHzN1K1RW0atcHmGcAketdpVxvUL5Hb9M/iStEHa6pNK+7RZK+AxV4WywQgYZ1z55pUqf6f8CX1P8A2A5bxi5juJHZ1aS9Ak5HIDAsw5T5YRfpROACqmlSpeT8h2P8B5gBjFV+tsfskxgsomkVHKsVPLnfBG4pUq9JlAxe3ct1cavbFuzg01xFbRxnAUKmQfM576d4OvJLrSeaRUyzHOB5f7V2lT58CL8hbYQpHZAqNyuST1qMzEybn4FyKVKjYsfRRgP3025PZnBOVOR5HNKlQmnuRjvv8fKW86cto1iveRBhWySPMHGaVKt0mjyemW0bspkwdl6CmxK0i87Hc0qVV4ktE2V9nMmu0qVPEH//2Q=='),
(4, 'data:image/jpeg;base64,/9j/4AAQSkZJRgABAQAAAQABAAD/2wCEAAkGBwgHBgkIBwgKCgkLDRYPDQwMDRsUFRAWIB0iIiAdHx8kKDQsJCYxJx8fLT0tMTU3Ojo6Iys/RD84QzQ5OjcBCgoKDQwNGg8PGjclHyU3Nzc3Nzc3Nzc3Nzc3Nzc3Nzc3Nzc3Nzc3Nzc3Nzc3Nzc3Nzc3Nzc3Nzc3Nzc3Nzc3N//AABEIAJQAwQMBIgACEQEDEQH/xAAaAAACAwEBAAAAAAAAAAAAAAAEBQADBgIB/8QARRAAAgEDAgQDBAYHBAkFAAAAAQIDAAQREiEFEzFBIlFhFHGBkSMyobHB0QYVQlKSk/AkM1ThFlNVYmOCotLxQ3KUssL/xAAaAQACAwEBAAAAAAAAAAAAAAACAwABBAUG/8QALREAAgIBBAEDAgQHAAAAAAAAAAECEQMEEiExEyJBUQVhFDKh8CNScYGR0fH/2gAMAwEAAhEDEQA/AMrE4hIQNmWU4ynhIHc1fJKRIEjLmXGpsNjOfPO3alyvd3PNmV9I0gbjLhfIDtt/Qom2lMTloIXVRgr4cM+R16b/AI1j8asVQxlgkeJJZ3XSMaYEOcntudv670LNwzEvOFzIgkOoggeFB1HX7PvphbwsLZ572QAopY6jsufPfHxoaOyn4gxlUtbJK4KBl3CjuR2z5VI8JkoKPDWujFLM0sYAChBhV0r2x6/hWn4O80vs0USqIo8jLDC9sAeeN6XwWUkyyLM4ZlGZDnAHninWlYbOJYSqSRkCNeoQeo671p02T1GXUwtDSOGK7O66vFsTRjcOnuYnW3kjRtOFdgcA/jQ/DLMoqiV5JtZ1eLGN/Sn8SlkaIDTjYdq3zyNdCsGG3cgbh62XC0jtI1wN8uPv+JplGgwWByp6UjmSVbk6mRsbBc9q9LXEACwK5wwxlthWF5akdBR4GzyRbrrQt5E0I0TSR5JGVOMDvQ0VtO767kxlty2lepztRSpCviddTqdjk4+VMjkoGeHeuTyGGRsctST2JoiSEwIhk3OTsKhvOZhYwN/3dqFuJZFhIEwBYjdzvQ5M0q4Ji0yh2dXDuRrhd0djgrjOcA0uvZgfZo7mXGltepYzpJHnv76LaUrA2qQHXt4XJ+O1BSNCkWZYMhtg6oSWPn6/GlLqxr+wHbw291Pzb1meMYEbEkaGI8Qx8fh09aOs7T2S2DuDy9T6FYY0r2+zvS+bXHALmz5EZOGSNl2l2Pl0PTr5VVdX7XWbdI2bw83WGKnTgbn5miTbC2yl2A8B4aJJpJWkwiykB4yy8wZ3Hfb175Nc8W9muOIC1xOkMUTbgErrbGNPrgnFS5vxCskU2FXSqlk+uqjAC77Hp3qi24xd2Fs8rQxyR3Tsi8xRsoYDLnIOCO+B2qU+wpKS5so4TaQX3CZhcQrqtdSSYkKjmJncY7Hr8elA8MmAiaOIT6RoJkL4APUgeXXGN9hXtmtzLeTi3jkHtcgknjiJPhJwPIgEac+7rvmnn6mto7SGQpEroTqffI9Aucee2fjTIxbRowQl3JlMfEmeKJHXWXYkCdgdgcjB7np1HSls1/KeGexltEcEg+k1br2xnuADg+exq1rqzjupG0+NnLcqXBU9CBt326+Xv2qhKSx3k+uGCc7sJ8FQNOTpODjrtsOlTazV44rod/rDhPlN82/OpWL5Mf8Arrf+OSpV0yeNfAoEGsCPkuRuW1NjGew8+9eWtyqTIQG5cSnRqJAXzJJ70Pc3LLdjnr4SAeXIQuR0GAO47VdBJJc6FCxvahwjRYBZieg7ZHurKm6OJY/sreXiRjmu1eO0ADKuCWfuCR5dMCneqKGLRqYSt1Vth5ksewxWf4ZxwpO8U8ZYRk4MpZR6gYz/AEKYW91PORz45RFKRpXY6iOmsnGTufnWeSm+X0WN0jlkjR1naOIdcoNTep8vQV7aTpDKs4UOpyFD+IsfPNDW0rSoQ4dYicEA5z7zTe2jSZQBjzG24pPklAlWEQzXZZci42AIYL0HpWhtuK67UpPE4cbB2XGaURxJAp0kySt1UnYj86JDsukySgaOpG2P861wyt+5aW1cEN2HuENuUcgFSGPWiY2kd2AkRcfVGc7Vnr3iNtHHJLCEkMbqR4QCm+x36ii7a6sZJ2SC9UTZLB9GBlt8GruyJjSeWUfVl5nkM4rjM0j6Zz9Ev1pFOAK5QQ3TQyFhluh6Z9xFdT4MQijBZycE0UZOuRiZa8iKVbGtcdQcUsvOIHlx6BpOrBDYI75oXiNxpbEcur9oKVHnXHCZILm6WCVHZpB+yfq+/wBKl2aI0lbCZTd2cAbnKxJwFVT36fKpwzmyRuLoBRE31mXYbb4+NN7m6itkYSnlkEqilsj7tqRXnFefAY7eMYZtJ1+M/wDKOw86lMVLJuVJHlxLY88KQZOUEkEI8SrsdOR6Clr3hga5NxHiOQcxgYhuOwPpg+vSruKW8qQ27zHls+C50jftg9th99AwwPJatdKzvv8ARIWGAAMHY7YG1OTVGmKVUj2xWdeZJgOzOrPb5IZ1x0x0Hc5zTW2gsZLQm7KYmj9paNseHUc7Y7A5GDuDVXDzItu8MUarNMmpGEmojYnAwfs9KX3VvePdyQ3QlWKJRcYJ1wsduuffnHpUaYmcHKVHtvfmKOdnk7NNyd8DURgDA2wNq4knto4EneU6lDPJEGPgyPqkee+cDyPlTE3MUJPtciDA3OjCnt0HXqTikTWEY0QSzh1UB2mJyeWDsqgnYY++mRdI0xc8aSqytZlnkT2VjG6OralGgBB7/ePlUh5bRPJFH4wzFkzqkPbv5ehxXl7qkjlDOqklTEsp1MFOy+L3eufOiERHt3Wa1RGRRnDamZyM9M7HcEjptVt8hTm07AuXL/v/AMS17Q/sz/4uy/lN/wBtSpZXnRkUilui2h18XiDM4wT5jByKbR2ytymD4lKjONgw89vL4UObK4WIGzEI1ZLKX6gd6awxTvo1ElAOigeD5b1hyS44OTQcnJQtGYPU6ZB1338qusH5TaCWkVNwSdLeo2oaNpAd7VnAz4uh9SdQwaa2rQPMfAFJbOHGOtY5yJRbEsRBEDaX3zrzjf8ArFOeE2zlwA6gKN98mlqrCHbMijT3059adWiiOEMVVmkOlN8ZoE9zCDRDohIGAW6ZbSB670NxOOSO1VMLMxO65xpNdxBZWjF1J4Y8synfA38Pp50sv+IPDFFMXc6zoIY4UDGcevvrXFJdEbpASiz50ltdxFnUDEku49O+aYW3CUM0c4YR4P8AeaDgjypf+r1vJnuIJFRTgOHPhPqPdRtzDfSwR+yzIVt0wEDbOT/Rple4uI/t4Yp2eRLglcafD9Ue7tXRXwGG2bOAQMtvn30LbtJHaqJAkTAbxx9M0N7fFFOTNISQAQAD9vpR2jRFoGntP7QA3MaQKeZrXbNCrO/CbgTRIryt4UVye/lTSa+jkikgcopYEhjuT8e1JiY5bxJQ8jvDnAdQQGI33qkh12qOeLXU9zkSAmfTgKucZJ6e6qiIofZmVHxE2hpMdQR0PyBq64imcZ1+HTgKSNSn31Rxl9UVqpkIV2Usu2xAO9XyBspcDuTiFp7IDPDnWuAqjJf/AM0GoDg3JQW0cYJjjYDWD0xgdu1LobyWQgKNQi+rr7Y7dPWibQ2ktwGuopS0wVSQ+ckfEYq1NRGQy7Ti7uHQQhSr6gPoxGvjG42I3Bx7hvVPCOJLLfGCON7lTAMKxDKhGMZLbA479aI4g9rJFeTJyrdlIMSaVVm074zS20mVuNXjyStDbl3MawganyV2z60am5ElqJMfXa3EfCY7X2deW66tZmTBB6jBGc7msqby2tbuGMWrwPKCLeR1JBJOO+2M43rTLw9oAsvEpudEwwYWfdBnse9LP0kkjsJLS4sSqiZuVgR5VASMDHx3zS4Z4qVAQzNXZ5c2ksklxLdzqEjyByV8L+8keXlQ9hO9+z6hGIkXPhkEfK3xgEb5xnY9N60Fpwy1W3MckQuGTJVs5O/l5UHDw22kYxOsqGSTbYhgMHJ9cbVI6mMm6Is3PIp9i/43Ef8A5K/lUph/opF/i4P4n/KpTPPEZ54mUupLaHSsojAkOhc4AJ6/dRNteWssKpEGbxYwFBwvmT1pHxtJp7i2UEBTICR57itJxH9F5VuXltW5RBOoDcN8ulJyRgmk/cySVM5tb6VHWCaQ7rlT1DD8RR5crLCujXGTtKowI/TPzpRbW7pJFb3krhM+Elc6j7x0FcSyXRGLd9KwEQlm38Xx6ntSXhbdFbWaG24nahjz0OroY0XLHyo5eJGe+t7iOGUxR7sqrlgPd76xElnxO0cNNE0ijYurABRnfHp0p1Y3d9baBbqrHZTKZB0/Go8Lh0XTs0rW8ypzZ+YzudTgdR6Yqu5tTfWrxJCzAHALtjJ7sM9BSya/vZ8K8kkTcwhiVyAO1dW/F7u2ty14FnV2/vlBIC/1ihSn2hcueBhcWN3b2f0AjMkSbLp746mhuBLerbC4nb6cyFTHoGAMdquPEZiTpkOgoxTC53AzuO4pPd/prHBAsbWbasba0ZACMauvWnQjkceSmlXA04lxG9soQ0qJMxch3GRgdtqUPxppNIVNC58erGG+HWguJ8fubyYFldYMYaIDPzNWWclpOG9ng0q+AMrnJ8hTa2rlE3SXsNeGNK1rGZhlWYh2Y7rt1HoaK4XEXif+8Vc5Vs7nNU3Txy8NRIoxHqbqR0x1/GjIbmKIK6NojKDSu2cDbpQuTa4NsPuXpC6sOZllznAFDXtg9+0aLJyigLhh9Y74x7qtm4miwOyyZIGd/Ohl4nH7SoDEcxRsPLr+NBvnT4HKCk6JDwy5S4KDWwTYMwGW2qy4sJkAlikJOPED2phbXbNHkEGPoGNFiNZFHMYqGXJx3pbbbti8umS9UWIBYy3EbgQqxILZxj+t6A4FHDLxC1jZiWDSkqOxHStlbQLDCeW5Oc41eRrJ8AC2fH7yRt40Vii4zg5/ypscsfHL7GeTdcmhnzLIivvpAGQdwe3vpP8ApbZLJwoB5lCxyDvjQaIn4romJfKgb5wd6z3FLuW/aTaNowNWhsnbI+2sGn3PKhMZW6H/AA9Ga0tpBOyFkU4+sTt91GLeys+Y3ikcDqCcgeRHas/aXDpa2xhlCuI9I/3sEbetcS8Ru55ZGMbiIZDhTpHvJ8qCeN7nQPVmi5t3/wAP+CpWe/Wtv/hYf57/AJ1KXtmDvYrvbDh1xJHNG10nNVRGPrd+o23zkDFaJL32WFH1rc3MbcqWIMAoO479cYOfhSm0/SFoM+IyRxqRHHvgDOBgH3fZTO1ktruRY3SF59Oly0YOWbBAJGOgHr1rv7Yzd1yeun9MUJPIufdfCOr72iCW4ayECuPEFEoBZSDkL69PnVnD+GR3yteXcY0PNzWQf+q+MZzj37d6WWlxHerHqtYbblKVjEYGCPD1267/AHV7aG/fiGLeYJHJs4K5xpB/OgWWKm4tcHLjrsHkeKTSiub7s0jwWcwe3ltQsiuFMWQAe43365roLJHdxlbC3hs3j+uuGI09gMbncYx1rM3h4hFPFKJpJDI2/hGotsob7RT6K9t1un5ls/O1HlEbqpXI+G/WmRljlTRujl0ripQadhSSzmVrshoo0VkZkQHXvnUQfurqP2DD29pE00OgOwIwgPcEfCgZ7a8uLhHnu1GU+mhUHrjJx3Azj50Xaci6kWOS0xLCcxSBgFc9D0/EUKcOhU9Tp5ppP2/f9QxrpNUbxaI5LZOWrqANOodB6edFNfsp8SBtXUMAdJPc46Z2oa0aJppIZ9asw8IOdxjffv8AHerrvh0cyaQ5Ax2H49aD1fJyskckZemVnk17G0ckpgjZW8LGKPff1pPfBI5rf2KCFbhmIIZv7sAbMCBsdvtowWjQxtEMmModiSdPTfFAx2ADyDIdcaTqXBwPLv8AA0E3MbDXTwcuFlVlb3NygZeVMuoACVTqDYzj0/zoteFm9fmNyxPHkMYgGCoei6jt8vKh4JXjmMKE8lBqaRo2UqPeRnt/nTG8a3D+OR2YnTksMDyzjbB60CYc/q8Z25x/6DwWcZVi1kjzxkqFkICsB6Dv60TDEIoGjFnaxCJeYpkGlVBH7Wdz2+VCIzFvZriXK274VlGdKZOB8tq6vBz4DdXEkDyAhWjj2KeRPzo4Sb5Ax6+E7nt4QTZcq6ZhZ2qLZKEfdW8TZPRfKrHv7K7M0CIdceeUVYDmegznYD8KCaC8VjBFcjBAM8WPFvuTnt13oeNh7VLoj1SxDMek/X8eD3o/JFpcdjHrtPJxT9/0GdmstxYvcSxyQNE2kwzNuQO+3upTFwu0tOJvPcSzPdTodFuuBlc5J+HSvFkEt8WjuFaVkAeFTp5jDGxbJ23q+34fbXUzSXU7pPkaHfO+BsuB6VWTHBSpe/sbM+lwLJ63zLpI8ks+ERuxuI7mKQsOj6ii9iRjHx9RSjjtpbvaSx2BuZpNQ0asHYd8+7Hxo4cNuIoLi2vOIl4JF5UfLB1CUkgZB88fZXdlwiJYhBJeBZXIYJo3Yt5nPTao8cYpbVyJ1GlwwxVjTlP92xZZWkJsORcmdZwCmlQDoOoYI37j76Olj4NKEUx3McSqcxBhhznbVnc4qRxtH47SZVlQ4VmHhDetEyiWadhd28EpGo80E+M4HUg79vOs8E8qcoumjDpsb1OOUsdJr5/2KvYuA/6mb+SKlC+3Xn+xIv5sn51KH1fP6Gn8Dm/mh+gut+H2FykF3EssM2vxQg/WAbf5Zo+14L7HeSzzXMivoM0bR+JA2Dgknr0+2ljXB4Zw+EXhxPIrEKoOwO2c9uvT313acdDGELIwBjwyncY37e6t0FtR28Xj1O7JjnS5VWN4bLiFtfQPDG0imMqzKuQu47Y9DRSiOG1W4gbWJIzp8R6DIIPl2pPwL9IJxccqRJfpJSNWM6VPX50Xw9IrLhTgAsUAVVOT4wo2AHpk5/KgljjFHl9fosOk6nutcDiKCC7hjS3lPij1MWA8OrG23XoaGgnaS1ln/urmIGJCo6SDOSB36ijuCRyWltNc3JJLKu8e6jAIGkD3k/w+VB2nFOFXvG7axtoJVBLMSh1MTnufLruPKktOKTs5kW4tSQbDEkkrm6m0lEw7k4ye4Bzv067dast+dJc3FylxzsgD2V0Oy9jnffb40LNdWaXvJgeWWUZyH8bE5BJI7bgDPyzirR7fbX1vczwu0KkyFQ4TV21OW6nLKPTc96KMbd2dHTaf8W5ZJySY2mUsHjWTdTp8J6Y7V3a3pUaJW0kfvN1+yg4DJFDl0EpbJyGyT55OAD51zcT3UVxGZgqKwwCBJ28tOftAprdGmUdqHEnLlTDSbHuKHureMRlXCEZyGLbg+de29wJV+ujbdQD+NEZbG7A5+FSwUK5oLp4lCmG7hAGYrg51emrt075rq4SxmOHSZZcjMUWk5IHRR0b+tqucNC+osgjI33JOfdp/GpcRxXQWOaHWh3D4G3rVUinCMu0CLZw2ZmuI4XdZYzp5inqd9JXvv2oUW1tJcgRQMlxJa6542jBLnVt7s6T08xUu72Wyl9mu3uLqNkKiaNGE0Y9W7j1+6jLW5tLAe0okk4mGkThmlZskYznp0G3aha4M+TFt5j/cX2vGYEup4Wt5WvWymh00BSP2R6Y3z06V7DBPamN5IhJHKzKXRv2TjQT6nP2V3dwR+2xXL291FJnXzkHiz18RH+fWozNcTXEkN3PHOkWDZhVWNt88wA7+m2MEfCk83yYsm6Tcjq+hjSNbuIIZVtiqtjBLZwAO/TTt6VTxWQSvbTKNXKLsUySCik48O2NifkKnP5tsjTBCrLg7fVbYdfeTXE13Y21/aWl2zhZ0eQEYGo5OI3zvsM49aHyPtdhxz5VJSUuUDJd8Rgv1SdovZ2ckeowSMfZj3VZxW2t4LaPjc4lEcap4hnxEA/PxdKNMdsvLZEEpQIixyHcakOAxHoKDl5l5wp+faG5ttYV7dHI0FQQQAOw7UyU3J02a9R9RzZpbrriuAD25Tw2O5t18RzlWXLde3zo6Bb6K1c30TJEiZAKjKkn06Zopbe19lje1tSkDQfRc1s8puu+PQevesnFfXM+LKfmRxyLyGlPRTnrmixRjGL+TtfSJ4npHDI0lffuxl7XD/hLj+bUoHlXH+0F/k1KCzdt+l/K/yXi1h4hw54bzZkuQIywzk4APwxmheDR8KF7bpLFEjLNJFKZFLBo8Id8dOp37Vxwy2muIJJbq7lEq+NQp2DCqbeIXUcU2UE8v0btjYoWUMfQ4zWj1J8nH1n0iWkwvJCdpewVe8SsLGB4bWwE96fFE75Dac7E4PYAHfzrkcQh8WtlSVED6ck5PQhfM5GfhVNkLe841LHd3MUKyOXfB6qPqpnp0xVFxw+WO9kl4fcRpKjc22iEo1sS2252IA6DvS2+ezzzVsYQ8Su7+CG1CyLw8H6Z18OvbbUR0GR95Ne8Hsp7jiv8AZx7KBktpwCze4Z6DoKacE4nClqY2sBBM7kSwsDp22+qexJO1X3F9wa2juPZ7OHmhtBaKFAB7geuKjin+ZhQjF/mZ7aXT2PEJ7dXdJWYGTMJ+kfzOkZB6Uw4hxAwNb20hDzPvMAoOAcbL02BA3+PTeq+H8VthZXV5Eo5+kCOJkxg467Dr91Cw288VwbwSkyXJJ8Q2BI6b0zHGNcHQwxUVUXaHlnLZugECMijoCrDY+eapnV+dHMFvFwu/IPXp1B9xriC79pRkA5ZiIbwlm9B+zv32HnVMqcWE4Nncw8rGdM+GHwI3+fTO1XRokMLe6hGjVJes2M/SQMftC4pgsmsAYOO2UP4il9s13HH/AGloDvjwLn86Ny2Niw26dKuuAD1j5ySL/wCxc0BNcw2sxkknuZAQcxmJiP8ApX8aPaTT0OfTNVSSXKjELx/82QRUqydFcYW7hj0ROFwMa1xkdyRnJFKriyuLKVZeFyJGrHEkbnCHPXbff06UXnijTjnPbmM5yqZB9OoqySRUTMr8s43CgbHtuffVbfkJc9lNrdAwi1uQy3QyxUzHDN3x+AOKVT8PluOMx3MkFwojOmIxSBdS4AIYn3eW/maaS29sXiL6hEWUjKrsOmBj35/Kl89/La3HIaKWWIDAZN2UdfrLntjrVOLYM8Sn2eX8nD7a1iQs1tEramIbmAODtuD76TXfDTnhk1s7XMcc4AYHUPPHTI6dKdGxjuwrcq1mWFW8bKEaMnzHUdtxS6S54slw4iigcAhXW2ceNPUEDbA69qyyxP4sw5NNKrRooZLd2dbom2mYL4j+6Pqtt7hn3+tBwcNvF5lte36DW7ssqZx1GkDfyrO8SvRDIjXRZo1PLR2BBQdhkdB9naiby+iuOH20OovkaC+cFSB4cY26CompP1IXi2rIvIuA+SeDhl1HaNcyzwOmBq/H1H3Vm+M5mvVaFg0ENyjvGF0+A9tPTbGPjV99w9I5Z7OFpTMFGmOQgHb9oHvkdqq4ep4gqTIfp0HLuR0OQfC/2AGoqlJ0XllDe/H+X2LP1vY/up/LFSq/1fF/g4v4TUpm6Qi2Z5+JyvarHbF+a520jqf6NFBAY04c91pRE1Ttr0hASNvdvk1e8Vnw3gpmjk1XSs2gadvFuM+RwKB4Dw/2tJufHNPKzKzqmPGO/XrvjYU9u2dnU6+esj4+kcQW5hVmQmUgjOgE4z39BTSThfEb1RLDcRrpAUgx4Kr5Aftfb1FMuHz2Fizz8PklUmPTpdCSuD18z3O29M4/7MLaeeWMxORpWVgAzdSoB+sNj/Q2WsMU9wiGmgu+QT9F7V5Y57H9IYCGYaoLmFyHbrkHHQjY7imfDuC8O5pt7WBnAw0s1y4lwg6kD6oPw32odbVrSedIovCpJ0gZaNh+znbp5U24rLBwm09mt0WKS48UrYOQMDSp6k+tMjFBPTYjNLNZw8X5FqLiBZJ2XSZMq4yeurONttsU6h9jWdFigmLKN5CNYz38+uRSaO1tsxzyRTPIyho1TOlwAPEcg5J8vQ0+VoYrYSW4ZwDgJrGnO5A7E/151bil0PhihH2Ls3DwlIXbVkYbxJoOPM9PkfyUHhPEZHFx7c1jLIzMw5hdsE+m32Ub7QJLRxLLDHzzlVjYM8a9+md9u1L7W4/SOIuqJZ30cfUGZA/zB+0iiRc+eBzaQXttp9o4zJN6NBCP/wA5porOVzq19NgME0lt+I8Uw7XHCZsLj6s0T6s9hkgmmNs0jxkNayQA+en8DRKxTLvCMH2QE7+LTk1ZE7uh0IIiP3l2P2iqI4EVCGuSR6kV6irDjTc4UY8OQM1SSJZXcfrByywXtohHXNuSf/tQtnb3iz5vLk3AwfCPowPQADB+OaYyjUdXL5pzvuv4mgbya7UMbfhM0rr0YyJuPPYk/ZUafsWpF2rXFIsfgUMUAljzuPU49fUivZljeBdDKxfx+J9umx2O46daAh4jcwMZeKIbQNgIAh09t2Pw9MUxSeGbLOYgJARGXDIA2enf3/ChY5OxVPBdi459rPHqRQMhsEEdSNIyRt3NeWvGIb/MVwy29whyWKBlc/7yjp712pgZLK4MkcTK5zrYAh0266m+ztmkvEuERzWwe1xE6OWUxkBs+WO49d84qmVJWFT39zwmZR7DBLBIfDJGjHI/eBUYxt2pLxXicnGbdZrOOFEjfRpL5Mje4bfM964g47JwqY27SmSI5BWZCFY+XofdTa3ktrmFzwuBGnIBW0cgZ9zd8eWxodqS6M8scEurE91azcYtoU5cqXdliCUZIkKKcKy774zvvnYUutbq0teKOyXE8QLmMs8BIY58QOM4G3vFGcW43cWpzd3Fz7QRuI1VOUfdpJ8uprMXfFJb0SLAiqW3mk0Zds9ST0HwoFjd2ZcsL4o1f+kdn/jrf+NqlYT2Yfuj/pqUzahHiXwaG2sbniNvJcB4zcx7+yMN9PbHnmuZZOJWSx6rYhHOI2AOM/gfSgP0X4pe2LXKCFLkyKBHudQwdt/LGdqa3X6QC9WHmTKk6qVMiDA058s7n4UdGqGH2fRTHLxeKUtBpDMNQABBJPwpmk/F0iWS+s4ygPjkWPU0WceIgffQ3t7RXEilkmVCgM4Jzj97Gd+lWSyXBhSNNZE4JYh9KkdiT+GKpxNCxxjyjXcNs1kl/WN99KbbxZ1YEr9VBA9T36YpY1zNeX8k8zAbsF1DAJznUDnbGB2++vUur6w4fa2XE2t4iqmQCLJbHTLDvjI6YrnhV5Ilu6y2wBKqXE0ZY9OoI3+XSiukGueTyEiCP+yswcNqISfUPXvgA4zsM+tNULXaLJAjgoPpk8J1Abk+RHfz6UDkGKOZIdcbZJE0m2PLBH3daru+KcE4fdIZnkWRyF3TGBjttjHzoX9hlhrNbRcpZMC3kPhd28Y8gRgacmiE5UbBAmlyD4tOftzQF9ZHi3Cufay64GYqfAcAgdMHJFK0sb+xtdVpxkO4UH2YoQSO+kNnON+lU+eAZWa9NcYDieMDG/g1b/PpV8V7KHVSdS9zjArD/r7jdm5W44ZHdHoHiBGfgM0fD+k1w2nmcFutzjVHhgT781ag77Ab+w/leFXYPIV1NqIP/ipyrYprUS9/ENwPs2pal8LxczcPvI+2W05H20SixEs/JdcjfLdaY4gqQwinhUhVc7kkE9DVOq4ZmAwB2wBg0NpgOAI2Ppq6V5PczRbC3d+wCsPxNVtbRLrkKWSZlKvJgHsw/OqxhQUmjRlYjIAO4G+/yFKpeJ8QBIj4LK2nJHMnUA+Q2pabi+vgRxOR7ZDn6HlNHGfIF9yc/CgWOn2wlJvo0kjzR8x4kLQiMrEVB0aTv9U/LOartyk3J5LajCMhpHOkt3zvk/lQ1lFfpCZHzHzQFCkscDGwGT0x2q6e1EDiO+EgyilOUoIc9jnsPjVDijjXD1vkMl0I5zjCA4CK3TbfzbqfKs9c8Iu7INNA0aqowqGYEuR2Gw3Az+FaniJljtWSOa4EkQTRy18W46nP3Y3pNxKIyPHDeSSB5DmSQAoucbA4zg49NsmrXILSAbTj1pxNFt+OQ85U8K3CbSx/9w9DVV9wKaF9VrcG84Zchis1uijl5GMNiq7rgKW/NW2CnP0jsWYtjqWBz3z0xWetOI3vCLp3glKAthkO6kHzFEm0KaoZ/wCisH703zFSuv8ATGb/AGXw7+WfzqVLJ/DBuJRJZIptwUcMMOOowAavufqSXJAMkQCgkdRnbNSpUCOrS/kikiu0SLmLJp+rsRWq4RGLziMJmJ8YGQuAMdMVKlQj6Mr+mV3PLx7UZCpTWBp8gQPuNd2HFrv2m2t0kMcaxmPwk7j4mpUon0DEaWHEJ34ncQzYljjRwiuTgbeWcVm4k9tmd7l2d5GQFmOdiTsM+6pUqINhf64vxHJbc8iOIZwABrI7sBsT8K1vA5ZHjRnkZuYnjyc6sgVKlSSKTHQtI4kjaMsrBc5GM0JKcMxHl51KlEgJHCnUrE9R3zvVVtdSNO8RwVRS4yMnNSpWfM3uJDoJimd4YmPVydXrXVuNThmJO2cEnANSpQYW9wUlwdFdAAUnGT9tDu7B2TUdOrHWvKlbRBRPcSK+NRIHTJNH2Esl7cwW0ztymXcA+We5qVKXMZjbsrvIvZ5pJ1kkJQYVS2y+7FVK7RWK3SMweSQO4ydLZU52+Ne1KXEeZm2u7ni129tPPJHDE2kJCdOoddz1NLuI2FsgDcvU7o5LMTnI6VKlGgGZfnP51KlShFn/2Q==');
INSERT INTO `photo` (`photo_id`, `base64`) VALUES
(5, 'data:image/jpeg;base64,/9j/4AAQSkZJRgABAQAAAQABAAD/2wCEAAkGBwgHBgkIBwgKCgkLDRYPDQwMDRsUFRAWIB0iIiAdHx8kKDQsJCYxJx8fLT0tMTU3Ojo6Iys/RD84QzQ5OjcBCgoKDQwNGg8PGjclHyU3Nzc3Nzc3Nzc3Nzc3Nzc3Nzc3Nzc3Nzc3Nzc3Nzc3Nzc3Nzc3Nzc3Nzc3Nzc3Nzc3N//AABEIAJQA0AMBIgACEQEDEQH/xAAbAAACAwEBAQAAAAAAAAAAAAAEBQIDBgABB//EADkQAAIBAgUCBAUCBgMAAQUAAAECAwQRAAUSITETQQYiUWEUMnGBoZHwI0KxwdHhFVLxcgcWJDSC/8QAGgEAAgMBAQAAAAAAAAAAAAAAAgMBBAUABv/EACwRAAICAgIBAwIFBQEAAAAAAAECAAMRIQQxEhNBUQUiFDJhcaFCkcHR8CP/2gAMAwEAAhEDEQA/APmtPUR1DQSxUkiyxrpkPUsJPU/phrSRihqDBUI7SShw9kNgNJsdvlubfoMPsv8ADeYUcskk8VN0DZdChCb35vbjGe8U0tXR1i9dGMUiCzqbEn6/S2KwdHOjB9ME5iqrp6qCYrDA2iNgf4acNvYbd9vxjQdBZKkOfPK5klkMK8AsLX2P67Yp8Mx5lXag1S4gt5H+Zr3tZf174fU2R5u6OkXSUr0thL5tmub+mw/GBuYIN6kCse8zEbRMSkekKtrMg3G373wSXejoFWmie/U1LpZgw0jcD1HmG3+MOsqyDxBlc0okpoZFkVlEkToHF+bXxGsyHO2jjUUCiY6nezhQHJJUDfgD+2Eu9esMJFNFZswWwIjnz4Svqi6AVVChVFiCPUnvh9HmE7wRzUsEkt4/KhUWUgeZgPsMW5XkeYivh+OyiEoR5lYgXYG4vY7/APuD8yy6pkqZjlWTPDHJGFY6kXWQeOTt7bYVYKWPcsDj0+pg2a/aU0Wdxyxzl4ujK5K9JmIjPsNuNuT64dZbS1KU7VtFH8bTsSIiU1aQOTuT39hwMZxcmz3plpKEySi1m6q7jc2GNH4MNTJT19HUJJF0WVkVlAte+oceowj0EBPiciNHHQPhH1/MTT5rmWVr8RMjQzOxZ4/l1qp224v5jxidNmxenaaSN0iku2rVpuATe4vY/rjM+LtcWbSq0jMVBIJ2xpMtyGRqGm1TLE3SBVrX0352474uLWD9w7Mjw9I95mv8GiWGajqomAp5UtKNeoEXNrHv64v8cUc8k9PVeHK7TWgGAxq6LF025DG2q5O4tfCGgNTRNJFK46wOuIsxEBP81gAbHbjjC3OXRq6NYswMRYHR1JDfi9yRawG3PqLXwtXtrJQ7EEqTsy6HxNQ5DlMMUkbUtdl8qrLTRqC9VGVF2QnYbqCT2tt6YDkjNR4jrJmgSokdAzrRVLGOAncAyneRiLcAAb4z1UnXzWmnNYlnkUEL5nVf5jvyLc7Xxo/BbLSVdZksrxSpQVLR9SEkLKjkkN+/XF6tsrElSdA9zTeH6BYadTmNXqqZgvUAjUiJd/Lcklh5u/POM1/9QI0bMKSOmUMkNKzOUAUG7XuAMWeLVkpK6CChkRJHsoLseRwCbe5thPTRZlU1GWPVPNOskAkl1oSEQuw08egOE0WZUlu5NqPV3L8gy6bMKWSWEPK5k6LITqLbAgi/Lex/vhrQZS1CsnXX4aWfSf4lmCH1PoDf02xfklJHlHVjnnMUMgtAnUKytJ/2ZbXFwextziyvopap5EqVMclixDCxa4vpNub73OKvJ5VXngdHcQfInfcXwrELyNUECnkaNxoJLHkAsPW1vtj1cyDU60E9S7L0jqAAs1wBYX+3ric1NPeaKIo7OIljA8o1aTc/v+2LI8obM3eSmJdkNjHIbdMKu4+u/H09cVxb6zZPUADLbkdTTlE801O0guCpT32sLEmxO2+Pc1TpVFKkLyGcJ5lQHWgtcEEjg9/oMFhTFTLKUdoyg6cjkAL2BAB5tse/0xKqhjatLGnkkWZCvxEQt9lBvcc39LYcl5LgEdRucLKKHL4//t+tJj8zygIusXAuBzbcc/pjPkPHJUtJ/DcajpZbksTx+cbGEOaqCkL+Q6HvISNIW99v027WwBn9DBTyLTQwldQOuTRp1MO6gX9TjUru81zIxmCeIXqspyh6qnkkkEenbbm4F2/1jE1vijMa+aOWoSGSGIMogWMBRcf9ueQDzbbH0Kd4xG8RVJofkeF1uChH5x89np46SeWO8qIvDMnlb6c87X++KPGA9+49UwJpEqadclhloKhaamOodQhgyjgAW4N7/p74YeHq9Z5mjhdkj6SgOyBSwBIAPfv+MY2iyyeojmLTj4aWVXMLgoCw5sLixsRv7jDvK4Pg5EF9JiRgyJsGtyCLnb64Zy0V69yHXAyZtoJDLHdJ1lOgP012sPUem+LmmGkHe+17G/8A72wkp66OkV5ZWSaZEOho33ZgNl2+vGL/AI4VdUlDIQejpcyJ5dVu5Ppz+uMZ6esyrkYjUqrMCmr5gzMOeLf5/OPJwNaKEkWMAl22+w++K4sx6qnSpJJ0eZbE7f4xLrLJH530g8ryWH0wBTeSJORF82fUqVsVFTgPUzSiOOIKdySACSBsNxubYdUSUEUxqKapEhcFKx4j5Y7WsbfUEepwngyzLoauSei109RNIHZ9NzqA7Ej34vbF8onho1pIZ6YB3B1FHZjcW4uQT7nj0xd4/wCHr3nZ+Y6p1Q595HO/DWTzSmsmpKmV5EB3m2t/MQNQPde3ce+Oqaxaef4RaAl2BUsjApGOBc8bd2F+Di3q5lT5CtFTpTGYw6ZKgyEFmvc9uCL/AIwt+ArFoQJ6amqqpmYFXcJHCp40WF2Pzc+pPfGh61RxhhHm0E9ycmbGvlFLl9IlY0qX8qlUjANtxYW2O99/S+AUqI2qvh5YaVumjMsqxEbEklLDfc7WNu2CfDlJXUS1EmbREPYrBHQsbLq2ci7Df5bXsNtsUeHaaoTPJqSSnroKJ2GuercG/a9x7cAcasT6iHPgQZHqLnUC/wCSkdzR1dDRJSytcRMAFsDYqCCT39zthGtItHn0k70kwpmj0NBDNImrizB7b9++HRHx+fUbLSH4UhDJJVoY4wRbykc7ADjY4rqno66eOpqah3lbSiJHRsqxDsCBbi4sb9sGGGhOBVhj3hPRjz6eCZoddUjqUh+JBZxsNJsd77emNaGmostR8zR6dVB0wfM1rXuf8E9ztjJ0NRSLmtDTqEhank1U0sDX6jKPMGPubX2/pjTNnFbmVFqr4qeWbWbBAFFhxqsd97/pxirZSVByY23iW4LZyINJCaCsmrKi5M2kgKdRUA2Nz23b+noRiOX6czzOq+LAiSJGkEwvqHG3cd98EwXri0ZRXqGX+MXFwh7i4/lGK83nyjIneKvnaKJ4wnSiYa39zYbj6nGbXWRYSwzM6zKnHUGybNKSqkqYjSbDU13GolQedhzcjDSom69JBU5VUhE/iRzmQBgAPmG99m9bemFOXw+FKhFjeWooXIPQmWVkZuLNsf6bfTHJUZXlmZvKZpKmKqlRGjSMqilm3ZbfXba4sfXFwMFOFGAYsEgbMjDSR1NIKUNHMItUtGZR5FUbhHNzqHv3tv6YHyjOjU5hBPmhaCqj8qNdQgGxFt9u2329MENmFNlNOY8vhNaXZ0jjEl47Lbdi3mFr8X31Hc8YjleQZdVl62ughkrC+loqSU9JSNiSdr7dh/vBDSnM4n4Mr+JWLNlqIoPi0qCZUmWYXRlFxpufrt/jHk3iOmzeoRZJoWkS6iMsyhbEgWfgH93wwzSiyJYjDWVdTTUzxlkVZC0jlbX231AArjC0HhXMqynqqimBSmMgWnllsnV3O4BPp+/WKFKqfIyCzA6msnm//DCqbsw2NxYgcbDb9cBvS/GJAFeOmR9xJybfze/39sUSmOsonlgkIFyZUsADbnYbgjBdVmdO9CkMKK8zRlCjKq7gaQCe5I437YBQ9exNTjBMk2dRJq+Ey6KOJ2ll+YPKAWN2NjY8G2+J0hFQUtJq8muQ+pBP9f8AOAnrJc0kld4Y1EmwjQWsdXJ7kAMBt6DDKl6C1KtIwjMulXja+oAhlvt6ByT9BxizYzMBmVL3J2DqA0s4hpJzVJcqwiDnue5Hfb+4wSJGiQTMgSJVLFxYaT+9x9MaDw7l1HU0FM1XeaSVS7osgVYyebkb3v8ATtjOZq0VMgpaeoilTqW69tPUNvmsfc/oDgEAY4nNxnRVY9GHrmrLU3ibQBHdSG2JPsfp+cMoK6GYI6rxszSPsL9iR/vGSy+V6eKVqmKRDIBoVW392JvYD9Se2C6OtjlWSDoJHCT5lsSFHpsdvvgraARqQyj2mwpibRyLG+hiVLMNlPfjj2BwahSEHrPse3p9MZOLNzCzQpIxLHzSP8p023DX/P0wwpq1ZFKspfW3mKuSP6/vbGdbSynMUUAjpmJ+Vltsbk7kd8U3HUT+IblTpF9vuO+K47RRjSXuP5QBvbsLkC/1wZMg0MKZ4w3HmPB+n74xXwRB8dSCSyNtcs19rX25xISyKNSi4PAtfEYuoiETqtiPMF9cWRrMs145bxi6lDbc+vr+cCMe5nDMkzSFCHJPrccffFYhMpO6G59Di0yG5YEEHgBcVMWBkYA3C/LYj+3tgTac6hxNUZNRiVpY6ZDMVKhlBAOrnj974HNQdENVmU+qUrpjhS1uDdiw3N9u/wCmA82zSfLa6CCkaQVLWYOwuFW/JHrz2wzEUQarNWrdPSqq8YClrduOW/vjb4au1WbDn4m39KGVYtGeSpLUmsihgJpqmMFpHIGtVJAYDte5G49MJs9yGmzKsnkqnljWIXaVGV2C22Fj22NvW+G3hurr+tmVVm1KaaGQxxpHL5CSCSVUHe3yj7bYy9VV11BS5lmOdhYfjFMcMR065ZD30g8KCb39cJKu1gwcTJ5R9SzOJZS02XCqqpsykqZtJi6MaQvcRgbiwsB9L2H1OAM6rIs1dZqelnjkBssaoSYQvyqALjVbCrw3mGYPmUdXLQzZlFGrExKxAa+3J2POPo/iH4qgFNQ5a0FK00lo5GXWwa21u1+1zh9y+JBMRbV4DIETnLoqulgD0a0Uc+1RUhBqja+482y2uOOcP46zJ/CNOtKHeRpKcyhY4rs2k2PA77bn0N7DnJeIs1lyuhoqGHMDPWiJfjA73UjzXBv3N9+/GEGaZ6+YUNBHFOJTBGY5GUWAF9lF9z3uTgFrZt+0HIHYjjxFUx1fiOpikzIQilQxxao3CM176A1rg37nY4RZhmua9JHNbUtEYyOmHa8a34378Xt6jEp83Wakgjqm0ViR9N5WTUssYPlv6MOL9xbFuYU1LDDHX09U0lGY9DgppKkbfc3xdVBjGIG8w6Opf4lSFfZhcKF0sB6dj7YvrJaIwQTUceqohfpU8IW6Mo5uvOm9rdwT+pWfZxDmRiiyukpejAdALOGdyRwbdj7YXVIb+FJThEIe7MVvZSRZvXa39cZyOxALDEazeOs5ko8ypZY9QoqCF2TdoxpO47kHb8j6YDko3WB40V1nja1ybmzBiCLWvurA7dxi6tpIqusWXLJg0SecEqBrF9zYG63PrvuMQrqaanrVeJOvSyQEixIUC9gL9gCf6YcveoIzCcomqaVoqORWjpXJd10k60sT+u9vthdPUNWVTTxQq0crs1NCo2Pm3Yn/AKja54/OCHzBVyqqEk+iqYxBHJFwvmJI9bWt/wD2cBSGrlp3o6LLpjojCy9MX0qflBbgKN/qTfB1qM+R7hpawXxzqGZfoqpukJRKDJdpydMKk+r/AM3ewsL40Eq5PHQmH4hZHe2qVLgE37Kdj974xcKB5l+JrkAQEW/kUdwoA3PvgkZdKI2lTNKCIKwAEkhUWPuRt2x1qFyMNiSLI6rqSqgpRMhgEBYLaNtt+O3r6W5GKoM4mcr01ildktswAPG349ucKKqnzJoY4FqaSoiU3CU9Wrb/AEvviFNSV8EdOzwMvVJ0bgEc+/t37YKqpmGH2ZDOJoPis1qojCIU6erSwikBYW/+R3+lvvgWSrz2mmIvOZeGZV2ZfTjB2Wo0kUdVRqrSBSrq6hV1XAHl23577WwvrayakziRJRPCTbeUFbXuDYEXO+CbjlV0BBqpe4+KHcLjzzxGIwggD3HLxnj33w5o67PZoytQtAPNe/muf0PtiuDK80bKosyPw2iR1VB1ibhiF+g5vz2OK80kzDw/peupKZoJmIVo5BYkYo2UWEYCCKep6zho6p/+Te3xC0g1Dfp6th7XvgjqMjqHclHvfaxsN+cZ6LxFSqWeSQBuQBIbDF6eJaCoKKqi5NiwJsTjPsqsztZIZcdxpUUtPWx/xlD2PzuLFPocBvlo6kU0Ds0sLFgWY2J7bcWvY2xac0glRljmFhze5Fh+/wAYvjqoplLK11UXtYC+JS62o6MsU8iyo5QzP1+VZp4h8RM+ZVHQhpD8RTujXZyG/kvsCLX3H97rM9pKOr1VdbNLek1pKm46jljfSwAXmxIXjnGzjqJNLMq9NAQt5Nxjp4Y5tImijkXjzbri8vPYbZYz8T5ZJHcw8GdPmUMdLTZf/wAdltjeUg/w2Ub2PGnY3XmxwXlfiT4nM4aWeT4uOFulTyMSZpBva4HJ2H1uO+NRNQU5pjEaZNC/JGgA+uF65PQx1IlWmjRwBZl8p57ff+mGNz63GGWMt5a2IEcEgfxMbnuXVlPmFU2YJJUSVTEa9FmbfckDgiwFu2FC0VPBVNJDVkQKAolSLUHbuOw49cbnNsno62malXMZIiz9QqX1+Y25vv29cJMxyCZclNPSyxVAUklL7lrAFueQB6d/fF2nkUtoGHW/G6HX6/MX5Hl02Y1MPxdZFCsyg65V1auwAX12sPqMayfwH18xmaLN0OSRqVSpmk1MZRpBBS3/AGPI4vgbMI6NailhrK2eZkpIzK4dB0r32AsO9wVtfj7NqTMax3jymm6ixul4alWJLqLMSEJA9N72viz456mgv0+m1fsO5kiUpEgMZkuFIK9NgUb6+g7b40eUZI1R00rwYJ6tjoV2sHQr8wA3AJA223F98dmOVZbRZjT/APCwVS0UsDHqgG7kG3lc7/8AoxLP6VspWhzCSrqJpYoSgjkUr9Cp9OcYdl4sChdeX95heHiT5bxHyxZLleQMlOtHHLMjLUPLLaQN2AA557WxnMjzfJxPFSSwpJCHWNQpN353sObnt9MZlqxqiToyh5o5L2kIIUE72F7W49Txt3wDRxGneCeKQCZD1Ap+ZCDcN7cf09cGnC+1gzHJlheUF6Wb3xgMkgzWmnEQAhkDukP8wIHzbcbW++M3WNC1PXzLJVR1j6KmxlBSSx8110ji+KcwqJKbwnqkZ/jJqkRVGo3J8shI343t+gwmp6lvh6iZ5HlkKGKIsf1tc72FvpfFrjcYogXOYk/+jFpTHGZCSsbz6RdgrcD1sOBhnBUUjUkoOUBlW19NQ13O/e31wsp5TA92iZnt5POVKn2t3w9o6uCRKYS9JJEDF2qQLsT3uNvbf0xaas+8WEycSilpssq6iaOJXMy6SUmGpVsd+OcaE5jS1gkpKunj6cSXTVJa7Ac7bbEHb3wvj66CKVQtKYpNbsGLAHfzW4I99ue/ZoKyCqy0dbKxNPTprLwhmUKF32FtPI/rhoIA0dR4wo3Lsg8N57D4abNTRWqXGqMTN05ERSbgIbX5N7ni2LUyeTNMspq3OpuvCYnF2luYFtcAna17g89vfGkyCrrabImqqrNoHoyG1pObLGmxA1Hk2PBv9cZWWOjoqNJqOvSnigIDRUgLom4G8jEXbntzvthLu2ciDWh8x6f5p3hOnahzCbLfFM8lG8tKOlDr02ve5Y8g224GIeIcqzI5fPqmiWloTreIndWO/wA1t9m729MeeJ/EVNnEIamijZDDZkkPUeMA2vc+thtgL/nZq6NssXakrItAuq6uqL/MRtfj8YYoDbljlcO5EzYO4hgYH5ZEUHcaxthtSCrlRdL0yLyWsG7HGbVulLLCx88blXA7EGx/phjQQioYsX0gDc7bj93xXurmQy+Jmhp6LNRDrp6yAhrgaEuSbYYUcNcQGkrFaybKo0k+lzhHHFCrFVqgJNW5CjjthlRh4olKSSAMNL63IDAX3v8A6xl3ITr/ABJVsTQ0VVLLqiksrKDfUp+2+CSwKMj1ARmFwV4A++FWWTRMAlQ0vUBOyC+k/wB8MkXRGzIXkQnYyAaha235xQZWXqPDZE806VSLrSkc3YAE4DqYqdwhJcgm135vgypmuDdyZFOyAdsCNDJcjQrqdyC1uPf74hSQcmQdwZqKnWL/APXVEaw43J9cSnoKMVCMkRDar3GxJ4tiNZWCF2j0o5IHlRt/2PriAqBMyrEALKWYMdIWw9fU7WGLNa2OQBOrrZ28V7leaQxLBJMkpZF87JL5tQFzYgc2xVQlWqYq2pRtaU5Snp2ewjuP+vqQB9vpi93pmlaCgaKoeF+pJNMCANNyQD2uO++L/wDjs78RVzQ03TgiihcyVJYEAObhdtypAt9seg49bVJlzPU8PifhFD3wHK8xf4mmqZ5JquoR10tNLsFU3P02BPA7bYK8d5u2b0ia4mpaDWJDMQWDsDYhSPTbc8k4M8NR0FDk8UwlWmaqOpjUx9NliOq5BO5OkA2HoPXA/iTPZZJoKyYJ/wDb8ykx0cmgGRBwwTkbkbfX3xUHAra0WHsTLXjP4Ek9zAQKqyETtaEkM9l1Hv2/XE4AqmorVm1xK3SSJhu4tcavYXH49sCxtBN1BSuxN23kGkqoOxNuNsGU7h8uUUDPLUecaOiWYDa1/wD5bnbD2U9CVuNxw9hD9SrOtM1HAtNIHhLF5HYmwa1iSfv+cWeH/BGcZm9OGaOjEtzE1SbdrnbnfDmanlmEtHluW1kUQjHQdoWBaTaxb35G22+L4os/zyai+MppqGkpzdnqT5FsSRfu36YdVlUwI5qq67PAHULTw54bybK6pPEM0hzOHRI8lO12ivayqDse9/pjM53QpllYtPFP1o3iEnnj0FQSbhhe2q2NPmtRU0tHOoWikqWqhUxGMnpqqjypZlG1yxt74ceF48jlpazO80jaXNfiy4FYovq0arBQT5N7XthiuyAs8XYU/pMSweA6uTKcoqocySCqr2LGKRCpSPTfa25N7H0sfbH0DLKPM8v8IxRUNPDFmMVNY00ih2DXvZjfcn1wNltM2ZPl2bZbPGjKQZYUOlYza2w7bFRt2tbtgHxnmqrmQfLMzkpnEEscqiOwmUX+UnY77X/TFNrmfsYkYwNzIyvVQCkMtw7TkiCVQIm02+a3cE/vvpqms8OZ1R1QzmVYqvQiIC4YC25ZfLY7nuMfPsyoM2ENE1TE1QKiFqiFIiXJRdNybcH5cC1eXZplZ15hFoYPcQTliw2uP1He/bBojAYJmpXXxgowpz+/x/ubylTwnluWyQZhQlxUbmpjluWABAItuG+2MA/Tq4hLRo8a6yFF/wCIqqOTbkm++LKCu+CdxmVOtTEIyEjfmMtsHX9+mFbzyU+YMIp2kAt1P4egse+HKrdAwTyUDMtmcH+IIVLMW36l7knck40OV0iThhLMq7X023P0wtXo/EjSp2YmTaxG3b74NgpqqRVMSix2uDvf2x1513iYF5+6a3K6CmihVKioR2axKhRbncD7YNWloWKahI4UA+du+/b3vhDlmT1k9KZRU6dSgmMjzbH/AHhjS5I4jJmqpgWBvpa9gP8AOMaxtn7ooD9I3ooIEV1EDRKCQPUnbF7O5UiOXphdjcb4CWIpcari3z3ue97Ad8ERQQ2FjIF5Ctvt74pMMncYITHPG0gvZ5GYKd73HfFVRO6QJqsb7bD03/xjkEcV1AUqRbcWP79cUSaXAVwSTa2rk4gqMwhEuaZwtNEZFAL6QrAkr9fvj2jgrswpct106iEqS2izsT5jv6cfnvjO+KYpWrEjZPKWspXg/Xv3GNLkscmX0dOKeUs6zKZUAPliIF3IHKb2t3tvj0XEprVAfmbP0chLt/EpgqpUrNUWXxpTl+nMI3AuuxYj0vb7Xxrsl8UZj4rpa1aCjFC1OgNum1m0XOhSOfT78C+MvT5oyrJCOqtNHKzmSGl1aBc2YNe4FxxYn9MMWmdMjP8AwEjUOp1n6Tz6SSPnZebndSR9fXD7qfVTxUzX5/HNwyh6mezmbN62slapk6RKmGnWNiYkSwJQWsCLfjb0w+yHK83zfI5aSnp6ZcrnkEYrKwBmjVVtsvJsb7bbk740GUnMZsqSmro6enmacx0hXQ4PlINhq7jbf8bXA8O1IWkbJs8nnhip1fRR0ykudx82m5+l+b3vzZbMFb9Zi2WMjFIPF4DyiioRrrKiq3DF9QQMfottvvh1lcUc5ioaONKeBdv4aaVsBzsOcX+KllNPHLUlFXV04omNtR7AD748yySur8yrKaGGSmAplEFamw0k2awPfymx7XwwdZia6TYck6kkAoKWSearUs0xBYrpKrYbG/1OB6mjlrKgRU5aWOSXp9eJuonvxexG223fGR8bVlXl3wVHLXTsX1uxVVVWsw0bBQRcHHZBn09aaWGikNPIpVulAo1RWvdj23354vg8fHcs28akA4M2WaeC4qmhMOUNbQzorTSH+ILCwBA2FxbGDz/wjmmT0omq56V6sVSQoIWPUkRrDZtrIL2K2/QYdQ+LMwq8+pAOsaVmBmg6pZZFXvt3JA49PfDZDJnueVSS5pSt8IBLEXjF9z8tuLbEMebYqLa5GG6mer15nniPPVy5aBKDrQxGIRrVx206bbHQRv7ahb05wtzPMvD/AIukmhzNK0SfC3SYTWEe29l9ieTe974y/iWqqqvPTFUvGyRogSHWnlUrqCrpPPIv2IxPM80pctzZpqUNOsVEscvXUoIz2VQOTbbe+LPpEnymq7VMgJHU0z+KKH/lqaCiSB4o4zHDmMwKmIkWOq1rj1+3psk/+onimlrMpyvLYaaMlgtRI8B02YLpAsO9r7G+1sJ8n8TwUlPItSlHKlSwcp0z/APBA2vxe1uD33wr8S1FNVVmnLmkemVRJwboR6eg3t9sVqqiGzMpbmDQEVRpqOWnI1dVbkg7gH+X6YEDSFgQW1XO97E8YNocmzCus8MD2G2oqTc43OS+DYKCJKnMpC82r5V4HphtvIqoBOdwrr2sIz7dRBkmQ10scmtDEG3eRl3b0v7f7xpqbKaiiqIyXiIbk6ODubke1/rzhlC+vWiAMuqw9BYd/Ub4nBJMqA1XzSSaWG5sBa5/rjIfkNYSTKR2czxFWFQm9x6NcMf1xYohY6ZEYXA0KCCu3t/nFAgVA5ll3AOoqpNuP/MXQ2WoEqgDmxLbA7b4qlSfedmFKoiZVEJdhYkrYWBNj9uMUVL6AGYFbbAajvt+MSkmQ3kDSOFQ7g+tvxsP1OBnkDqS6uS6/Lfm/YbX74EgGTPJZ2mW6sEXXyQPx9Nzjx0DAXEhAFtAO49sXLElkugBPK3Atta537f5xZGPldQEWx1W39tsTqSBF81FFUw6pl1C4IVt/rthNkM5oKmSHOp+iiqEV4gbTDfy7d9h9fsMapHUR8Nq0hebc9/36YCrqWMwlekpYWAJXnc+3pbFni8v0zhuo+q3wbMRmaapy8w0i1gcuzysRoMwY/zW27Dt7YHpGqM9lp8voSiQRInUIWzqxvcXsTzqFx2OC3panLzI6dRoyCjagSYk9B+ffAHh2qNHop8uIpTPIoaZFBIFrbAj3742qbA+wdTb4/1AHAbr/sRdR+I8wq6uJFmSGtjHTp2jJC62tvfsbbYf5JWTZdmlZXZtpelIWmmJuGNwbADnfT39MfNYpWSoWSIbqQdjzbDWWtaaZXnMrrosNdze3AGOvV2mHczscxnnue5jVvTyIskkFNKWpuqS5QX2vY88b41GVeO6YZrT1EU1RTzvl708rFQ6rIWuoUE20jm9r4+dzu00rFJX028uxF/b8Y8gSWkljlSINuGQHcHfbBIuExmOptZVwZqfFNVO2bVT1NSjatEasigl4+JCL3t5htc3wTNmGXwZbWxeHXCSiIGaT5TKu/lN9w3zH74zBjr5JJ6PQ71M0oMpIuxPNwe3vgmDwlmEsZMcXUL/ADFAW0j/AN9MGWVM5Ma152JTDmdSkq1FK5ikv5G0252+gwYcyVn6yRdGaRNLMlxrN9ySOSe4w1pfAFdJFGKipjSIDzqTuCATa/4w8Xw1k9FAqnWRG2ssx3Gw78dr4zbeVQmgczPZBPm0jua16ih1pqFwR2J53+owwhyTN6pNb07vrIDM7WIPvfH0eOjy6ALT0lNGVVAoLLbe3ew34B/ZxTVV7u2hY9IsbnTbe/8AXAD6iW0ghNcQMCZCl8GZnqTrrGiH0INjzv8A3xqco8L0FLDHrpYpHcAkszHUPS39vfBEE9QzGMLsAf5DY39z7WxdABHMPNZhYaWNvMbE/wBbbeuE3cq1x3A9QmFmrjp6YFI0TcqAF724A/GAp53kdy7Kuu3T32QDc/Xt+zgh2iXpMhjPm0rfcW3P2v8A3wBIokdyso0hSEPBY/vtin5gncgkycIMEWrdyX2ctyx7bYka+AAMoCLpuQFJ1E37fvtjobOTEXUq7b2OwNtx9d+cSo0VpDLHCslyb2DbG57+mx47nHA+WYIhJMSSRAyspZiodxu17cj7fnEmVRJq0kkg2WxFl27/AGxBqOqSSMzdKQgjje3BPfbcW+2Cp4iZF6kliCQF07k9tvvf7jBYB7hYgClIOqJCGSHyEnge2PYyY2ddQRQNC25JPAxdNGCnw8YILSaixvex5/t++BQzoNEiKgAAR7jVzz6eh2xGjqDCkRm8+sywnbY/KL8D64hFJLJCJGGgBb2A7e4v/wC3xRTuEp1jlcaxuQDbYX7DFtHKsKohmvrUIzruCeCdud7/AL5ArDzLULxxpI4ZUDAlbcH0+/8AbHB47dRlKHTe49Ox+uxviqeqeXUIrP8AMRGGsLjnff1GKmBiSBQqu4UlXkv6C5PvyRifT8p2YVUTw6y3ndlG4B4I3t7nnANRTROai8CLMvkLxpvvyffg4Jgi6bszkaRqFi2z7ci30A9sUspdZmmZSxsSYzYLblb29sHUTW2jJ8iIK/hPJ3sZl5Aa62BI+v2/OPaTwnkiaXlEkqIt3VpfLcDYYOKXiUS31bao9VwdrgfTf8YjPUlIOowjR7tI1zZV41DEfi+Qxx5Qy8qpMkyWkqDVLSBdNyAxLC52Jsfa/wCcFyx04lamWKJRYi5A8pv/AL/e2BY5GBcyHzBLmxJsLnsB6DnBcMeuIzyFEOkgEqCxJ9vx9sLey0tlmMHzJ6l8MdPShNKKJPmaViCQbbH8nEJ6li5WB7uVJ8tr9v78/TAlMokl1TExApsyndVtYc3xNoIuk0EcU0cStqYhrE9lHv33O2CB8jljOyTL1kqNKopYarAeYXt6m+3N/tfA8sEdY7IgZ41a8jIQ2o+nFjtgxYbt1J38jAeUDa/JxTGdJlisEiVdyi884WXAOAIJEhR0gUmokiVLJqdybhDvYW243vi6qFGISdNwr62F+bAgC9v3f2xUsnUiUJ/Eve5O4I2tv649pmLKFkCogc3IPAwJcmTjUHgnQExyqdalUNhbS3t6bXx0+gsLFuoHLF/TgWF+/H4xfKhjVwJGC7bkDa//AIP0xf049Qi8zAMb3GleOL/cfrifP3E4L7QcQI3SWND0dtzvcWG/2xIUOtNOsK6gW0Dg9/zbHksrvGJItWgAujDYj0H13xzzMFIBVVaME3Njv6/pfEEk7E7ruXJTR9JWj08gudPtuR9cV/GNDFMkXlUSatCqNtj/AKxCprCxKazDCkR1EcgcAD6ixwKW6bFfKGkBO7E6EsPzvghk9wSfiEtUVMjKRfpyMQL7arCw+lwcDSTv0QOr1GUEgabkHt/jBbwuUYO4Kt5VHdTfc/8AuJ0sG0lzpa9yAQdXfE+WZ2DA5pXilurBkNrAg+bff6cYCNO04TWidRkJZ9Rvv/Tj7Ya1A6bIkrHyhblNwp39Pcj9MAVjTSSxwQKixjYm+m5Hb29Pvhyb6gz0xxxyAxWAYBSwNvT+6/nB7TRPLqVCdC/w1A32JNvwBhPIvVSwktL68W39/pz74IgRmkvpPkUldAt/s7/2xJB95MPSq1SdRY4VZV1MANhe+w/XFCSHQq6G6YuVPAJt3/Qb/wCcVwsRE3xFwurSHOwIHN/33xFZBKESdmujE21W0gnk+/pgcEbnQtKtIXKWQuRYawQNP398RVevDAjupTp63t/P23Hb1++BIY9cbbq0nWuhJJ5HP44+uCJpQJm0aQPkUPwdt7/Tb9cDjE4Ez2uhEIpGjZwxk6eq+4G/GL0yulSdDpZust21G9tRBIGOx2Fk4GoyQpEWeW8m+ocX4tcf2/rgOjnkqI45GbQZQA2gW55/tz6Y9x2BHvIA3GE8StNCDc3Otrn5rg7H28oxGlL1RknlkfUalo7A7WWwG30OOx2OP5Y0dw+qciaKJfKH5I54P+MBzOVWUjuin83/ALY8x2FD8okGeRyNEalUtZCCNvUHFHXknopZ3IDLLpsOCLnnHY7DgIEJrVCspA5W5v8ATFBmZTCmxDAjfkb/AOsdjsCsg9y13PwCsABYkhRwNj/jCyYmal0P8hmZdIAAA1HjHY7Bp3BMYU6h53VtxG5AuObEi/6YBcl6mUMdtIH1uBf+px7jsGvcgwyDV8RUsXYgLspOw3I/oBgSnmfTUNqN2LH6Hbj9cdjsSO4Z9pVUfxKdWbcyyIW29mb+uKqiRhliSElnLm7E7mx2x2OwxYAhIpI6bWsZYhIYwNRvsWP+Bgdp5lD3kZrEjzd8e47Enswj1LZHMX8Vdyi7A8bk32+wx0B1iaJgLGYAm2/PN/XHY7He0AzxmLVLgeUabkDvf1xKoN5oEIGggBh/23PP6Y7HYE/mEif/2Q=='),
(6, 'data:image/jpeg;base64,/9j/4AAQSkZJRgABAQAAAQABAAD/2wCEAAkGBwgHBgkIBwgKCgkLDRYPDQwMDRsUFRAWIB0iIiAdHx8kKDQsJCYxJx8fLT0tMTU3Ojo6Iys/RD84QzQ5OjcBCgoKDQwNGg8PGjclHyU3Nzc3Nzc3Nzc3Nzc3Nzc3Nzc3Nzc3Nzc3Nzc3Nzc3Nzc3Nzc3Nzc3Nzc3Nzc3Nzc3N//AABEIAJQAzwMBIgACEQEDEQH/xAAcAAACAwEBAQEAAAAAAAAAAAADBAIFBgABBwj/xABBEAACAQMCBQEFBgQDBgcBAAABAgMABBESIQUTMUFRYQYicYGRFDKhsdHwI8Hh8RVCUgckM2JkckNTc3SSwtIW/8QAGgEAAgMBAQAAAAAAAAAAAAAAAgMAAQQFBv/EACwRAAICAgICAQQBAgcAAAAAAAECABEDEiExBEETIjJRYUIUcQUjUpGhsfD/2gAMAwEAAhEDEQA/ACqlFVKKqelEWOu1tORUCI6mEo4jqYjqbSVAKlTCUcR+lTEY8VNpKi4SpaKZEY8V6Ix4qbSoqEr3R6U0EFe8upckV0V2imuXXcupckV5ddoprl13LqXJFglehKZ5fpXoT0qXLqJ3cwtLV52GdOMDGcknArKcY4uuhopIkbLamlA2B6b+Mb9zW4lVlgdo1y4XKjGd6yHEeGylJru9S0i5pUsMkEHwcD949a53nbuNV6m3xCqmzMk/LllkMShtiudsOB58UZeHyXWGtnIBj1OCoyuMZPw61aycJgEWu3mju1UAMy4GliDjPTxVd7ketXygZSmxyBn9dq4DWDU7AIIsQYRBy0EhLhCwTT8u2expWNpYJJdWVKbZHUfWmXJi5ChWDLsZAMjwCP0oMsCS77vKpBB0HfuR4Hfeov7hdiQxMSqvpxH0THy6fChzTKimSDDFeoK5G3xPjtU1ndGQyHV7zErINX7/ALVC4GBJzpS+MOUO+uirmLbqChnJgjjiU6s8zIGcAnH12H7FEhi5xUc4rrBV3LE4wSf0pdFZZ0aA5iEgUjuCT0x8DjxTKxGdpYDIFYnbA0jbzn0phH4lqTVT6oqURUoqx0RY69Lc8/UEqelEEdFCUQJUuVUCI6mI6MEqYSpclQAj3r3l0wEr3TUuSovy695dMaa7TV3JUX5ddy6Y012mpclRfl1wjpjTXoSpclQHKqEbwvO0KSBpFGWA7fveg8fvZOG2kcsPK1tIF/iNjbvWMtOOQ2csF62qSbUxC5Yrg+v4dMVizecmLIEmjH4zOtzb315b8PEZuCRzG0rhSc/hWS4/xhOISGHQHs8EhABzGOcAr+J+GKleyTcZu3l5a8uPAwW6Kd/r8KR4jJbRF7axJMmCNSZU7nffxt8a53keaz3/AKfxNmDAqV+ZRSCSG5LWryokjZUH72/dsd+9LuFBZn99nX/NgknpTV2pCBiBluoH+ddjnP5VKJraeIgh9SkHuM+vnuaw7WJ0BF+ZzIWgTKsG1adPg/h3PSkBdyIRHJFpXIIIJGn95p24ngRhhwxwuQx0kHzv1GO9AEzDqDq7e8SDjO30zijUUORFsaNiSm0uhldQGx52J8/GoMkctvockYzp7nqNie3UVETOtoyQrGqtIFXII3PcfL99RQ1KjRHyjry2pNeSwO/X5fHairiCWuKxYiiZ2DqqsCfdycdseP703G8TxNKHD4bJIGM58+vSlyqvII5JI1BbbmbA+CT+/wAK9gA5HMtm5OpyFAI3A60Z5EpTU+3qlTVK9t5refBgmjkzt7rg0wEruhpx6glSiBKIFqYWruSoIJU1jzRVXyK+Y8Y9tuIRcflht50SCN2RdQ2IJ6/sUrJnXHV+5ApM+lOFjQtIQEUZJPahxT28v/DlRs+GBxWUs/al7z2ev/tZQSWyIBLG+8wOxOOx61jOGX9zbcRgSC50wNNGzgYIJwBknGaVk8xVYD8y9J9k0YrtNMFM9Nxgb0OQxxKGkZVBOAWIG9atoNQemu00PiN/Z8NgE13KEjPek+G+0nB+JXJt7a7HNA1aZFKZHpmh+Rbq4Whq6lhooNxeWdmpe5nRApwc7nPjFPEBAWYqFXcljtWB9obue6uwZOZLCZdEaJCSuxGAexPqPSlZ8/xjjkwseLcyXtdMt3dRGOWJoRGCuBsd+/8AX9azTWV9dzoGiH2VVBbT00dyuOw2+oovFbS8SOWfkzpBG2ZCwA2A3yD9cetVd1eSlS5kMaxqTpwcr+9q4TF8jlyO500pFCgyYtri3kAsrmdVTGQX3O/UeO1GaCNZJIJ9KFUBLt1Ayds9fr4quTiDTqy2x5QaPS+vceemc0VZkdJmuI0nD5Bd2I0t2YDx3+dGnH3yyp9TmdlOI/4yA4VguCRnY77+KDCGEkxZ0SNTgajgj49TXsZ5jaYEJCnT7q4AG/f0xTywy2yiRSxGRnUuQfGKVdTQATEni5wkVAGUnIEg6ZO+MDYb9PyoV1w2aMZtmSPAywWRQBtjbt57g1Z8tAxZo4RGwKsUc5BPTIzsM1wdVj0spjeQnAXbodxg/DrRhiIJAPEokUSI6gCOSUDBY4XPT64O4oTSBeYkq5mXfKHJyD28jrv6Vd8R4ck5JMKtqXHMQ7EddsbfhVHNDPaXTxuf4ZT7x6rTVYNx7iWFQCMsgDvF1Uo6g9Op1YP7/CmLA++rFEjXBVcr16HfzSKTjU4EJWRcbA5DqD1/lTF3JJfxRwwyIChIiXZMLknxv1O9Gw9QLlpYTPbXkU8sjCWMakMekjI7HIx/WvqHsh7TQ8ZBtZ51e+DElI4SoVc7ZO4r5C8sSxqCskmE2TUWMh84A/Gh8G463BuLw8UhB1q/vhDu691yex/Sj8fI4bnqZX+qforRiulaO3ieadwkaDUzHoB5rHcK/wBpnBr7iSW8zLawMjMZp20hSMYB9dyPlUPbn2rQWdxYcHuYpJCAkzKpOkEZOD06EfWt7ZlVbiQpJqA9r/bK1mgl4fwqd2DgarqB1x8Ae49Qc1824rBPLPEsJClzuTnb40OJTJck5f8AiHTkjJz4p29me2bQFwWQquN/n+e1crLlZsgPuPKheoGx58cHKkY65iVZfUHbP50tc3H2VxEhAdHBJPbpQop7r7TKJFxNGutUc7Edx9N/kafhskkZ7viBjJKK8XUD1NCTqdmgTcj/AGgcUS0ja2t7fSFOp5l3PyB7VnON8av+JsZbicnXgFUJC5+FUM0s8tw0QKhXy7A7BRSMXE9MTIyA6c++PvHfambZX7Mepxr0JoJ+JTS/Z4bi5bCgLpOSNuh6+O9ClLDU0Z0nJBNC4ewuJg5zhQSScUeSM3Cu8RDIu/Xf6UtmO00rVcTW+zPtzbW8I4Xx8Svb9ROSxcnOykeK00ftZ7Oy3cbRzNqCklQuyn6fHevkF3pgEUVwC7gdBgjNG4LyWvwJZHD78oas6mG+CBTjncJcT8Klp9M9p/aGwvOGy21unvyElpJIsqDj8axtrwG2vgrW8qiWEF5eaSFKggbHv13priUipEYSp2A098/EUnHNFbtpMoD9Pe85GRnvWRfJfJ9TCOGELwIOWwiWV3giRdBGUBJOB1OKixZX0KiFdXvI3Qbd/lTEMUz5kEgXVvjmDGT2/LaocojKu+hxsV1AE/LvU2vmaAABUjbrlPs8SKN/vgEqdtgD2oyQNG4UTmXGThTufOPXfv4pPl/ZjmJyAGGrD/dyM5+FNwo8y6pJFfDaBIG3bPnHWh1lQzRqxWKRFOoYOToY7/L60C+tZOW0EZBUnAMjZIHY9q9LQkNFEcaDgjV72MAjPw6dqGjKIxjbfbKkeR96iAlXc8a7ltFkgMSBmIyXySRjYjtg5xnGd6pOJtdXk+iKFdJ3w238qunkHI5ciZZRlXx03JPXt1H1qvub9efHPKqoVf3iB02xg48bU3GAGsCLYX3KaW0vI2j50CIWOjSW3+fivTYyW8hjuI5FJUONLYJ3Iznt0x8qvZZ7fiXEDNC6uiaiW0nGcHbp4zQLmMtdyKXDw6QFY7nr69e31800ubowSgPUyg16GkRipH3sHG1EglcsyxR5LDv/AJfWuiZQkuoKc9jTXD70xobf/wAM7jAB38Ed6eTxwJkBjVtwsDlPNl2dhlVx0q/iiWGMxlFWL7oHfAH9B9KqLRkPEyZ5tAUKVUNqYnbb+1WN8piXETSRcwnCEFskHzWDOWZgtwX4PE6LH2uVYPvLllQ9zXTRrJJncHXkKrd81V20LKQZmYKCdR1bZ9PXptS15cGKRtL4kB30YOfj61BiJbgwTcuJQJr2JZVkEjIN2jx09e2QCMV7x2TQmkA4RdR97Y+B+NV/C+JNJLouW0lehPX5VZy2q32OZG6BDj7+x3xj4bb1TDRht6lTPyTBxI7s2ZGwwB7DrSGrIZETJbxVtxjkxtJDCHwfugnZaU4VFC8x5zHTjtsf61sVhrtDUXLL2ftGiie6mkwSpAjPUY61YIc6nWQhDvjA2FKK0ccsRSdjGWAZcZx5NNXzRQSE4JEi747D/Vn0+FZ2tmv8zao1WVjwNIwQuOWzbud8AVqeEWXDrOJLxEMygHQXGAcY6Dxv1rPW6C8BmUZBU7E5x61eJMwsCiuFW3Tco3TJ2FLzgsAohoP5QXGOI3jROOux0qhIJ/l0rvZ+N72ATMkUZHuFimSXG+xPxFVySyXVs8s3ujdASfGO5380fg9/yZjCkf8AEH/CjZ8KQepJ7Y2qjj1x0g5lX9Vy1k5UDh3lBO5Hu7nfbP4/SkuIzyJqZFLp3cAZbt+niry7s5JkaabAXRjA8+npv2qru7eKKEctTFcFtUhWYFMDJJwRtk4peJ1MZzAW4gKo0jahge+HGSfXxvnvR7e2W7c/ZXeLCkYT3kz3yDnHff1qNpaPMOXlVz72B39On7zRI7u0jglRrhSgUq5HXPkD8Pma1rjNXH4/Fdxb8CEExBCCJJgQS0kaDUfO3w+FRjWxlJuIplwso0KCMHbrjORt/alreJJZkcSO77LjopXtn8/jTPEJHt/cDOIyf4rhcjR/emLiFXNC+GQm8k62s33GeMyYBdM9Rg7+lAntmkudKtqQuoORhgCR1232/v2qonDLMZLC4kzHktDkgqcfeA/0/D8Kc4VLdXNyrO8RkVl5gYYbUDnAP0+tK1KcznMOaqB9n05UUlyuGxcSZ3G2Nsn9/ntpo7KHiEFvGwQvN0dpdJBUE9MZ/Zqt4LwW2SR/99uIdRI06gW3wScg4G4O3U7bjrR7WOZZ/skeEt8EkBBqABOGzv7u+MDvk1drsWPInR8FDjo5F4M+ciJySQM98E1OGNoX1nSDjYdx4p/g8Tz3QIQpGerdyN6PcvHCxEipy1JOh8klvJrYdbqcxPHQja4/7H8KuOKfbJYsLydLPLI5UE56Z79quZeFabFmuLnUVIRdA26dcnf06dTXnsnLdLwBzBojiklJGhMFcdQfjt37UnctMZGtpFOAMsD3Hoc9/WuTmLvmYA8CdHxfD8YoGyckmK3ljBd25itPvx4kIZvu57ZrP31s1vMYcAMgXOG1b433q+N3EqxuqMxIKucrqGB0x0x0oXCCLq+S2vRiKQAjJx2yPkTWnGxRST1M/k+LgZ9cXuU9qJIZlkjYo4J3YjxWgtuJFuHSEOxnQfd3IB7HPwH41az8Oso9ZexEgWQKMqATt/YfOqcx29o7Zs+UHyHySOvp++9LOVMw6mfL/h5QEbAkTO3N09xJqeRj/wBx2osBWKHII1Z3Gd8VrrHhPDuTFMLS2nMgMgTSfujrQeL33D34Y7cOsoreWL3X0AAEdiBRjyQxCqpg/wBGyrsTMvHMdRI1e6Mk6ugGKftrgkrHeKH2AQM/UE9MCpeznDhxm7uZbqZ1hgXUyowBbPYUhxO1W3uJDDIwKZwD1A+NOJRm09wVxuMYyepd5cSHkaCH6t2HpivJdcL4jkyjr73XqOnx71n7VJbiVIrd5XnmOAA+Mk+a099wG64dYxM95HOJGww3G58H5/gaW4XGwBPJh4wziwJUyXYjtxa3IkMPMLEqem3TFD4o6jYHQGAJ0du+PxqKPLKxsjIednC5Ocn40PifC5rJVklkhk1HACEg/MY+FNULtRPMEoxUsBwJquFe0y3ReKZVjjA3ZW6eB+FVMnFWv7lgoGlFJLY6H4d+lLp7LXkVss87xQllDqjPv5+Gcdq2Hs1wWB4nClGQRhWZgDt4+B36eKWmLAGtT3NeDx8mX7zQE8vrKUWcUSEOxy3TocYyT48fCs9wwPd8Q5bBHg1N73cLvv8AvzV97QTYtDA+lSWIWNWOQ2fd2G3TIFV3BpEF1aWru0ry5j5AYLoPknrjvW3IFHfQnYyIuyoeh/zLd7SaGP8A3WIYGAZHwNsdvOP5UpxHhMrQwRXsmBIuohep7/k3StJf2c04WOBgBFHpJUn3zjqMd8nNU/G7V+IRJfNMuYo4o44lygGWGpWI8DvXOxeX8pb0PUMtjcUBxAcNuuEcCWNmZo1VtLTCPmGQErq/nSxilkaXicfKW0aR2VWG+n064FXLcCs1IS4nn+zSEScuOPUWJ7ajv0xuKTNyFX7HaLD/AAyy87dV0A+Dt1G/n505uqMIYduOlH4iFs8sKANbrI0qk6t2UDBwD5GBTN9cNaXNpdXltHcxlcSwh9Kq2nGB480OS5WG0jkgEXMiZlUayOu+cDY75+tV3Dof8VvbgXt2ihQHDSJkHONsZG/T6UCt7iUyMBQ9y4T2VsEVAss66OmJcV1x7J8NuVHOefAyR/FA69auTZhVy00efGo0aK2h0jVOm/qf0rj/ANTmu9p5nWIJwyOz4XDZ8NnkRYyx9+QENkj09Pn61keKxAXM0syztphcqMaVZ1PQ/wDL16elfSYLSz2DXCfj+lA4xacPk4ZdRtIDqhZcb5ximYMzB7PuaBnbTSfPL7h5t+XDKmGdFZ5BvlyDnAPQ5648UT2UsHg4oZbuKXWABHIp1FWzuevjNbni/CeH8Ttwv21ldWXScEhR3x6/pQ+HcL4VwiP7Q1xLcSI+UKn3mGMb/WtP9RtjI9mTGxDggcwat/vN40EapEFCrLI+kjIzkDBz0O3qKxF3E/EeOBCSBPKOXHEAD8cYr6I3GOF3aoojlAD5k1J0Xp/MUrDxDgVtcc2LhyxscnWFGfrSMJbFZI5qNy/Ix6qda+z/AC+HrAt1MCu6MY0yp8Z8bVn39irua+RmuYjA66pJNPvZ8fj+VW91xdpZWa2kdUYMQNW2keAKWi4tcXGBazM+lsateAF74yPFWj5V5HuIYhR9TR3gXsfHwe4lkivFnin92SMwAe7v0Paqa59hbziMsjtdRQxuNSZBLHrt6CiS8beKUqOIhUHVcnUarp/a+0SJosyyMPusc77UxB5BbYdwflTXW+Ja8F/2dycPv47s3avyzkaWIz5zt0xmrKf2aml5yyTwi3dw+kS5Cn0yMeay8HtbcPtYWk8hAA1DbGO+DtXhv/a25yscCxxE5AZ0GPxozg8l22YyhkCiluXzew4WJtF2wn16wwlGV8dhS/GfZbmqn2i4AlH3GQqCxqrisPae62vL9U8MjhmHzz+tPW/s9fAKJuKX2FG2OXt9TRfDmBsuJYZ6qofitgpjjtZZ1JiXQzMAxIAA/Wr+24ZLPwSJISJBImgqoxnqMZ7Y6Z+NUR4Dwwe9cz3bv3zMfe/+JxVxde0sfAOAQWlhFoMbFRqXqDvg+e569qPFjKEKWmrBky7GzMvxyK4m4iLERaTAcLJMRkDIyfhkbY80zb2NhFePM8jRzEcvmZ/zkEk+d8YpPi1ybm0HENQxKgk1D3Yw5643OOnSp2tykfCIr2UK0gl1K4j1bjGD2O5HeumKncxshPPdXNJdcQseG2EPOeUXMgLxkAv7u2WO/u5JOc0pwywheG74he3Jk5yPIuU0qhUZOSNsEGoWfA24pxRuKTrIsjqxKMunDE6QT/p2GcZ/OoceMkH2mFTJFbSlOXE5Iyv+bIzsMnGO/UZrN8aY7IXuXjIFjqzPeMcQibh4S2uN5iq4BdeWMbb42G2MDPbpVctnBL9nhLR85IxGETUmsk51HruR1pSZoZrC0ijNzIiy4Z8HUM/5FB7Z7+lB4nMttcwqI5ET3iS5w4TYHf8ALxmoVuWuZQC7c1/3DXVm9xiGEhZJJQEjVzlMZ1Enp0A70tZJHFPLHKplce4Bq+9jJ1dOhyfpVfYuq8QiA1xQK/3Yz72PT16Vaceu7CMW0KRyRXKDLyl/eC9hj6VCoqhEqFYfMxo3/wCqb+OVJ19yIbecAfHp0qE8xSPXNNFGF3CjH86yv/8ASrcw4t4FY5zp19fTFLym5uHSSd8MR7yEZCk9BXHHjtf1cThriX+Rmi/xu0IfDg6F3LYAPoCPNBuLriFzFJnh7Q2kqBRPjfJOO461k2cQs4hldj3yRv8AL6/WjXfH5GSNDI2n3fdJ2GCDnHnrWkYNftFwMjY1+0TazSLzGSCR4NTYTXJlnOM7ADp8PAoEfDroSJHdJAVYkNmQM475z2/Gs9J7TvNMrMqgrIzaR/l2xt0267GvUnl4gmElMas4dieoAH9az/E6dxXykS24rPwXhsc1rcGcXBXKOrZ9COnp4rO2AuL6xKzu2lycN0xg9aba34bLdC4e4kkmt190ytgEgk9B33NL33HYoAfcOkZVQowfiB4705FNaryYnJlLHuHtlg4dATNc85iD7mOgx271Q33tJJp5UKIsYJAULVXf8Qe7ld0ZlDHp6bfpQLaKJ3/iSEeSOtb8XifyfmLAJ7nFJLubLSRqWO3vjb8c1e8M9n48h7omSPPSOJt6s+CcN4XpUxxcyTrkgmtJFFCgwUAHimvkC8CakxDuJQNZW0QSO0nwB/5DfpUWvrVutpcbf9M36VZM9mpAYdfWjw3NooAwg37is+w7j6qVEd1ZHpaTqf8A2r/pUjOH/wCFEwx/qjZfzq3NxbknSVU+lCkuYkOAA9XtJUTt7Z7i3mfmR8xMEIDgnfxVBctPzGi4jCWXpocHf+daP7VCSSy7/CunmtryFllXOxAz2FIdTewismLbkHmU6WvDJ7GCxcMkIYvpBIwTXX88VvPa2VtbvHAGXDlsq2+2f50K+4VPZskse8Z2Bxt8/FNcPn+1H7NrMc0Q1qx7Y7ep6YH6USZn+3uP8fzPIBGIjnqN33GngdkjTktFKS8fOVkJAI6dtzqqhv7lL2W7vLrXlYxGrsP9IGlR/XNW0/BmvrgTo7SiUFebGupg/bP45PTrVWOEXEPCJoLhVfVkLLINiQ2MDG43A3NaUU3Znc+LIx5H5/3lfw2+jaC5uJWQyxrrGZGjxggbY6ncfSlzFNcwNLK7tOwOVJyQo3PX60NOHTW8odHHKl1xsmr3gvcHHqB+FMHQiyRW+toVxq1j32fG4HpR8Cc/G7kVlleJCpJkDGZTs+rtimVjiaE3l4p0atOnux8j0p+zsLJ4pJJ5AkyAEJgk9euOh/rROI22qZIJHt8qCTADhQDuDQG+Kj1xZitgWP3UR/xKNNMQiZUzqKqcH5H99qla8SmaJLYgFAdmHUHHc/KqW0R7l2ClQ4HVnximLRZVudEQMjBs4VsAj8xVHEvuee2Ncw+p3dsE6TkDI6n0+teQwu0pkkyFjbIOjOrqKatwltHIZSO/TfepPPahD7oIwVyD3oNvQEWXEjYzLFcBnVNQGQXGQuP5ZpuLjSpqCkb7AeO1U1xcJzf4LLpA0jHgY/fzqueQ6joJHYkdxRDCG5Mrky14pxFXZtBIYqd16HJzVSZJJd3J+texojH384+FOQRQttypz6hR+taUxhRCAqLRINhpb64q84PZcxlYwA+jSf0qdnDax4LWzfF8H+dW0N2ijTHHEo/7AKp2PQjkUdx2JTCAFAU+gox5kyj+PLGRt7un+YpNboMTqlVQPAAoq3MRG8/5VmIM0AiDltJGYluI3Z9A6D/61AcOYnP+I3/ylX/80yJbbqZX+QzRA1r2lkPnKVWxl6iAThYxk319n/1h+lS/wpDv9svWx/1FMLJbqf8AiP8ANdq9ea3Xbmkg79BVbGTURT/Dol3+0Xh/7pzUORFGfcmmz/zSkimmkhffX9cUKQRnbWM+hFVsZeohbe5hZTDcBnTOrAPeumiiPEEk4dcpBcFSuhThtxv6b0oIomIXWuT2L71YWaYBSQExE4IDYOP5Us4xttDRUZhv1K7PL4iqSSYWNzrjBIVjjYnHT5VDjnFltbyNEkjuFlBBTQQikdNu9Cv7a8bjkUjRKsPLKka9uh97137UlewfabyKTJ5K5AyNmO/1NbUPHE9AjlsB+Gx9VcxKdHaW4uFQKkpMgiG3wAqx4ckctjrmkhj0am0FjqwBnNJ8RmmMiQrrEZXOO7HcbVXMbeRUQ4jcbnIwD16eegqcAzm5cg8bKQvP9+o/ZcYutS8u1jJwo5mCcYOe/nFeX1zJfcVmuVt0jD4yExp6CgshyPdIWVApLdvh++1Tt9TQiOFXklxlyrdKq/1FB8hAVieOv3FrGNIp2jC6gzBSW643/Sh3F1KsswDAKpDKMdCQM4rq6qHLczgwLzOWVSfdwNqUkkbHwwBXV1MUCUsgWOM5rk617XUyMhuh2ogjUnvXldR+pUait48DY03HCm3u11dSmjljCRJvsRj1qaQIxAOrc/6jXV1KMYIwtvGhIAJ27mjRW8WC2Dn4murqUYwSxh4fbtpypxjpmjpZQrkAHA6b11dSjGT1YEL43xUmtogWGnIAGxrq6pLnQQoG2GOnT50aBRzSvbNdXVDLEqfaZza3EDRAZIzuM4+FVM1w+lyMAxOzqfXON/NdXU/F9k6mAnQD+8CWe4v+YzFXhjUqU93J8moi4dYbyHCFWXWSygnOB3+ddXUxfvMzBiWaJ3OYbRnViWGNyc1OwzLCrsTqJwSK6up9fVKB/wA6v1P/2Q=='),
(7, 'data:image/jpeg;base64,/9j/4AAQSkZJRgABAQAAAQABAAD/2wCEAAkGBwgHBgkIBwgKCgkLDRYPDQwMDRsUFRAWIB0iIiAdHx8kKDQsJCYxJx8fLT0tMTU3Ojo6Iys/RD84QzQ5OjcBCgoKDQwNGg8PGjclHyU3Nzc3Nzc3Nzc3Nzc3Nzc3Nzc3Nzc3Nzc3Nzc3Nzc3Nzc3Nzc3Nzc3Nzc3Nzc3Nzc3N//AABEIAJQA9AMBIgACEQEDEQH/xAAcAAACAgMBAQAAAAAAAAAAAAAFBgQHAAIDAQj/xABEEAACAQIFAQUGBAUBBgQHAAABAgMEEQAFEiExQQYTIlFhFDJxgZGhI7HB8AcVQlLR4RYkM2Jy8VNjgrI1Q0VzksLS/8QAGQEAAwEBAQAAAAAAAAAAAAAAAgMEAQUA/8QAKxEAAgIBBAICAgEDBQAAAAAAAQIAAxEEEiExE1EiQTJhsRRx8AVCUpHB/9oADAMBAAIRAxEAPwBUMtZmrzNTO9Kg7vvAq/iybAC9vTEHMKKI6IfapqoRE3ll1PbYjYE6R0G3GNqbMNUpeAGHUnjGq9/P/THfJoJrxpKnhmBKE3sfj5Y5JZqx6jUw3QnPJ8op5ad1WRdbnbb9cE4MyfLqWXL4WRokezre4BB3+/73xKjTL2p3gpGZXJINkvp8xfr6Yiw0VJJTzrTwTaHYgEi7a7en72xK1m8nf1NJ2gbeDJFIlHWTOHYwtszE8Ejgj1xyrcphqws1MyLKDdVUAavU+uO9BSQrUR+0rKg0heL722O3OCUtDMiotJWUurTrRZAQPryPphBs2vgHEYOV5nPJwYVlWtikBkUIjPdQu/N8HKXL44aoe0whLbSMABdT/Vp4OEuTtjXQu1PUCNNN7rbUPjjX/bascBnRCR1vjH0tzfICAtqDiWdl9TQ6lilpooF12upLatt+vG4xLyONKuiaBSLLLdTsdHive39xG3wxVQ7aVTqTNDCQfJbnE2k7e1NGvhWJdfIUWIvhlVeoQjj/AKhG6sy0KhS9TCiRnXYqgQ7IvnvzgXmtWtJVyRhlnKjx96pIJ3O3lz063PXCVH/EF0cyMiBrFb3POOc/bmnqmPtdMTbgqxBwNi6hzkKZotQfccKnOqGeF4NcaQqoPdKukk9bEbeR38hhWzDXLMWp47RtwrOG/T9MCZu0tBPM3+6OXO5dXGr4Xx1bP8qnaPariC7AIBv6c4X/AE9wOSDANqkTjPLEk6uFRnTYLsNN/wB9cex5mwlLjuVcC1gt9vLHlRmmRsxKirLNywK3P67YgGtyQnVH7YHB3sw59dsVLWWHKmAXm1VmMk9U7RIAre9pNjjfL6eozqrSmSJi8lkXSLsT6ef6c41GZZJ3RQioU/3MELHHlJnFDRTJU0Elek0bXjZSoKH+76X29cORcH8DM3D7Mdq2syrsBR+x0kkM2est3Ym4pwR92/fGFqi7P1mdVZq8zkZ5JDcmRrm+AdTmNJO081TSrVaizO8h0Sm//Mp5+IIxdmWwxhLojG4X+tyR4R/aMdFG3DjiKY45i1RdicvVfHArN6RFv0wQTszlUNtVBqPrpT8zhoMSqgYw6gfOO33kdcc5ZqamKd7LHAWGpVmlgS49CNRx5io7mje3UX5IoqSO9BkdDI3Hjl//AJU4XM07QdqYfDDkWXU6X95o3IPwOoYf6qvpqaUwzzIrCwZRUTORfjZUGA+d0ZrctraOVSVfUi65bkb9Ob4xXUnAhHcuNwlY1ebdrZWYy5lHApHCCJbD6E4BVMFTOgWuzvvkJuVkqmcX+GGrKOw0NRSJPOCWbooJ3+mCsPYagddSxSsg2vpsOL4w3BTgmNCD6lctS0drz5i0g6+FnxqseWDrO/8A0RgfmcWXJ2QooaWq0xDaMnf4HEik7IU80ulIKZQm7NM5UfI7481mBkzwwTgSqyaFbiOhmk/63A/TGs6Coj0xZboJ4bWWIOLhh7JROZIwlHCY5Cga5YH1HhGIlbkkVM7oBGwVhZ04Ybb4BNQrttXuGUIGTKnamihkeOamlLAj/hS6ALgHjz5xmG3Ncuy9szqTUxo0moXJW/QemMxZiQm5QYAo++otcqq4QDVcDi32OGbKs0NYQGO7DSdgpPz9cTo1oGpmjlgijjINzYkEHyxyy2DL4kZYGaQE3YavFbodrAY4T2C5TxzL6dM2RtadJY8uFUI4Lw3tpIYWJHIB/fOAlRncWS53NFAneKoXwk6TcqCb/XErNezsOZPL3FZPEFNwTZgrfn++cBMy7PQRo+mrmFQt2/GYNq9Bbb9f0bp6Kj+TZmWUuv1GOmzjK8xqdKs8LPYawQCb7W+O+IPbOarpJ6Zo68yCVCwDqAQBYHj44RUqZIToBLFbg49qKyeoAMgcgXtffbFKaEI4K9Sck4wYSdvaCxcESA3fS/I8/thp7MUENRQe1U0ndVJdtJFn45BBHocI0E0YDu5Kk8+Hn0x2o554mFTT99GyXKOp26j8r4bbSXXaDiLxHHtWKWWOnrqYoI5BYyoL+Lkq3rvzhSbUs7sHN9X/AIn2++N3rZ3e0jsAzFgtrDV0J9ccKsVMvjEBbcAyhL7Hp68jG0VlBtM8BJcc6uqLJdlvt5Y8D6bLYkqLajtgdMSwUaapiLaQQAMdoZu9YAIwkaygC5v8sN8fqeIm/eePT4bHe1+RjrLFIIIp0Q93MxC6bkah0++GHLOzFTVTwrWRSRwSQsGK2Bic2tcfHD3RZVTUNIaWhiJaWxEzWYawOVW9hxa1rYYlBaKawL1Kh0kvo3Eh504M0nZ2WTLpqyVkjpwl7uxBBvZSdthfFkUeQ0MTT+0xRJU1DKSyva2nm1xbVc38I5PPmWpsupHXTEV/DXRcW2J6hiPrsbm22CFGIJt9Si5aSWmnWlqNPeo+jSDe1/XHtVSz01XNBMlpYPDJYX0jaxPlc23xcFP2Ny9Gmlafva6e/eVGrxAHkeQHwF/XGlbkkGX5OaJKgRxCHSZ5FV+8PAuGFrnYX3+GM8B7heUfcpipP4D3ct4Dyvpj6Sy4v3O4JBC2tf8AtHqMfPlTkldHQyyrEsiW/wDlvfT8cX3lc0EtEJYyCm1zoS+yi/IwvG3uG3I4mna6CKfJqITx6oUqNUiabllF7gbnc4kyB1yrKmVTtSRg+H/kGOxzmGjgiYFiNtSlQQBc77WHUfTEI9o45u9kDpLa4iKsAo+Px+2OZrKxaGXPeJfp7Nij9SbmeVxTz+1VBmi1/wBqAjYCxueL4yJNc7aIn0PITqWJQDv1N8Aps7mdwZqqCBg2nTGnoOWN787HnnnqTylWYxtIkJJb3lhZvvsMU6ZawTsERe7sBuPEiQVkGUZPBVzACNSoLX4uSvXBOOrhOixi7qoYhNxZm0X2+QOAedVNRQdkRUUcpSZGUAgAmxO/II+2BUGdVrV+Ro9VMfaooS6q2nltyQPPjjE2ppDWg/2/mVUDNWR+4y1ir3FWLb9yfyOB+a1C0ehixGocA8/u+C9co7qsJ/8ABP8A7TgVm3eishEUkkd1OySMoNreVsN16jwHP6i9Ax864kV6mrhoqeSA6ip1sb3Jvbb6fljlRiWSi/HU95cizc21bfa2IdZmFXDmNMjVFRpOlirSsQ1xxziOvaWmhtRCOsqaobMRHcDfqxNthvibQhBYcSzWhhSM+4Kzp5Ys2qlVwo13AMLN0HUY9wAz2rzg5nNI1XPaUl1KTFARe3C3A4tz0xmOuLVxOGU5nKozUTVZeoSeAafBtt9MFaGrRjoo6p5ZmS7JotuPW23IxXaGR25cngb8YO5J+NM0dVUMlwLDSDc/HCXoULOnXd8sR5ozVqS1RAY2J8RNth9cBe0cFXGsr0zlUYeL0B+O/wDnpghQVsdK605qHdgNr23HUHHLtSiexxVDLUm1xphUG1+pv143v5+uJK/jYJVZhkMSUprM5vdgpJtbn9nEhKJrP3ZLW3JA4Fsbrrj71JUZWKavERexG2O8U4MTKENn3vbb646Jeco4mJlHePFGGsTZTpsCTa+1+tiMM+UZFFJQ928s0aWsykJq3O99tvlgJS1ZhKmQswXxamsQPW3+MFsvqhmOew10j6CpN1jGlT4TuR1OA3zFMI5XkVNJS1QhLlIKh4C5QeI6+Rt0B++JQoV1dxqAQatKhBsFKAfliYK148qrRTAPItVIUF7j39gfTCpk2YV8b1ddNTwM9TLGC+q24Jvt8sbkGNxiE63KIkQAsLKqPuAL8bYVqmhkoKinqaZlBSzpcbbG2HiurKRmkT2mMaEAvb4YHRUUWaUFAiTmSslkKsGAVE3OxPna2+A8m3nM0YIkrI86epopHkbVW6hdVABkBJ28vicHacw0qd9WSd0SuyRP7p636bYG0uVVMsimpo6NYctieO1G6xvK543Ny5O/G++2A3aBKajyzvMxzOCevZdCQ0qljHJb3ZDta1j9MUVapWWQPp8txCuYZ1RvWRpMoqBxHpYsrW4AI+AxJGbSVSPTKixzLYaEkBKHptxhX7N5ks8vs1KIqSWS3iZdQHS7OeBv5YmZzSz5PL3MjM0MQEyTxKNWrg3a5FvLbe+H+VR3B8DSdNnVTS1bRzOYGfowsWt00n5dMeyV38wBjclwvidC9rdAPvhUzbPqSs/Gmjm71HIiRm1WW/rtv8MAZ82rKmRgmmBHYErEuknkcjGeQdQl05aNuZZjHRIzylqZjcaXFyRb6HFjUMTNlYEMgHdiNmLA+PVGp3t8cUjnDNXyLLJezAIqm/hxaPYzOWqcyqKVe+WNY7hLyWBAA2N+Dt/pvhFnz4jSvjEiZuakTmSmleNT4GZGDWJI4tfrb13wqZi80UkmuRtIchSVI1Efa+2LinKyWSemkU8Al2uL7X3Bwo9rMoo1XxjRC3B7wkne21+vliNqdvMNbMxDOe1MlohU6YFQ+4nBJH34xZnYTMamtpoJJiw3HhMcm23nxhRruzEbTs8IRlcA6dSCx+GHHshQex93+GQQ3OgG23mDiipQpgWtJ2fJE3ZjRKJSmpL924Dc+ZBwAhgoP51kDWq1lSOFY7uhHvbX8P5YPZ2Fbs8VM0MQ1p4pX0rz54EwUDy12T1UbwyRwLEGeOQEe8cS37hbwPU6GmI8ffv+I05ncwVYQb90bfQ4FZ5LBSy0pqZZI2IcLpi1XtbnceeNMyrp0zTuxLMI5ZI42RNDDTpYte+44+2AGa101ZkmU1FQJZZWjkZ2aIKSdtyFFh6HDdWu6kiJ0YxapnfOa3LIDFNLWyARUyyaTB007H3tsKFZW1gUVlJIBk117xCFR5Sfe23J3xtm/aCnSeB44BK0NJHGbxXIcDmx2Njbpx674H53HV5gmXMAFinHgVRYK5O/h8rEffE1VOw5H3KL7t6YBzieZrRPnNQtZlVUy0zJYRCPT3Rubrz8/njMNEEdNQwpS09VLGsYsQouNR3J58ycZijcRwI1f9MJUEiVlQ0VVOQ0d0Q7hmBsfpggculiB1yaTyTY/AeXP7tgpmWX5hk1QizU8kNNIdMJcqCTa/AN/rhw/hnTQPNmFTmVI7NTU3e0olhspe5vYkWJG23rh5JM5oZg+CIgLFNIO9WQHu778fsX5wcrM4eCgpxCrOknvO6sbr8QPPb44d8thybtDI5q6RoJtZJmpfBq+I++AHaLJxEa7KtbrHGbob7spAIJ+INvkcKtXYQzCPptFgKqeYErKKKvhhngQLPI6r3CNqldeD4bbAc38hhv7Ofw2aehhfNK7uFkiVooY1Bcqbck7A+ljtiuctYZbmsdXEjVCwkh/GQTsR9iQfli2Kasq8yy7Kc0yyRWigpVWdVkF4XUW3BPUWxW5VgCJFtZCQZxzX+EyezF8qzSQVCi6x1YXQ25FrqBb42PwwhGizDIc4kp8xVaaqiUkowLK3kVtsQb84uZM0kNLqu3Hi+GF7temX9tKSjqsnrqJzFG6zl5dDKpF7HbpY4XdWFHEyqwueYjUWcwpSzxHUGnfWyoBuTzjMl7O5xm0kkOSQsIQQDLPPaJSbm97c+i3xEo+zsxqqn8WkanpdpZZJgsa2O1mA3v6DFu/wAO8vlo6WuaqekaKTuliSn3VQAxvv8A9QxMucxwJPBiUn8Ne0SMJ2qstmsp8EVS4JO45KAH6jAepggpsySkqoquklDESiQi8bcEC17j1xe9S4SEtHEmo+7c9em+KR7Z5lmc+ZyRRVUEipBFJPHGVNphcsL87E+eMsQdzRhBmdc3khiWm9kmVO4TwyRE63Ym66ugsQOMK/skkrwe3Qyt3tSZJO6dfEbc3O1j6/XfHWdBIHYgu7At4Rbe2DvY6urqYSRxrHJSOfxo5dlcD+m/n12wlCawSJ4Eu/Ak2oki7Pd6MqpAlYxKe0IqkNGDsdI23Ja/nceQwFzCqzKalkpql1hiKtIxlayu7EWsAPvwPTDzQ09PVOZKVFSOOWQCPkaWCMvPQFmPxOBXajJairpkMEq63SzsE02GobEdeL/IYVVqxuwTKNmBuzKyrIL1joxQtFdSVa4uD0ONVRe81CwAUc/HnE/MMlqYZNMN3OnxaxY/LESGkFRSTyPK0WghYgw2fm/6fXHUQ5GZgyuNw7mpeWZNayJGkd7aubjj5db4fuzr00FbNWVEklPCAn9DPYkbnfz5688YBZZ2XefLo5XmNOCb3Y2JAOCFZmVPlGaO1JVFQ1jYrdhvwT5dcZ5UJwDJnVmJIlgwZjl5kQJVxnvNw3dm9tubEWxH7Tyyewox0uI513eSRNiegINtut8I9VBlmZ0bVVmpajVe58PeE8Gw25t8sdoGr1pZDVTySqU8UAc2LcXXbe4AwNtyIMGAlbE5Exu0QHaFoIon0ySIhfvg40jpuAPnxvh/yuSJqsxIDrSxIMV+f+ZfDilxVeyzd/FHJTsHJW4JOq+4xYX8Pc0/mtTJVyqgmNgxWO1/mP1xtRMF15k/tfKYuyNRIIy+mSOwXb+oYTqeqqHzrsuneNHFNFTs8Ya1/HwcOvaeoqaPszUSU0k0Moljs0UhRveta4tgDQZpWSZhkQmlDidIe8EsKOblv7it7/A4B9obOJdQGZMf3/iM2bZXA71FTp0yopcEc30kfrhL7cVVV2fy/LY8pqJqYCRxeNr7He2/S/0xY1eL09X/APZP5YS+3cVHP7DDX0M9Sra2QwSFWQjSOLb89cPOAOZNWSWwILrsiizow12ZVUplkpYRdCAdRS5JuPXCTIWpqlhHWHu6Z9ClgwJF+VH3w+Zu+V5aIsxPtkskdNHTpThrABB/Vbn8sI8rVue5kHYd9PUtYBAAt/0AxMoYMSTkSrUItaKu3DTlV5xWzVDN7TUInCAH+np0xmGCTs5l9Jpjq8zcTEXbu4lK/K/wxmG7k9QhpdX/AIZDaMtVwQpK6MadWPi33Jvyfhhgyuuhy/Jpp5XZIF8QgWWRmudi1ybXB3t1scD+0mUStXDMqOxiZjZ4iXYbX0lNrcta19rel1vMY54aeJZg4Fy+lk03B68+o2tgWr+szQ20bsSx8hzHJIFWtOb1MTxtplLZeRqB4vZzxxfDnmeQUubzR1zuzEQKPAFUuNyDqufM7WxU2TQVDUdLNR01LNLLH4/aWJAsdrADDdS1Haxu5UnLY4Qyg6Liy33t4fLDfiUwxkJBSzKTyHs1KO1P8sl7JQPkM0+h65++d2Vl98M0ll3twoxH/hxSuaXN6F6d6v8A3dXEJksXN+Awt5eeLJbLaaCsjqs1zFl1zr7PDfTc3GkeZ3xTnZXMqmhp+0FXQ1EsMq0gdGfhCW8zgNwOMQwGbO4SyafK8wKAR9nMtjA21TyB2H1LfliDVUE8Rqo5f5RDJ3EqaaeOxUsjKNwBtcjCEe12ZViKJKisqFDrramDnYEX42wWymopJqpZwanvZGAZamBlLXBA8RFuSOuDNhPcBdMB1OmaV9FlNNFlk2Wd6HAWd6C7AhBZbggWPpx5YY8vr46ylMZqEpu+sTFOjIDYWvdb+nlhJqYKqjo0oZZDJW0wCu4kI1qRtyfePHyxFpaDtHDVLMuXI67EB5lILC+/J6HCq1WskrGuC6gH6lq0GXZhTyRtDUUJhZkMgjqXIdbg8EWvih8xqJIM5zFrl4HrJdaC+/iPlixMpnrxXUzVWWIgFQjMU0nSAwJ8vXCrP2ZzOWvqmp0CiZ3J1SAXuSeOnODyDwYK1lepAFfQ/hmTvAEIAHi326+XxwVp6iaXTJaQROvg1GxVfP3b/DfHGl7DZzqQ1CU2gdNZZj8iMFPYM7SWzZTO0CMoJjZWJHW1jzzhdvxICylLnVs44PY9w3l+dGhgp46V9RZjqG9zuBx9Pocc4M6eec+3XVQQO73A1DoTjsKqKi76Oh7P5lYzJLqaB9RUdAx3FxcEY5CVqqdPZuzNXEJJCZWkpXIUN1JNrW5OIjp69xOJu5DZyDt9SRI1LWyFfY0kY+I2X7k/6nHB8sy7XoaGLUzDwqoIW37GI+YZnRZfNqjnUKB4kUjf4fQ4402fUk10qI3hZjo1Dk/L/GFHePxPEnZjuxngT3N6CVYl9hl0BBtHY2UfEnC2kEklNNJWpHHL3pW4Qk6fQ9T98MWYV9PEyVNK/ff2M7bX+B+eI9DV1FYHkdFMaEIsageJiP8AGG1ttHU1QByZ27NZdVVJgnlsiXXS8qqxJuCPK1vP/GNe0FRLlcaxS18VYp2aZU0aTfoRzb4jBd6OSjVUdHUOByR4Nj0+2AmcUMFbGoqJiis3isSfFxtcf6YSDusy/Ud5MLgLAuWq1SKiWeF5YZVPdsRpS9zc35/zh37DGmjmggGpH7q5ZrAtuOvJwr09GtODTgyOoAVmcgA777XwUp5IsvD1STMkltCb7/L6DFB1ZRuOpETzgxu7SUwlyOWN6QVKtMgMRkZL+L+5SCLbYBU0eXDNMmQw11PLGIxEiSJLELNsGJAbnrc7YjwZ+9ZQzUjSEO798xXdr7f4GGrI8smocvgmrqSlErSd7Jrlu0Yv4QL8G367nDPIbW4+sS3TYIKjuE6pUaOpDyCNDHYuf6b9cCMyyf8AmAp8wpy69yrBO9AU+K1z1FrDBCvlhkprB4y8vh0MOADv6HbAiuzGtq+8o6OFhHsr+EjSfMelxit3BjdHpynyYYIMC1nZZar8avr43jBBho1kKrJbnU3O/wD3wjrm02TD2Q7vTSMyxxkIkUnB3Au4HFr/AFw7zZVW646jMm0oHtIGewPkL36nFfdqBRrX1CUxe/eEyFxckk32OFBQTj6ha9ApDq2TI1Rnsc8pkmpW7xt2McwCk+gKk/fGYEs6qxACW9RjMUbf1JP6m7/lLay14IqdqyfVGdbMrBCA+okk6hzvxtgJmktRVpKKhu/MB8MpN9AJvc2AvfpfA6rzPNKCX2aWfQ/Ajcg2v0PQDHeKqgEbwzMVrZQYnjsGQgDUDsd/hz6bb88rZu3kyhQEQAcYm8OZw0MNOJ48w8AK66eRUjO9+WBway/tTSyyQxr/ADH31HjqEPX0XAvJ8ypxNNl2bLoopbgvLGe7HkRpvb4/W2GKg7CZUFjlHe7bh11b9QRYkfrhqtuJDCCdv+05hifMSc/knlkkk7qoHrZQQbX9MaUdLljIVeNrsu4ZdiPXzwZpsrp4i8sqCQsbswe5Py4xI9hpT44Y9hzsBb6nGZ9T2BA/8soWO6BrcMQbW8sc6yqpct0Q0iQCaU2UvHZEFj4mPltx1weWCAJIkjd4CQbi3h+hxBnyGCpfV3rFVJIsVI4tvzxv9cEMzCRFWWVESZ5JaKOfvNUcjytrBXgkdSbX387W2wVyrNXlSNquKH2SY6VeMbROeBpbhT9vmLdm7JwLIpiVyGtd9QsLYm0PZVKaPu2Klb3uTx1+dsbmCBiSlSISBWWx4FgP0xMWjiAvIgO9wrDbEmkoKeBQyVRk+IFvucSWC6QZDdDwzHb5HHsTcyFHlsUhIjCqebgAfTG7UZVwruVa2x5xNKwhbXkRfJYy35DGxh1IO5V5ByNahfzO2N6gkiDxCqyFWNvI6r4W+3OcfyvK5II2USTrZSpt4d7n04w21QgSMGqeOPT7pZgAvxN+MU9/E+sFTmAETCSMR6UCnUAeu46euAcg4UQGbjiJ1ZVAk21Pf3umo+uIXtAiJs2z21LoH5/TGtQzmTSCNI5tuefL6YjO4V2BVrjlT5+eHpWAMROI59hu0suW5mlmvDK2mRCeh64tmsqFWqop6e0glAKH4llI5+GPnqhIBcm4N7+6ePLFp0laZ+zuQuzGNlaRQ7cbOL26kXP1xPaNhhoccQn2gMMmZBIJTEsyO6Mu/iRSzfMhWHxt5YCwEVFKHMKvqU6eu+3FzjtKk0U6/wAy/wB3SlMvdwgaTKrqQWDPYAWa+om2IlT2pyuUrRUWTwU7IxVamBzqYKdjp3ve3nhbafIJEJbiDI7wzIWmaTXEeTc36A3B+fxwt5xNPTul9QUWNgbi+GKolFTWV0bERxQiPvLG5YHe4+p6dMDM+yGvWoS7o9NqUAq3iYfDztj1dOCC0W/yOZxy6WKjqqGqrrmldgXUkkm3T06fIYa8wzxM4zmno8vrjPI7X0xq2kgC5A+V+PI4UEyifMc0psvhLM8rCNTICgVrbk3+/wDrixaLsnk2RvSVdK7PmkBKo0kukTXBU36LsWtuOgw1VUjIlOkssXOwTlU5FmT51TNLNBDRU2mSN+i9D/6rX588d8/qnyyMaK0SxOfBI7WCAci3XAeDtK4qZcqnjeOfvN0mcWfUd124t5HHTMY8rmi7ioSkqo2ZtTEsO7I40k9R52GGAYnTqYHc1ZyTAeZZ7lldT1cFTUmQPGfdS7arbBTxzbC22VJNTIsRiWY3YR303G/GN+0GXQ5W8ndtrp5Axp3BuzDyPwwDMosRGW2297jBKM8zlai57X+fYmkpiifQ48Q2a3Q49xkNFPUxiRdNuBfGYdke5N8YYfMZcxnihusxZrFbDc9Dq/fGHvs/2VySBI5M1k9rqwBeJj4Qx3FrcmwthcrDTrLHM2XwxzF/e7v7m3T6jGjVtek5HcOYz445FJGrj5n0xzNQtlqYq+MqWwK2W5lgVGUdna2lfuIyjgG7oxuvqcItQmY5DmE1JFWT00sbkXilZQwO4Ox3vidH2nWnqHWoWdFZAlpVbS1+lja9t8Qs+zaDM80M1OrFBGiapDuxUWvzt0Hy9cSaeq+piGyRA1LIUDDgwlSdq+0KOAcwaXTwJUVv0vginbfOhY1FPQyEcFoSD/7sLNO0cgGqMA+jYmQUzSyBNK7cXv8AphzWkGSb29xqg7d5lJ/9NpCLWPjIxKh7cZggOrJYBb/zSB+WFIUjJKRZUvxvtjpJFKmzyf8A4pgDqXHRm+Vo3/7cV2gFcmpz6e0XH5Y4/wC3lYGu2U0vlbvj/jCl3Dx/iGRrHni32xDkmk1/8ZmHkRtjRfYfue8rGObdu69NTR5VSKebmVj9tsQpP4jZ42pY1oIFPlET/wDthYMjGwI0j/lF74YezvZiXNyaiYiCj4DhAC59Onzwa2WNNUu3U5TduO0DD/4okK/+TCoH3BwOm7QZjVXNTnVTIvlHOR9hbFkU+R5HlUYlWmjVlNu9aQuxPoN9/QDfGubVtNRUbTVlNTGMKdEEiq0jn1tZR9D8sO8ZIyxjCje5WavDLIshSaZ/75Bc/U4hdpYWUpIGW6xgqXPHkMFcyzqk75pBR0tGrkqoSEWNttuBzz5872GIOaxQZjSwrSyRxSEbTKGVWPrqJtx0tj1NJD7oxaVwRnnv/P3Ew3C32YDgtvcm++OGlATqOojm3G+D2ZdmswjqRHCI6gadREQtY73Avz039cccny25WWtpHaF2CRt5sSVtptub/SxOOlggRakE9wZS219Wc+6FG5Pp64s1azL17PUNOWmFVBFru0myyNcvt6W464GZX2anizYT/wAtSJfEzo7e7e+6beH7/A4jZ1lohprpKI4ZULGG+tg2rY3HU7E8YVZXuXJ6gM2DiF6evpK4VReWWRtI1uFCkXuNvp9sD6fKGXMEmQE6VZmv7xY8frgFT0TZdJJKziSInu76N+hvz8uvOD+W5kHjmlYsqsp077i21zv+/LEltbISa+jAztkT2iMVFQ0XeAFEuQCx1Hi/nwRbEw55UVULU84dkd7hSLAHBGgMU8MCvIEmWJHaNYhYgjbxX358v9Q1VllWmaM6LrDszqC2k6RbyG/y588GLdj+NxgieDEnIk3L1eWqFVULKkqOAkje6ZFsN+Cf++JOaZvXIQ5po5J2Fw7sVB34t8ziKO99mjjq7CaNmmuqtcC9h1HO53v72ID53aUywxxtVRBu5XRe78eMk8AEsB5qMOOoS1uBGLayfjBmY0+dS3erMhkeTUdWlB8RcjGk2d5zRR6alg9yCplswKi46HffrjhVmtdleZy0styzM4Y+pPl8sHOygp6WtjauqVZACYdUepVkIttc/wCh264c3jA4MKlnLY6zF6unqa1EerLa7atLjSNPoPLEKKmVpo01AK7AMTwo9cW7mOb00jtDV06TxMNLiSEEuPU+W3TzxV+fxR0GZS0tM5FOQGjFrsoPQnr8cAvqHZUa+c5ljRnL0ijWnipljC7WiUg+t8ZirIMwzCnjEdNVTCMcBW2x5g9ojReMdR07QUTxutdK0scBXSBHGRq67EWP2wMy8PHVCeOSdkussLOGW5vba+x+Iw75TKZFhp5RVOSfFOrMgEZve3mbi+9/LHfMKXLhSTpFUSstLIO6MbEM1z1tYc26fHpjnLawr2mLPI3SNTZvC0Yo8/jV+9IQMU2uehJ2Bv1GIfans5T0VOazLXiES2EkSzB9JJtcAfQ/XGma5SmS0i1jx0kisga80YMmrki4H3Nweow4mf8AnfZ4AzO0dVAbW0i9xt+/yxq5Kz2A6kGVhCXtvbUN+MSYKgHrpP54htFMh8TeNbgqN9xziK0jI4YXsdx6YUUDSHriHjKrrdXNxyt9xj1KpdBimcMo4seMBpJPddCd+TiOzlnIViGwAoBg5zDzVYVdDlyBwQfzxzikSZxpG4NtjgOrSWAUk+eO1Kk3erJGCCDjTUAJ4QvLKwms5AA8+b4uHLY6emooKWLSojjCBQwHA3/qxSlRPMJleY6yRuGxbfZrNTmWR00i940qIElVZXJ1DbhdvX54OgY7ldBE7J+JmE0rgaYW7qMFvd/uPzPXyGKzz2pqc7zKeJYzK7O6i17QopsB5b7b+uLE1+x5lKkkhWOrfXG3hFntulmub7XHnv5YQ89WXs3mFQ8YL0lU5eKUNupJuUJHxNsWqoJw0a+duB3OMfZWlNQskk5mIS3dMwBWwAv5ncDfj54yo7OTxwQU9NPHHGhMkrsfdF972NsbjPI5kEkTqqBLjQxBJNtud/I77WwShzKCYMKiYWGm6X95bdfTHTWqkjic42WLn9zfKqZoYaiMxv3YcBNbG5sB5/u5tjZIY1qXqpFUR2XSVS4RxcDY8G5xumZotSop5Il1XG4sE8NsDszzpI1CPI8ni5GwBv0HX5nzthV2pqqGOzAAYyRmNQ1lVZC9mJLH+n54Ts5nCTSSNIpDamTpf/HTBRc0pRcVAjQ7+IG18dKCnVKmapo0YkRl4XDAFSdrAHYjnHNW17bMN1LdPT5G2jiLOXNVL3cskb+InR3iHSxO2x4PlghTQRyv3SRd2hj1HStzY9MHqOoMLaqiOUgNeWY2EUP9J0qP6gSd/jxc44VgyiolaWScUbuQ2siwcEcqgtsbdeMWbiqkKJZZoMrlG/8AJoJEp4VMUXj2sdrEjbn6fU4l0+cp4Tp3G7bdR0GAtdAaeNmWSKWMhQZkB8DEG9+g22BOBb1r0k91tIFGwY31HzGOU2lLklu5z2qaskGNlXmsRXvk1d5YK5FvFvfc4ixZPT5pST1S5lSU1UjMwpnbQ8h6c2+oxC7NPT1dYRUQxNAp1EFQx+F7YZO0lbl+Z06wTUkHdxCyeADSPIY6Og/08kbj1JbdUK22/cTcxyivjgM08kWpBx3o8Q9PXAMI+tQ7uqqSQpNzzgxU5dRodUcelgfDvxgPX6XrxtoCoo5vqI674oup8Z4Eoot39GSYc6q4bjvzIOAZRewwJmkkqZGmlcs7HxEnc43MMk7sVA2PIO2NKbWsgZF1W5vxhQwJTuOOZ40L38KNp6Xx5jpUzS98dTAHyGMx7JgZMcGzo09QssU5IfdgCQFuTdbf46HG8WeaGkKor6xqCAk9efPCjd1bT3z7egx2QqzhpAZLG9ibD6YT/RBjBYn3HavU5rltRVRM/fwlV0FwUcHoL8EDpfDN2FqJhkcaPD3WiRhpeym/JsNP92rFepVTNQMXqREdQVUGwUfp8ecNnYmcOlVRhop2Vu81OSdQO19/VfvjHr2fGPoJxmDu1VN7NnFSukosv4qH0PPAwBkBeEnTxxvh37ZZeY6GKvVY0EDhH0C11bj7/nhGeTT/AMPrtbEuMGTXLtM0gqNIsCNhuCMdncFw8SrfqDgZcFjq2ONhMUax3GGeP1F4hISliQNgeuPFlkjvpZb264hLMAu2xxpLPsCBc4Hx+57EKx1an3gL+V8HOzmfvlVT40100vvD+31HrhMja7e6b4kid0WyG9xY34xhrweISkrLrIosypFMcsdRFILjQx1j/wBMa6vvgHn9PPFRyJUxtPSOp0PKArX6DSTqb6X+OEXJs7rctk1UcrIh99NZ0yfEf4thuoe2dHVnTWwrSP8A1SQpqLfM7/W+GK+O5UloMr2ogq6O3s57yM6r+Z+B4xDGbzRyv3yEXWwUggj974tKty7LsxBkglj1v/VG+t3t5jj7YWc17MVEdzJTq6nZLDxH5YrRlYTzIPrmAqfN5mChQFJ2u3OrrjlPXyMWQEMb3JJGNa3J6mlkJAZLb6ZBYD54H1EVYgY2upG9t8CaBnMX4+ZJVzNNBBcnU9j4SxAPkBh2kzCNaTuo27ulh7sdyyFahlsPEoI2vuPhito3np21I7xta2obHBemz6pgm78PE0zNd5GXU/FiPhYDBhQJXprErzmNS11FTRGKemkp6ZSSveeLvIyw2cdTffke714K7XSILrVNKlQlkS6WVk6Oeb7dBiLFm8ntEjPLfv8A8OSR1Gy+fofhiPNWiO8UZSVLaTK4JLjp12t0wfUfZcHWHYcxCxVMUcJEEkQZ0oiGiexIu4tsNuNvvjXNkvHBmEtNpZ1ZCjIUHGxF9rDfAWlzGKAyWEo1pp8Dabeu3OOv85b2OSArrD7HXuSL35xhAImGyuyohzJWQVwhmeMaVuBa39WC01ZDIOW1H3trDCg9SDWNLCndqzbLe9hgkkxIBviml8LtzOJfQN+73J009+u+Alc0clSur3bcA47VVRp64HO5didrn0xlrZGIymvbzJjTRgaIrqoG3nfEYO3eHSLDHEE3scdVikI/DU/XEoUCPxMqoxHIAW1GwJxmPAkp6X+OMxoBnsTtDvpJ5xKjx5jMMXqKeb187RiNFVNJG9xzg32JnkXP1CsVUhkYAkahbr9Me4zCbPxMdV+Ili19HT1OVV6SxL4qeQEgb+7cfQ4qeglaRLtY3F8ZjMRL+E9qJlbGqqWA3viJe438seYzDE6iFnsRJkA6Y7dWXpbHuMwTTx7khYUVUsORviRLBEU93GYzCCeYM5QwobixsPXHQRojAAXv549xmMaenSMmKX8JmQp7pU2tgplfaHMY3hLSrLrYqe9XVsPXn74zGYDJxCUkHiNE0K1LRJIzWkTU1jboMDsxyOhQSusZBUDg2vv1tjMZh9TtxzLGi3U5dB7HFOdRZuQbW/K+ANZSxd6RbbHuMx0h1ENILwIGAFx88RpRpe2MxmMbqapmmPVF8ZjMAIfqTaekjlALFh8DiRURmnjBjlkPoSDjzGYpAAEQSSxEguxk9/EmOkQHUGe/xx7jMeQAnmMPU8ipY2a5LbeuCIpY4792WUD+nVtjMZie4YEncnMF1SBJiq3sPXGYzGYSDGZn/9k=');
INSERT INTO `photo` (`photo_id`, `base64`) VALUES
(8, 'data:image/jpeg;base64,/9j/4AAQSkZJRgABAQAAAQABAAD/2wCEAAkGBwgHBgkIBwgKCgkLDRYPDQwMDRsUFRAWIB0iIiAdHx8kKDQsJCYxJx8fLT0tMTU3Ojo6Iys/RD84QzQ5OjcBCgoKDQwNGg8PGjclHyU3Nzc3Nzc3Nzc3Nzc3Nzc3Nzc3Nzc3Nzc3Nzc3Nzc3Nzc3Nzc3Nzc3Nzc3Nzc3Nzc3N//AABEIAJQA1AMBIgACEQEDEQH/xAAbAAABBQEBAAAAAAAAAAAAAAAEAAIDBQYBB//EAD8QAAIBAgUCAwYEBQMDAwUAAAECAwQRAAUSITFBURMiYQYUMnGBkaGx0fAVI1LB4RZC8SRyojNisgclNWSC/8QAGQEAAwEBAQAAAAAAAAAAAAAAAAECAwQF/8QAJBEAAgICAgMAAwEBAQAAAAAAAAECERIhAzETQVEEImEUsXH/2gAMAwEAAhEDEQA/AMWYo78AA79f1xwhV0kIdj++uGh/TnjthJJ5wStx2BxkjRxHgRsLyHyD0w+REU2C3I5NsajK6eky2jhrJYPGmmQOLgMBfsOP2N+MFyZtTrHETFGzCxAWP4Ntx+WJfZGdaMdHAWsBC5LfDZTvgunyPMZzqjpiI2GxdQP741MGeQsZHhp/CRSCSOGvYAbfT7dsP/jiJTmSSNBrYoFXchjxf09PrgsnyNmfHsnWLoP8m7myjVztfFZWZdLSOVqKVoxe1yuzH0ONoM6ppqYyyx+a9goXd/024/PAsFZSVtSaapNoHupSXcKbXB9O1r4YKddmQSIMwWOLcnZdNziU0coLK1NJqHmsE4Hf8MbmCkyzJgzJ4auNmPPNx2uORiOTNKNaaZhFF4rDQhZhqIvyT9eMIb5fhg9CEny9d9sNaJDe68Di2NtmWU0maRuWjjpqocvC3JO/6bYzcnszUQxySx10cugFihj5tvbn+2HejSMsiu8JLXCMCRbHFhG403HQW/zjqHWCSv10jHRbUPKth6D9cNWN0NSFCpsu3yw4U8e38v8A8cOjCk2IA+QxNRWerjUxl11eYBb3+l8DdKwpA4hiFyUFv+3/ADhCGHjTv6YKqoVhmdVidFJ1BGtsPT07YhfSguUIY9LAHCQ0QCKIMwVLsepHGOeBG0gLL05AxMxVVvtYnjT1xw6T8I/G2BoEM92jO5FzhxjQgKFA27Y6Nn9CNtsdJvawO/pgGMWmRzoAUX647LTKgGoKR3thEXIsLA/fCY7hQLjqb7YKFo6tIr2FhbsNsdgpo0qox4esE3Kxndh2wy3nDE7D0xOKlxo0mzBgQb8EYVMdklRRyyTMWja4NvMu4tthYsKSpfwFYZqsBa5ZNNt74WM8/wCCyAMyo5EXxFj+K9wGFueecH+zOQtUPHW1yBaRdyCLlhibIKZ6irpo5I3kHhDxkOn+WT1Numx6Y1dZ4PuUZl1CkhOtxGvH4jbb16HDg70YKcnGjPe0NXC8MeiFdEchjaxHw/u/pjPCZY6xF1ExSWF+m4G9unONBRZdT5xS1MsnvEcTsY40jYBQV+EG/JN7m3bBGV+yopXirq7QIadLlVAa5ttxswG2/pjm5PzuDjtPtFR4JujLZktRTeJCXVUcgixsGAGxH0t/nAtNUCxlqyXC9B5eOOdv38hjR+2NHJmMaV8cUAZTYrC4uUvcEr1sTuR3xlacFoJ6gxxFY1K6Cd7m42HPX6Y34OaPJDL38JnxSUsQqCRtaWZlZ7EAN056b89Ma6izeKnioqdViDPe8zRXsQfNz06Xxg4WAfUmoA7m3e2LvLMuTMKdqmYzreTw0KLcdDYLyT1xrPkilsnxui8zeipzMtTUVLzrIbSeCQNIH39ftiqrqF6SoSd9K0OrShQ3PzItxx88FtlT01zHKPCFxd9iq8+u9+3544mWujxT1hWSNmIKNIbE+g67dT174iPND6GDT0HZt7/XC9K1JGjhdS6wrbC44HrfGVTLcy1Sq9JMzXNtFiD/AIxrClJIdKNZ2YRREJYl7bbnpuPTnEM9dHBOtPCdDFgsdSmwJHNj6E74z8z9Fp4lXNkc9LTo0cusaR4ikabcjbqRt27YrRCpIPipcjGpnziGgzZaqaZTDYrJ4a6uBbT6/P0wIKWGoqag0SQSubszs1okN/sTvgjyUrkaRmgLL8ravmQlGan/ANzoQB+v4YLTIdMxM08ccAI1anDMR2HA782xYIDBAtLlEkPiI48Q3266r9COw9MQ1VW1I/vJWV2Lt/MNrabdrj16Xxj5OSTdPQSn8OrlVNI8sktSkqIulITddJ2tvbpgLNMukWtiRpITJJyZPICB3tuPoMFJXmSEvKsWnX4koKlONgNRG9r8g9Bzioy/M6kZpIhR5qdJDpVyt4yTYEEb2O32wQzu7EuSg6uyNHu1LUxF1U+IjA3LdAoA4Nv17YqZaJlgDC250nT0Pz+mDK2nrnqZmpgZnswkZT5nUkbA7E2B4xLJPIMqVKqBTIsiq7vs23W3G9j98ax5HW9l8bylsBpKVZRUlz5IIib8m9wB9N8Np1CeJeNJDoIW9upAv+OLiERwPWQwIBGYv95uSQur7XGAIofCjidVUK8aJsLeYG5/L8Ri1yXbNZJIFanRQCXbVpB06N/r2w8UrsmlbeJa+kd8WE66pHKb+U+a9iR/wDiFHWGNXAB4uzNe1ybD7b4pTtWJoAqKaSGMGTSD/SpuTgPxD/Rf1U3ti7SGWbxJI5YiqAMfEex7bE4fTUTV2plgdgNi4RiL2vb64pSRDKb3pwFCBkAFrKCL+p9cLFrDlglDF5Y4GVipRkNxb92+mFg8kCXH+m6pqSJpzNSwmniOzLGy87G6n162v+OIsyjpYqQwmmZhJKAkKDSARvqe+5HXc79cD5a0MMSaahk8MghCxuH5J2PUf2wXSV81TTyywsxSzDUbOV5uRzc/pbHix5ZxjhT/APei2odgsuViko4EjlEipL4kcSXDaWHUfXsTiFc7WFGiR2jYERtGfKVtzuben/F8AVub2aeOASSqFDgzsl2UEC5G9rnpvh/s1KBmVQzoNRYtqmcSNpAXgE79vkecY4ScW+RWU5pUoMgrZVy6hhr6eWMSKxbwtxIAzdTa3b5AbYgqqbLKmnRqyllSqkXxp50kd7PbcqBtY3vv0OOZ5Ux1FdMZYWqYNJVfdmdNJ3t5eL7HbcYKraakoqaniZDQmonCe9xkszAWBtvsDwMdcIVBT3v/AIT5N0zCsgp5XginEqROyLIp2cXt+WLvIUpjGRVJIgiDS+OrMTyAF03tY3Nzb640rNSrAMs93R4YyrAVMNgFXsB8Tc3PW5wC+V00tqjKgsfvELGVNWpIgG6cnoduMdD/ACs1jNUD46VpgtVWxSrBOgeIQg+UFiZN9rDfsB2574Knraebwp6h2jhK2iQL1tzpJ5N+32wBn3hePR+YFSA1orWe1rm3I6dsFZyFqaKOqp4WEk40BmLC5353spAHGBJNKjmcipnzBoYo45EcaprxsRcBLW1XHPPywsvD1euaGo8PSSX8TZk2HHT6bnnDaemRqlWi8WeUyLene4BF+ORe/Sxw0CWmzGalpKOaJzdvDW7Hbtvf8cbKFC9WGJDTSmNXMJVD5LkNaw3vwbHY872wW1clDVzJJNH4TyBivxmQbtuD0O19unyxROy6HijhQusjeHbh72F7c8W2B+297DIFjlrvGniaV2hJiMjFlUD4uOvAsd99t8ROFCVt6LyJ6SsfwaSptUSICUA/9KxO21geR3tbrivfXUqkU6NNcBHLXQBlA+/B469eL2NHQhZ42jkYoU8RECk+Tgte24474KjpfdplqfD1wBzoleK6yDsel+MKK1o06KlakVFV4SxJKsTHz6bkHYWG+xG9z6nnBFTVB66dVpo1lZvLMg0eXfYdehNu5GLKlyeJnkqJlZWVVMIUra3+6yg25PXEseXyVK1ZiKyxW82lwdJ1A3Ivz6HnFvja2VbSoqY4WM89O7AQs+lYlDbWUg7r+9hhS08LO4nhM0KlnYF7C4SwP0NjghJAk8zKsjssh0Nf58262/LEUo8tVS61K6CVa42sCdzxxfb5Yy62LyJMCCRpJOyOCSNN9W6m1rD8vrhs0brTwAISiElhe+k3P9gthixTJ3r6v3WLwSNAldrhAlhtud9yCPXm2J6Ogbxoo/AeURv8CuDY3HUc77YcbboHN2VLWSOV6khVYabX3HPbnc/hiKGMSsIzG/gmTzMo4HAGNFmFBV01a4amK1EqjREyAkKRbTvt6/piZ/Z2pyymM0gR0J720m3+64+XyxptPoPI2UYo4oaGaQSSaSutUQ2MliAt+nc/XBeTZyk+XJT1LEFNRZb6dY1rurCx47nax74AeZZoalQEIEitEjeUra3ywHQRtltQ08svklsEZ1IC77gj+3zxDTdifJ7NJLW+5SyRGigcFtQ/lk29OO9/vhYrC9bKdUEtHTr/AEytu3UHnixH2wsTUlqwzfwhy56meSBqqZaZ3u4SaMINHB6gnkHFlUEGl90WaNZEGp3QIdW+xs1rAdSOL+uIPZ2lkrSEkqJ8vqaVJFgE8ZMarZdVgwve9twevGL2DJsqo/ZOuqK6GCqqQXlEhJVidNwB/T8h1vgXA5S09GadmJpqiO1T/wBQlpX0okb2k2O21+Nzt1Nj0GClVMuqjS0OupWQK0qu41K3UKRbf5C+Nb/pXJs1Puscb/xCFUknnibS0n9TAHYFidtrDHKTK6ijztKqiyuarpoKcwaGkW8bkgajfnyqRt3+WH4W5dlLoxLgjPfd3i8NWbw5NJYixC7i3c7Hfa2LrNiMwY5dRwF5I/DbxVBdlsbHjgA9eN+2NTX+xOXZlWLUgy0lSZVmkjhkDIG3JFrdrcW3N9+s8eUxZNU1uYiSRZZKYxsphsXGq5YHa9hvbfGrTVF3qjJ0fslmEGVVM1bE70sDllbZmZepW3FgN/W+ITQJBKHyxXp4mIEjh7eKDYb/AE6DoPnj0LKK6mzGhjBKpEgK6S41ubHVYc77n74E/wBPZZLKKhS4pNSqIAd2bYAn0C2t/wBu98TKDe07/gra6PL81yiSggFXNBUeEI953RtLHe1jbbbue2I6WTTAGhN9UipJFMQGuTbra55++2NjWULO09M8r+A8gVVvqNgdtzxttbDYcqoFeR5GMurSxUkaWtxf7YcZpLZOk7ZS5LT66t5ZIzdTHMzadPU3H0P54Vbkj5gXnjVwwJIaRrFgQLAd8aeWSOK6RyrEn/sUKTbbYf8AOIoq4OhSBW0QsRqU38vyxo+T4inyaMvLk1SsVA8VC0c0A8wVD5iATe299wO3XnbE1Nk7UjsjxMrBQvvKDRqtzuNgd/zxonnVUErShbuCPLpOngn8sT+MHnCyyxykMGIuSBvtv+OIlMlyRWwCSEiGFpJnZAgdhuDbcEWFvnx+eLTM6uR8ujpUDlEZFjilhJsb7Agevz7YnQU8QlkmhPiptGoJVvkT9OvbFhU09JndLTCad1c3JIiAK7K1zx0I3t1w48lqkNPRUZjl9VSrHT64pVlAhcUotY7C1yDbgfbElfldVllJK0VbBIJ49TqkelRYi3TYW/LnE2awS5fLTO1Z7wkRKo43IYea5PQ77X78dhKmvDIwqpGMEmkSiQ7ncGx27c8W+mM+X8hajWx2UtFRtmIEUJZSH1MdBtydyB8rfW2Ndl3szlFPRqtUWnrBZpZFkIW4bZB25sRziGPMafLveaXJacR6nDyPGfELHpYdtx9PvifNc0RKJ/d1RJHAu4Bubd7eu2J8kILZFL2IplFLmqR0FJaoXbwyGIsLb6TyRbp64bVV4hlMEMNMKqVy9zGNQfcajY7bb/hgE5lDSJBU0p11kzBZI3TzbgA2N+2nAEs8hqQixQNPM5jMCvcjY/EelvnjKX5DTK1Ro6qvkpcrhkVRLVtGt2KazGT1N9zftgKXNs1r4DTQx+I9mZjp0Ajbc9m52uMAZ1NTDwPdWMrxsquumwBa1gCfkeO4xPmFRK0EcaUnu1Qyk64kI8QWFt+9zf8A5xrDmlKV+hNozaVQihZ4nd5C2nSyqyo2m9gw+Q9RvgelgDr/ANYyao+URd9d/wDbffvv63xdU9BB7unvjyBhMQSXtbfuR6/X6Yf/AA+meEorbaQfMwJTc73ttvh8ceOPI2GSbCEoy6hoVsp3NgBc9yCdsLFll1BTxQsKqSrjYtdVMoXaw/8Ab88LHX5F/DZcka6I8yqcsgyyc0NPSxGNCy+AVVmQ9Dbc3tjzwZpUz5RUwq6JSxy+HHrIMnnG9yLeWw49MWbIfanMqiOonRXCiUMUFgTvpJBv2G2+53xNU+zFNSf9PUzLPO4V4Yaew1kMviEX3Y2Y2HSx5xj+0nZy3bNrl8dX7slXnE8lLAqhQrkB2uLgXI77n5DEGTzZuuY1FN4Oqhmd3WraADygm+sg2/De3HajTOq/MikNNUpO+tozpbWz3A06gOOht6jEy0+bZdTqmYmYUtbYaJFUrDcX3PoPQWHzxisY6ijbKw2bMauj9ooTLXR1kKLaGGFS2gEWuf6e2IPaDNa3OZ4qSiTdY2Y2Pxpp3U9Dva3O/bAeeSU2XVngQ1c800iq11QS2I2W5J7k8fhi2pIzlEaV9d/LkPwB4gSQQRf0tYfhviFyTcnH0SM9lqr+H5ZJEYjNZzM4EetYwTYEbXvfc4cme1LZwVeGN2QL4qSE30d/Tp13HzxTtWxTrVz0WnwhK2plUjTYaiNuBcnfpbjnAdNVaZ2SSXU7qGiLByo8u4F9uL4nySX6/BGzr5oc7KPA7PV6dCoNlI5N9ugF73xQ5rRSUNUtLL4D6hrJU+U7kb9sMy338TznJ5GRyq3jhW6vf+sk8bfvbA+dw5nFm1JHNLHLNMnk0ObdjbbY97j646YyXJG/YqM4ntDmKzTvUI08aqp8V7nRYnbYjBMntFO3gL7hGjTAJFoVwXvwBv64qqnTRUGZUs8kbOjKG0OTYkWA4sd+mGVVlfKdEgF9DEk8ccki/b0x0Ur6Kb30Wf8AHJGmMLZfE01wzoBJfsL78emGp7SxwwL4VJTaFPxHXe4+vfAkdbPQ53PNN4TTrEFVztbjfT1IHTbEFLV1I9n6+hQIAyq76h5juOCRtyOu/wBMKl8GmvhoK/2ozBpI46qlQSTJqQFHBcHcHnCHtHXVFUYYMuhWeMBiiI6kWsBfzfLFNCnv2YZPHDHESbByzjdrDYnfgAffBdB71TZnm6ZiY4pvdwhZyPKdS/CBYH8MZuKUbSDJfCSf2mzSem/iE1FC9OZLGTw3sWHpq5uO2Dpva7OKiCjinoKdBLpNOFjK6trC2/Y8HGZpzOmSzwshMdyoFxa5t5vTb88HGbXBlkkdk8OWMSs2yhhGvJBO9gPzw3j0ooaLWl9qc0y+WajipoY5wmp1CklV+jW+mIqj2tq61DP7nSsKU6ndYWFgN/NvxgSnUL7TOzlJNURDeIw3k2Ox6C42+eB6RqoR5vRJEjL53dnktpG4+p5xkqqq+FZL4FVvtHVSLHUy00KREaYmRXUDe+wDbYjGfyNKie5QtLJ50JVyzWJ3uW33B+2A3oZ29m46stTNFFUBVXWTJxvcdr4rzPJU1sNWrmQayfLby9rcemKfHF7xXsnLfReT57NWVTaqRDPFbxChcEAW581rcYOy2ulliqpaku6pM7rqJ8pK8DfY7Yomhlpc6l8RlkVtBm50aWtcn74tf4ZJRIwzAAxzgyKENxpAu2/Q2xWMVGkiJbT0WsdRIasRmR7MPKwJJB9ebenyw+N4FjmDGnlV1aPVMRdWt/tHyvvfvioo5isi+EjSSSsmkO3Kmwv26b2Hpi2yqho8xyFK+kzDwKxtX8hxpOm7CxJtuR1O18Ri90Zqyxh9r63LYI6Wm8N40XZpJwrH6EfsWwsZmCuMMSpUsjScm0xAW+9ht0wsY5TXs1UJfQr/AOnUNBWvWHMNlpxDHFJGQrBtTMTfr8AFjfB3t1m0Ob1UCirUe71FmlDn4fL5dIBv+uKDJ8s90y+eWCGKeVQVlnYaRCb8b8m3pinpKCv9pM0eioahIKxBq11EmjVbbk42hLL9YkbWmjXZFmlPRVLrlhmlqZSzEsojMSt1sCdRuvHNttrYdUZt4khaslqJI3UFYUY7NYLt6m5Pb1w/Lcjgppqqknnq4ZgLpDGBIZ/KbtsRsSSAOdr9dslPOff5qaRmdhMxJW9ib8X3JG3JxjKLqhXSNjHLC+cwrIkmht5Y1lKeYnqQfNceh4GG57PT1kLvTO8aMwQJqug0X5G5J2t9u2M3T1rRyU/8yJ9MAZGjk1aObi54bnnoed8S0YrK2jqXiRY6aFASWbTd9vMCTubN9+MZqD6LT/UKyzM43gdVhkljKkzMthcBdI27KSCL3HPfAL1lS1Sx0qhkIGk+QtzuANh8J6euAveWpqV2lk1uHKu7SXaQFb7i9/Qnr1xXyVhWRY9BWR1841W3F9/S46fLFx49tozkzX5Dmz0DTSUkhjnbTpcCykXA/H6dflgOTParM64UUUiZcio3i1EfmaUAX55B5ta3OKCCs8baPchPNrsb25t374jpoTJVJBDJEjFyuovZVHXfvYHnHRxxouD2dpCDkVZI0MjHxTdwRZLhbA3564tY9F8slWSKNgUBIIYi24LH64Dp/Z2uaaKkpPEniZwJZY2V0Qki24NhYAHn8MbOL2IpY4EjDVnla6n+X6dn42/HHQ0kaKDk7M1XSe55g5oZBrZUCMyh9TG34364fS0a1GV5jUCpWNqcp/JBGp79QOg3O/cWxe1nsLSVTgtJVxi+pQAm3/nhknsNTCfxjWVOq1rCIW/+WC0NccjLUFRJU1FMkC6Z1mCjSPi4A6enOLJEH8ZkNSzQrHB4jtsrCwsoFi3J08X9MWv+iqPe2YVi+XT5Yztbt5tuTxh0vsZSXKjMKmNSdgsBFhfZb3+n0xNIT45Ga8NhTmTTYNLZiVG4s3BvxvuLb89MRRTxpRKCqyOkpeS5262Uj5D8capfY+nAKrmU9r3t7ueLEW/HESexsEK+XM5gwfWGNO1wftgpWPCRmlqLaXRb6pNJCmx3vxfjbviOWQmsMStYu5c6hckD8Maeb2PppFVYswdDfU//AE7bt1axFhfnDovZCFCQMwfUwAB8J9rc9OuJxSDxz+Gfaa2XxwlCdi2pVuL6jYE359LcAY6tVTeJSOkKoIyBJoLKGNhYjqB129ecX/8Ao+JWJGZvu1yohexPF7W5sLXwOvsPH4citmsp1fCzQklLCwthqvo1CVlXVTwRVFQK2GRYplOygyMObEHjtz0wVXe0tQKOLLPAQqxIZ5DbQL22222GLSP2VginhlGYSM0TBvNAxJ37nj07YzPtNQGjzARTSGYyIzlnGkm5bm/y5wJKgxe7LOOZL6qpIUnd7wuqg3sBZ97W+I29RgxZ6WooUjllMqgAsKclfDa3y5/d+mAvZ/2Xqax5q1qmjGXUaCNjMzLI9heyjSdr7bkYL8KcGaSSIGhjkKwhJgmnuSOhvb92xzcyRzpUWdB7J5hmtMtVlFcopj5f5i3OobHthYlp82EMQjaIU5XbR44+/OFjPy/w0zRnJ87qIctmWnkkqYFaz1El7KWF7G5uT2BxmIKuaCupZKeZ1qQxkJLabMfW+55xqMxoVSkLpAzxxqzRIpKr4jDd26kiw64zmXh4DLIw+CPU7q3I4AA7ni+9r414vHtx7ZlPkbeza0+a1EWc08+XKEZNUcki2czKoNrDcgCw3t13xkPaGvmqMwlnlaQud2sbFR0At13tfB9H4sqCbLaedFR7apJFIYE+Y2NtuTb/ALcCV2VyVdRLDlZMrxCzXe2sAjzLex74cVvY7TiDrUhIIyWQaH8qAXsBxc/U/fHVqV/h88ZDkltS6nuDuLbYrpoJKYiNgoYHTKitq3+ffD496bw2e2+zG3rbGjghRkrCEqAw8Q2bwgbk7ecja1+2wxXVlTI8jyyPqlka5Y9/njkakKyMwVQvJ69fzwJIQ8hG4HS5xpCFMHthEZKRszfEp8igX55v/nBsJlSIGVCsmo3Vxa18BUuWz1zrBSIzTOLhSbBh8+MHJG0YWGqnYsCAzaSxG/Avv6Yukacf0a2ae7jSpb5KSBfHI8+lWPYzgauRKe3/ADgGpjM0ztSQsIgdIubm398N92nXTqj8tr4rFFuT9Fj/AKhmWw8Sq27Tn9cSp7Q1DE6J64evjsdvvitWJxfTHobwwNxsfU45DS1VQwWKGRrbDw13IJ2vgcUPORcJn1a9glZWH5zkf3xLT+0VVIszvX10Sxjc+O5uSbW5xSSZRmkCgtRzi3N0Ox+2EMpzR4w60zNcgEL0+YxOMRZTLmT2hqopfDGYV7gi6slS9iO/OGj2mqizBqvMLj/9hv1xTPQV6eGZaWYA7AFeMcaGrMgZ6ZlJUKfKR0/ZwYoM5l4mf1klzHXVzbDyioa9zbYb874ec1zMMdc2YopOgFpmAJ6jnFDHBWCMIqSjzD4Qet/84OatqXE8MkTiNovPGItiw31fMEbHtthOJPkkENndWqm9TXA2PM7friJfaCpNiaisN7czt+uAJ5Hki0vEVcba9Jv++cDGN3RvDBtzptb0xSQKUjSUlbX5hHPJTTVEghXU4MxuB998DrJJUyL4jyOwYAE3Y/nvgPJaF3rKdiqgiRfIxAvva/e3+e2LYJ4FfDJHGdTVA/lAX0lXtpxnJ9oanlo1dPRVzmKnnj2ddTaFswNr3225IGGZlDTxq6gESOdT6o76rEXUKOR3t9QcE0ub1E7wyxB3Vk1MjKTd/NcNz32HHpilo5nbPVpYI/e1lsDHOPNY7kLbjft06Wxx1Zk+tAtLlubVivUBdbSSMzlmcNqJvuFWwO+FizkghE8yrVQxBZGGg1Ep0m+4573wsPNBii4jeSoWSKFlKksbDe5vz+GKKvooPBqNCAkgBFA32v8A5+4xtkdSNJSMKRc2Xj1w1xFLJpenRzp3Gkb36flzjzOPmcZdEOFnlyvUUqlCzxrbovY7YIXNJJqkVFPCiyvzfoAN+LXAt1/XG/qcroZmKz5XTsGFi2nnA/8AAcmEZ/8AtkVh8LLz/jHZ/qhW0xYs8+zGpjDB/BRZZAdXkGxJ1Ai3U4rhUsKZYvDAPiXaQi/0A/fOPUI/Z3KXVL5VCxva7nUSedyecFpkWWQr/wDj6dQwIYaL40j+bCtRZSWjyDw4GY6g17kFbGw9cMejdDsA1/gNx++Dj17+D5aiaI8vgRWO/ltvgiLLqRV0GmjIHQoCOPXFr85XqLBLZ5HQmqhYuH0yREaGLhWuBsO9htiXx6rxknn1ySKVIZV3DDgfMbfPHqU1DlSgaqKndyosNPHXpuOPwxGMuoASyUwQmxPr9f7Y0X5kPaNIyS7PLAWQFYxpnkK2uAFjHz5vziweoq1qEp6fNGkJ2kkYqB0/qHHH2x6LU0tLMAZ6KGUW2aWIXsP83GK2nyXLaRzMKVXYjSDKzMN/rzh/7OIecSllijYUxYRyMtmZ1RCQ192tY7nb+w5wRHOaZVjpUq4VubrGHUX+iYvmyygmuwoYgSQTZyD8+f7Yd/pzLhaT3SP0/mbgD/nCX5EJey/JApVzevhYITXGMRgapItQv1A8gP1wHRe0GaVdVUgDx4UYgoKbzfLVpO3ocaMez2VzKSKRPiAXU4JJ37jjEL+zNBTyeWnfWRuQ6sPX4lNsV5+L2HkTKmpqzXLGZac3UadqXw7fO0YB+uJYpGG4o42e196bYg7dEv264uIfZjLRHcbG+48h0/8Aj+/TEP8Ap3LGGloRtw5ijt6W8mF5uJex5xKWakVKn3r+FRl2IG2tIxuNwGI6D05wzP6mRabxZMty9mZgPPEy2HzWTfjn6YvBklAqgQLJpAI8vhrf0NlHfA9V7PUtWvgu9QEtwGWy9bcYT/I4r7E5xKWHL0e8uhRGyhiFXWN7chgbC9/h4xKIKe8UyU8SBLgCOJ7tcn+vfFvH7OZf4eiZp3VOksak26dN8SJ7NZcoICjRzYQR2I56g4f+jj7sMolOKt2pxTIRSxFg7AadTAEbnUo7d8U9eFp6uOeHW9pPE/mlbMwKnbT0+WNvFlmUxxbQyl/6r6B9lAxybJMmKtI9LcKDvKQ4+QxH+njvQZxM2+fePPRxVNNSwxG5EsTNcKeRsb832OJYa80/tDMtTFDTndQRru62NuTtcdVtY/W94MkyORNDULMtiy+GSoHrzthtd7NZZXeBaoqIXj8qMxD7cgev1OKXNwvsm1VWEUHs3DLG/uWYEQq5AHluOttx6/a2Fiwy0VFBSrBA9PIgN9UlPqY/VbYWMPKvpOYUVINwVuRbba/ywz3hg+m1rnewvY4hM8aqbOUvc+bCWXWCgktIBbcbH/OPN/YAl5StmUabrb1HpiBXMdpHU269xhsglICFQSb2G+1sPipggPiTWNr7b+v+cDYUSNUk28hPS/77YbqqANSqQW5IGwB+eGy/D5WOkjm1wcRQrKx1XLACwXFqQUPkDkgBiQxBAF/31xGsbFgiB2XV25xMI9LaQSBub2vc46+sst5QL8km23FsOwpDZYAra2033A0i536nDQAXGm1ywBJOOShQm4szcjnEQiYMwIYi3TEuYmiRnAsHd30keUyC/f8AvjgaOzfy3AB3CndvljoHgvqkQAkWF++Oqzhxpb4uh364mxDUVFk1CG6ajdd9/liYK2m0cTKTxqbbEsbaiSjXUcBeD8sMd5VBUAspNge5xpFtIdDfC8wcxEabblscdwUAXym1luNhxjrC4JErWJsbdMSqpRh5o9Q2Go8YWbQUgbTZg1w3m/7Rz2xwCbdlUaL2DKd1+QOJpKgEg8Ef7rbfhh6nUm5U8XC8/v8ATEZsFFAkrFWW1gB0YbD0xxtch2t9SfTBNyw8qLa43LdMKy6DcAnoQBthXJ9sMQTwGaxMTnpsx29fvh4pXvvGFFvjPGCZBuNAJJ9Rt3/PCWI3Cahaw6ceuLSrQqIljB2YBio22O/r++2GGFCpfxCI23+v64m0vfzMCDcqVJBt/wA4VmUec7k8g736fXnFXSDE5TQxtHeQ2be923H0xwQR6x4SISo8zdDvfEukgASRi/He+GKGJZoyydCVtbbCUrDEf8ACkC45JvvjmGFVcliZAfrhYM2PEkjVU0AKCHIJuO+IapmVpQDwyAX3wsLCl0UdB30aRpWw+e/XHaaRniubeXj8cdwsRHoY8HwoPEXdvDHJ7jf88QTWilsg4VFFyf6RhYWLExykltPQduuOOdMkW2oFuG3/ANt/zx3CxT9CQiPIJL77m3Tk4KrYY4oGdF83h6gex3/TCwsKtMYDHGk1UscihlCKwuOCRgmoIpZ38JRswAv04/XCwsEOxA6TtHM7KFJA2uPngmNvFKK4GlhqK9L4WFil2IkkbTTMVAXy3sPnhQwJLTtK4uSdweOuFhYckAMGDTxh1VgWHxDjBccYaBm4K7C3a+FhYIoAWVQymQ/F3/8A6AxL4arYAbA7DtthYWM5CTHK3/TXsL739bYUKKQzn4tN+cLCxUvRQp2CFdMaDVzt6jEUemacqUVQLfDtjmFhICfSDK2re3BPTHFOolGuQBcXJ23wsLEAMf8A9Ruef6jhYWFgJP/Z'),
(9, 'data:image/jpeg;base64,/9j/4AAQSkZJRgABAQAAAQABAAD/2wCEAAkGBwgHBgkIBwgKCgkLDRYPDQwMDRsUFRAWIB0iIiAdHx8kKDQsJCYxJx8fLT0tMTU3Ojo6Iys/RD84QzQ5OjcBCgoKDQwNGg8PGjclHyU3Nzc3Nzc3Nzc3Nzc3Nzc3Nzc3Nzc3Nzc3Nzc3Nzc3Nzc3Nzc3Nzc3Nzc3Nzc3Nzc3N//AABEIAJQBCQMBIgACEQEDEQH/xAAbAAACAgMBAAAAAAAAAAAAAAAEBQMGAAECB//EAEgQAAIBAwMBBgQCBggDBQkAAAECAwAEEQUSITEGEyJBUWEUMnGBI5FCUqGxwdEVFiQzU5Lh8Adi8SVUk6LiFzRjZXKCg5Sj/8QAGQEAAwEBAQAAAAAAAAAAAAAAAgMEAQAF/8QAKBEAAgIBBAICAgIDAQAAAAAAAAECEQMEEiExE0EFIjJRFDMjQpEV/9oADAMBAAIRAxEAPwDzGPJUtXSv/wCau7cxPC7NLt44WolG3bnn6VgoaaTdfBTxSywJOu7xK/mPSnVncWWrajfz/wDujMg7uKPHiI+1VfczdTUluVin3+LpwwPSlyjYcZUXHRJrrRblpBMRO78SFssP9K9Sg10L2eF/NKplMfVDuLGvB47iV23yuzeQ55pjaajPbAJCXGfI/wAqS007GKaL3ovaHUL94w9s11cxSZKngFQec/Smuqdq5UiklfTmWIIQd5z4vaqX2W1P4O7NxJMqsc7t3vU2v6vKVm79O8sphhQvnS0+Rl8F57F/CNone2bb42yzLtAVGPXiq7rNraW9gl293AlslwF2KMGUZ6cVnYLtJpVhY3MUltIinLNJjcvTzovtXe9lZuyAWNreSQDdbpEPGGz+yiSs2xfrsnxfZe9vbS0ghtwQu528RGQOOOv3rztT75NOtS7Si70YaRbWgSEuGaQnLZ68UkUckcUyKoCT5CIzkU30B7P4zZfyd1EVP4mM4PlxSaLIPSpVPirmbEtWo9oJr+0jso0gW1gbwMkeGbHFM9ATvLeUfERowwxDnH5VT7ZsLkMARTe3SW7dHcbgOBkcGlSS9jos9UsrqxsrTvY5u9JUHdmnFtMLiESIMZGRVc0TTLdrSPvkiG9c4Q5xTRNQt7eb4YyIoU8E+lHjm12Kkk+hk7bEyTt96q2t3yWu3uT488+LrTfU5UurcxW772POF6VTdXtZ7a1M87JuLBQpOStDllb4CxxBrrV3cEMu6q/cMGyx6E80yV4ZoVyhyDjI/SPpSnUy9rdfiW8kKHkI/Uj1pUUNdIFvZISwMCbBjBHrS6Vh580dCsd7dFEfulPy5oa5tnF0IAAWLYXyzTkhEuR7C4Gnwbwvy8ZpTqahpWkdwQBwB0pn8DcWqGCUxtJGuSFbPBpLqTB4xlgCP0CMYqeC+4MnwJJd0gd0ICr5Go3aKSMFsbvaop/mODz6VGpwMbTz54q5C2cspI3tF4c9amlWJFViwYkcg1G/e7du7wnoagmR1AVvLmtB7Ovwwcpjd7eVRTxgjPnUZJ37gMeorbyFl2n86Mza0aEGTlq77iL0qMyHoGOPWtf/AJGrTqZKi7CC3XyFSK5PSnjaVA5jZW4/SFRXGnRxQHYCXPTBpfkib42+RWuX/S2/WujLgBeoFEW+kzzZYhgKMl0tEhjlAIGBuB8zXPJFBRxNgavuUbFx96JR8Ny3iA9azT9OluXkKqyRLyCRXMiOk4iKkMTgZ86FuLB2NDOGbbCe+hHI4IqJp57mPbMxKJ8g9Kjuu9trhI5+eAQBWmZZXyvG4420vauwmNdD1FLabu5lxbvwxFGdp7OOGS3uTNE1tKuBGgyR96T3WmzWtuJZMFCRyK2kcTx7JmOeinNakEpUqYPf/wBHwYWymaUsMt4cbT6UNHgDPmfWubu27mTCvke9RhipwxGaYcFo7Z6HFEAig1cgV2JDmsNGVjKkNwrSRiRf1ScVZIL/AG2/ciFMOc7gflqoRPyCaeW0dw8SuYZCh6EClZEvY6DLnYsDBGyXhVVPyBuaPFsZwXRjz5v1qp6PDO92F7qXux14q4xyMAqKhC461K9qdNhgs0l3p2XtZTG+MHAzVZ1GbviZJJS8nqT51bWUy94WBB6c1WJtGuJbt9pUJnJY0SyR6s4g7P3klpqQn7qOZUB/DkYqM+o96R69qc+pX8s8+ACcKobKqPQVLqyx2spijkLMvVsYpNLIcHd5mqIKwJM2lw8LhkO1gcg+lP8ASL6BTKt7ppvL25X8CZX2mL39vXIqru3nn8qL0w3cU63UUbskfDY9KKa44FplkvfwJQ7O5LjxEnJzjzqq6xLmbCng+dWDWS9xbrI5IJ5wDSx9NnubZZCq7VHRev3qfG0uWDJWV6VVLgD7kVy7JH0Y81LdRNAX+lBNsO0gE561amqtC6snhZmJZDvC+o6GuL6F0kJY8kAt7U50u1RdKmlBU+YBHNTw/wBotiZY12uAp4waW5Mb40o3ZVAvBJNcuuOTTu7sCbOQIMGN2I45K0BekyRROigAKOMdaapWLkqAGXpW9prpVcqXCnaPPFd91J+o35UVmND8O8aBtwyeoz0qUy7Ahbw56bq1cxi3uHVFO1hlWND2srSnbIpkmU4BI4FSPqyyMF43JPleiSS4dGALsgoqLUYx1Xey858hQd5fiIgMmZF6lhS9phL+KseCfmIPGK2K3K2IWey1W+qxSps24XHQcc13GttcTrLKCe76CqpC5ZJJEYDYuc56VLZ6k8kiJHKqHruzQvG07QLyei4QRW8t5ueHMoG5VYda5jsLWe6N0EYXCHxQYxiorPtHFFEoUd5IvR8dajuNZke4F4kJYAeMrWRlPo64jy2szdR/D3Kd1GfFhqB1ns5uCGzXbg+J92f2UpftNd3lwCib0X08hU9pqt277hHIIz03dKJqaXB1KfoIn7H3bSw5fvoiMts6igZeyuoG4me3tiLdBnLkZptaahqbuypOmR0UeYplZ3OqzXqC4OyIjop4I96Wsk06Ye1I8/milhIEsbJnoCKyHdJwoz5ivSfjtOmvGS4t0JGVORmmD2+g36xSd1FGyHgpx9qbHMmuTGiq6FoEsTx3NykUyN80bnBAq3fFWdkvdxtsB/R6gUp7QzxpbE2cuVXjIPSqfLeS78sxcD3qSUZZJcsZu2qj0G7121hXMUnOPTBoaDtJH3R3ZJBrzye7kZ92ST6VtLgqAD5+dF4EzPIekxdoI5SAFbB9KkOs24kIdlyeorztLuVMSI5BHGR5VjXxG6QvvkNC9Od5C93enafdD4lIhI4Q7I84BNVhuxnaK6cvHpbBCSR+IgH7TXXZ+/ke5VJZCPY1eoJLloXRryVQFO0o2MV2PI8bqQXEihRdnDZXPd6n3kFxHhjGVBB+44oq6uI4o9sLBVz5YGaYXdm7ZMsksjk8s2SaBlmtIZRbvaF88ZIo5S3MW1QrN9FEu1V3EnJ3HNT2ksphlkgUFARv+/tSrXgsN+bO2QkDDFwtWLsYtsba974neoV1z145pnh45MjbYl1RImQyJCBztcHzNKWsxHbNNsCg9FxzVn1FItRvHuosxCQlwjH1/wBmhHTZKpbEhH6JpsXXByxtvgF0+FLexZmGHc5CmpZp03KSm3jgYrm/uiyYECrjnPrUvwc1wqTOqqAucHjijqzXCT4Ft1A9xGwLOpboU/jS/WbYxhcA7QvpTO6tGgjMhlCg8gE9a701SZ0a4YGL9I4zke1bGSRssM1VoTwp/wBjo+0IwkwQ3nXH9IL/AISf5qZ6xLb3NzIllv7jyBHNK/gY/WT/AC10eebMyyeF7Zx5DZp2khRHbcAuC2MYqd5UCo77cqu0LH4S3uafTxdnBdfD2ttMNsp3ush5TyAzQev6dbKsD6LJcHf86SH5f3VHHOpcNUX4oRk6mugVALm3VnhTac534LHNOdE0rQ32TXcbtt6RngD7Uis1u4EdZEwxPOW+XFF/FAIZNpkYdQDRb2nwVz+NjN23Ra5Jez8E6JHptuQxwc4GBUl1onZi/RSiRxNjI24qoXcV2wt7iS1lW3P6bxHAqYXUZuPCqAnoAelEtQxMvjsbX+N8ltsOw+htEZN0s2OSe8wPyrr+q/Z3eUgnkjz80QkPP2pDb3rwiPcxQPz4HJx9a3dX4SVXhKvIerZ5Fa86XoCHxUpOrLFF2N0LgRmTI6gNWSdloo0Z1vHMYXGGAwKRwavcW6nDEu/6W75ahGoyXDPAt3Ihf5gScfWu88Xwb/5uphbXKO7fsvqcN2St0ndFvA2OSKMutMnsYWVZnlmAJ5agI21RpFX+kUHd/Io8xXOpXMqxI4kke46MA2c0NxfIP8SVfaINNomrs0e0IjSc5LVA+ja7bZiMTOC+AyNx+dbTX2uJUS9llRoxjC8cU3i7Tw2oaCJS6n9c5NMpUSvHjXsFawmtD3HwlzJJIP0myM0p1XT7uwx8TCvi81PSrQ3aS4eBYZVVFb5XQ5K0nlhtrq6/Fu5J93LDyFDVMx401wVhpgpB2H8qje47xvQVajHplzCbaWZEEfKcfvpQkFqJDEo3MThcedMjzwhU4eMXAsowrnB8q3DHOJN6RSOPZTVzstN0+yVGkUSS9ST5UzS/hXMcMKgYz0qyOktfZiPIU61eS2nE8kL/AJday817VZZ2e0FxHCvAABq6C+hKAuUOfIr0oqK4t5FwgVieoxQvQY19mzVlfoodpresTMyyTSKoHUrXE9zqICTSTuN/ysV616G6xABxs29D4RzQtsiuSJwjRL8ikDgUj6p/UPl9lX0XTNRuLhL2Yk2r9S2CTTuCLuLa5iWQTTk4Covyj0Jo+7nitrfEbgR48Kp1H0pfPdyQOpAXMijJQfv966EXlsLcoIXXSSeFDDswv5UALeQXCiYthucgUXNeTSMcli2fP0oOW4ka5iII4O3HmTXLHVWwoah1SRLaqYZJJXtTIACE3nge+KilvpBxksTx8pNRXmoxwscxuSSUwDnBFB20ndRyuWlknkHCY4UedNUYvIodC5aidWiLUH+KdYxuDAYJXzrGDwbQC2wDp6VNE04dQlqQhGNztyfeu0e4e8jiZoo4s87zkmkKDjLZ+x2p10s7i6qgfYXeN1k2Rk58HJxRXdR/40n+WsuIYkuJX3NsB5Krj8sVrvV/wZvypeTHLHLaBn1mTUNSm/8Ah1CttdwmVTIFZtrt1w1WfQbGBmkSedliUDbnqD65xVTg7mOXcsZ8R3HnaAceVNLHW92nzW6xpvfKgMAMe+6otVinKNQPRxSUftIl1uyhvNV/7OfvmKjwrwc+dMdG7LSKUu7mTu3U5FuxBz9aR2s8VpJHOkUibM96VOSv8xT7S9U+Nv4pO92s3CgjAce9TZnmx49kCiGXfTk+x7HeTT3T2Ey5XBY7um3HpSS7t9MikMd9ZRrBEf723yM0HZ6ykWuXNzc4DNlU5JUDPQH/AEorUpbfVbCWWGN0mj5jfdgMPPIqfHilHIo80wZZo7W0K10h9QW6k00Sw2qpmGVuQw9M0bpvZexSdXa8urqLGJAmAAftQGn31yrTpHIUhEZQox4PqMU30Wdo2l7uPLbRty3CY9qryvOoyUAYaqLa5Efao2ujamtvp8jyKF3sH+Zfb3pZZ6qJy7AeI8c8VYO08drrNyhkjMc0ahHkAwaqGp2Qs22QTqyA4HHNWafE5Yk59gv5PZJxb4GUGoMcOJclTjHpRkOpBzlyveA+FhzVYFuWxi5jww42+vvTDTI7mR+5EQeTBwF86bPBtQ7B8qpcMdyRpd27RgRiR+e920uGkyq5K3MTDHQirfpGiKbMLdxOG9+KI/q/ZZ2qhXj1roPZwR6pw1ErqilR208S7Y7iPP1rEgu18ENyisOv3q4f1XsGOdrZ9c1s9mLFQSA4OPI0zemTLDXTKPLpN8MnvYmLHn1qe20vUINkm6Lw8gk1cn7M26AjM33OKGl0MNlIp5lwcda5ZKdnPDfbEJuXjH4rjvOhwaja/JmbGemODTKfsyjfPcuWzyaXXnZq4VSbOTJPqac9RuFPTNEcuqLlIyGyKsljcqLNZoiwMgHJHFVV9AvFDSSzeI+1FtM1hp6QrGxYjDkHO7+Va8m5VYHilBjuK8V5O5WRDnkDNZe3W2EpuCZPBB5xSeB4rQJMNpdh0K8rQd3eq+WyU56mlqDxoxysNjuikjMNzEjALHAFSteF8Zfbt6kmkdvIbsnAjIH6QbFMFIxtjIZj5noKbhy1K2KdjSaNZn3hxsA5BPWlFvpluLr4lp370NkJz+VdtKDICilnzksRx9KjtVWOWR3m2lj65xROUXK2cpNJpHVvbNJLI8KYYkkDqT71I0b/AAsrs4Wbd5nDFfMYrd3cxxQGOBADtVQUG1uvJz6VDeR97JHIAoAJ69Tn386fDbLJvBbpUCSXLiIAfP5Ch7Jp2vlnlAwrYUSev0o2GydiJAhKqPm6ZqS33DvHVAR0BZefsalX9lo70TXF7PblooWTvCB0HzHzxUPe6n/3Vv2VxNlgnc2gJwd7Fs0p3t/jXP5/616GR76Z0eBhOJZZCBPG2wDocH8qz4mJMpcKHO7xYP8ACht3jIjmO0dSQDuHuab6BpX9LX7NdZht4k3vIvLkeQH19a8aj1FCbilYNDdCQS95nBJUFBlicY5HpXNq0kbkNvRscYPIr0PTL7TrLfDa6dbQW0ZyAYwzN7knlifU80Hr+iaZfaRPqOlW1wt3E2WgiORjzO3PGPtQbW7oLU4cyjf6KTBPJFORGxZ0yfEKbRaosFqzSQ4OPBjzqtyTtDcK6gSLjxZPINFWk1xcX0EFtbo5lbaEwMHz5yfSieJN2zz1Jt0iW1linl3TTmMluT60yWRI5Wghl2rjLMT8xpvFpmg2txFNNbi5uU/vw0jCBif+XpgdM/sJ6N4pNG1qC4tpbGyt4+7x3yIExgZB45HNYnGy7+Dm2b2UbU76a25Uqq9A2d2fvSm41CKZVlKBbkc5xwan/ou8n3W6sHQNjwJnd9PrTuy7JlIFnuXgt42GVEreL/LjNUKaSJFpJyfRVopZJwVeDBPOQOK9B7E6bqXdxytYYRlGx5sIMHnjzNag7MWwj3SXOXPCrbLvP36fl+2m2vay8YFtp8kYMUhQsqkhRjhRg/7xSM2p4pFuD46TkWKS0uBDuIhYjqqnmtE6fbrslkDTEDcNwG32qsaBqGoTSuRPbwxwMVKsfE3GcgDk/t86Pj1USbjDHaSuZdrSCHduAPiDcjB68/8ASo55J9LgqemS92OD8FcswspN0p5EfUURAy21srfBs8rAv8uTj+HlQuktFI0ncQSrEjMXkGUUZ6KOhb8sV1edoBF/Z4YyiZADgcKc+ef50xRnVNilBSf0RPY60l+5QQlirlGDAHkeQobVrVprlzbx56AiNTjOKzStYtNVIV40HiIUsuMHkZAxwa7urt7CZt0zRxAbEj45OM7j60CvDG7sycdsqaFE9lIq7pI5FHqQcVFJDb2kaPezdwrfogZY08tNSuJWQ3Midy68rJ1PvjpVD1i2ll7QmC4kbu5WLIFywZcE8FhwMDk9K5ZZTVRRRpcMMsqmx1Nb2UtuZ47j8P8A+Iu3H8/tSifTO+H9luYH3fKpON338qUarfSTSMzxLGi9UZm7v0wBnNAW8vJZ2Y4OdzeEf79qfByXBevj8TXYb8FevJ8LFaO9weiYyR/v1riTsVrkkRkkS1iOMhJJxuPtgZp7ZatAsCTxWVxLcqO7JjcZJI67cjnFLpbuZgfhZpWYttZSeW546deeDTVM8+Xxqjbl0Vq90+90GY22oW/cyNyuCGDAHBIIqZL1Le3ilZcsxOQx6CrXqUdhHp62utsbu4COiPCu7uC2MhSQPFwDkrxVfl0a2udlxpk5jdBjuLqQvuPqOOv7/amb43ySZfi8qW+KtGRXJaJjxHnnFRRtEmd4wSfnPmfSoYO+LFZLXfcHOACfyA+1ei6OdJt9J2DT5A944M8V6ocRkDyB4x1OaDNPYrZFhwTyS2o8/lvO5cbgMkYXwZArGdpDieRX3gldvtTbtjpUMGLzSow1jKSCA+BFJ6c+R/LrSiGFVtfGjAbc8N+7zqjBqGo8exeXFLHLayYylCoBCqE5JbnHsKh+MkLlI97oPlCmho5Fc5mZnKqfPxVhuSEzCpRfbqax42rnYFhDO6dJFiUDoeSa1z+t/wDyP8qGtMnO1cljxkZo3bcfqL/loVufR1iNbv4iVeQvUA7cZq29l9R+Gsby3kmhWYShlDdWTA/jmqkLf4yR2tYy2xcYU+Ie+D1oQ3lzFOGjCpMmVUt+41uxMpw55Rkr5LnPf7r8M2455AHQ+1F6l2la10y+FkXeV0MTuD/dE9W/LI+9V67Hwly13c3jOjEbYISN2cfKWPTHPQelF9mbi0kvnVrDbCsZYg7pdx8g2fLqftS00lwejPVvKvHEk0/sxdX0cb6rIltC2DhjmRhjhgB5Z4qydk+z1npc07Q6m0t1MpRd8Q2ge3mPrSi61U3M6uk8cUn+HLldo6YBz09qgs765e5EdphnZsZjBdn+gzmut+i3F8bhirfYTqVrL8WsN/bd3t3BSuQpOSAR5Uw0uFJ0e3itAe9VTJJgYQEZzTa6gmvtJaw1AW1ssRR7fMm5t4zkvjoMe9QrZX1vpuyzVL5zje8YVCPTq/TGOBmgyxyRVxR2XNKcvG+gvTtK2HKXMaSMhUAZOwn38jUU2kRNdKb/AFBDg4I3EE48/rQV9qZsbJLNQVuWG7AOHbjklTgj/Skkmry7dwjI5y644x04zn99ClKuex2LTKuGWPWLK+tbYjTUiu7QvnxSnevB6nzWuNF0VZJ4XNxstC3iQ5yzZIKfah9E1YWrJJI5ZGboeTj0xzig9aeR75reItGiMroTJxuIGTu6HB9KXlh7JdRPJprp8M9AjbRdPDwiyhjy4J34ILdARmubqHSE0ya4t7eON1XP4Y2g49hxVTtRpVxKn9ZLpZYrUYVjKFUuMctyDxVwi7R6DBFHDb3dmsa+HCup+3Xr7c1M20rZBGTkuATQ757W0KXqqGkORMhyMH19KUa9BdmZngkLiNSwXOVBHOPQ8immq6jY3MRbvoYS3hQyMFVz5Ag8VX5ri4lgMkcRWJWyVjYEKefQkkfbHvWQySqg45vF0T6LfyzXENzdKsUUqZz3hwD7c4p7egvOZ7aVSzBQyZDKwx+VUK3v4bcRi5SdniLBY8g7jnHPGBj055po15HqFuEt2ZJ2yI4XwHcjHK5xwBnyosrk1SAnn38stml2WkQxmZ5BOw+ZHJKx55wBTOLWrSWQRZABGzIxxnivP7XVZ9PtZcXPxEkjCMr3ZG0/qk84++DWNDFLZTyzwT7Cw/Aj8iSOScjByf8AfFBUk1TBjONdFwl+E02I2tvbr3Of0/EW9yT1+9V3txpaalaWVxYQ/wBsViNsYC+HHU+XWk8epamj/Dw3MKv3gDK6l+PMAgH256VJq95dqAkcjtM3yvMjKv8A9uRjmsxxyRybmyiOpSquyozR3VneOLjbDIm7Ldc+oFMuzl40Nwzxt4xF+ECMZPn79KiuporgtJfQoku1gAoxtfJJOPbp9vas0vSb/WHZdIsbiY58DgMEJ8xvI2g/Vh7Zr0I8otx6q4Oc+gW6uH3yzlgJWboTk1HBdY8MrssZOSi881ZrjsL2gkWNjprKTwQ8sbH2/S/l5UmvtAuNMm/t67dh8cdwe6+wPQ/Y1iS/Qx/J4+wTUdQeOcQ2/wAjqC23qx9/XmrHYa61zKbHULyITrtwSuN79NvuemfeptJ7D3l673kaRWUZUGJ5mYnJ8wuD0GcHPJrcn/Ca8+IQprtuFDDkW7bgf83WunkwyW2To8WOXJHM8kFwZfXEtnp96lyyqkkLR4zglsArx51TrXv7x+7YvJIegA6n0HrVq/8AZt2hmlkhvtQtobeGZis8rFi/o6r78dSPYGuB2T7T9mngvUs0vktz3rSW8wcDHqGAYn2ANUaSEY8WBrcss8lKqRWbqCeCJlls7mIqBuYwsAOcckjHJ4ocSyFSShwR4RjpXuVnq0Ou6Qst7Yn4S6jImt59j5HmMqTx9cH2FCS9mux+pQm3TT4owFKBrUlCnPt++herxp+Niv4kmt0TxaJmgb+8C5OSc5NFfFL/AIr/APhmrR2x7Dr2X06PUtLnlvoHk2TCYD8HPQ8AceXNVj4if/up/Nv5Vt/oRKLi6YHbo1vPJOLz4e1ZiYzMqmTb5fSmc7JJbOBGGSVeWC4IJ4zWHSTdSM0M5gjx3kgbk558z0z6V0yxxxxwNKCi48AXPTp4vP8AdQSe7lFWPSZsn4ICtTbWY7u2h76YZyzncASf+n5U3s57qbEbRxbcDdgBRj3rhbHcr3EECSMoLbY/mzjyH1/6VKZYY7TMr7JCpxGeucedA236GeOeL8lQDPC8akAKV6jxFgPOrF2cjh02wW/uZomnmGFZB/dj60qhadpLhZ44pGBXaGkC7uMA/kKmjZra2kheNonj8axkhlwfPNNxT+32KIamb/J8Heo3jvMXhLSBiQoPAP0z1pho+qfDyRxM7fEkDcG6LVZuO7kiW8dhxyBGjZHv7V0bpbMKYTG7Pzk5DAHkGq3kjQcs8Eux/wBqb5L3UVNjDslVR3jovAI8yfWkV/BdQyxd6e9kmHBK+/XjipZNbjMb3CGTbs2koMgn3yelQXF9uAkkmmmB8SnIG0+nFQuUnICWvlFVAI2vbXARy63AOGZgP2AcVzDHbrdZjE0kjMCwPJHPlnn1rdtPM77BJEIidzl2AP19c0Bq7tA8Mm9BdOe8LQscKfbIoHFt1Iinmlk5kep6bqtppun74rdIZJFzJIxBMhHqepoO41M67aTDbAIdhysjBc+/TiqBaareGIxvMGjTDAMPER6DPlRttMdQvkW3VZJLwrGI0OF6AHH8aneme7cN8yapB1zJHaFrS2high6b1nBLZ9Tt/caFheSzYtb92vQMFbnGR/pT9exuoy2iuTb2rlz+C8uSR78ED86V6t2b1fS7SS7aOGe3QkNLCckYGdxGBge4zWqAtwkuWiGTUWnUxXkkzJklQjKu7LZOfPzqSTUbe2g3WUYEhTCAgYGTz589OnA6UhkujcwwO7JmMADAG3FFRSiaZpvgEkDcmS4uO5B+gyBRvGL3Xwie21iS3MySFPxxskypYEemM4/OpTPPaqzS7GDkZET7gR/zCk1+F79pRFMqjjG5ZFH3FaRswrObooxyhUDpzxRPEqMtrgby3lwxUb/AeARgDbnNQzTqcpy24ZzJ0J9BnyoazuYCjr3qzsp6qM4z6VOWs5pzNPNINw6hN2D0xwa6MP2gWwnQNBOs9oItOljdVVibgu+CFXryPyr1q4vLPR9PMFpDHDGh8MUY6/zNePaHfRaZr8dwtzNDG8g74gDJUnJyKvuo3dtcSd9FcNFG/KOviVh7U12lSLtFGMuGbGr3UV9H3kpTvG2iBjyBz4v9+1PGkGrWE1ldsXikjKE8HHuao095cS3LuuZI8Y7yRRv+x8vpTK0uorK3LpLcMIwXKs2B/rSoWj0M8cbj+iZO1SMJobm8iFxbElz8sbAcDBI58uPrQfZfty2p67BY3dk1uZsuG3jaRjPOfOqLJJcXMgyUZZZPnTPGT5++aslv2F1W/sluhFHbzM2QZWZZFH08qV/HwRlvkjzVmyT+qLv2l1V4WESkhDxkHjPljHSlGkdorlZ371hJCvJaSQZHXgA1JfaFqDadEJoUlnWEK7Ic8/TjrVcmsJLYpHeL3UiDKrKDn8vMV3ctyZ7OPxPFtrk12402W8xrWiOILVcGeG3JQs275mUHBPQURBrFzf6lAj6c0IdtpmRiY93nxS/V9ZuIkhgglQRmTMqqBtKAZ5+4qxWeoxW+lW346ybYwCycZzzuxWanI4wT22RKCWVqLM1a91KDRp4VsnuFZShjEjdD58cjFeXdzcfr3f8A+t/6a9b025SZ8pKu79IO2Pyo/vov8VPzFKwauUY1JC9TpFOVo8kvryRbeOGMnGcs5PJP1oDvGR8swH/1E11fNI8cbgdFAyB/CgSS3Uk/WvUUEXLLsglEdafqThSA7BfMDzrNRukN0XN3MqsoLJvYc/QUsSbu+FU59fOskdJpTKylWA+YnrW+NIk+Q1Kni2vsZ5s2t0SzWd7luW3OQMe46CpbW8WwjuLe5xM0m0pv5AI9zzj0oTTLiOK4AMRWPzk/LmopWjnuJnZh3YY7A/BYUOy3R5O76jy0a5Ikmu9RKow2rkiTn0Hp+2lfdpPEYYyrADbmQZOMZGPSutKMTRyiSF3IbEUUZ9R54/3xUVwTuZQkkeOGO3qw6j7Vmzng1/ibFusluXimVlUgMBJhufLHWsRZu/liKMWRekr54xnPp51DazW8chRwNuBuxwa1qD2agfAmQqy4IlO4A+x60WwXwFLIqyDuthPk23dj7Hr9+KkfVbKRj/SM93eBchT3cSrj1zhmxSeW8d4ikYCnoW/hWoo5I2jcOpII8OP2UWxHKTQzlXT7uAtbTXEE/VQ7iRX9sgA/sq6f8NbdbewvNWZAGQm1hyoPdgHc20jzJYflXmhQrtKeHuun1qy9je0BtYJdNkWR43dpUKA9T1zjyrJQpFGGcd6st2qa1OkuxrhW3H9I4wPrTDRNZmiZe/ljXKh9wfOc+QqrXSNeBppSjqBtUZ8vUVzDPnDG43MV2tvQKpAH26VJ43utHuvPieOiL/iDIltrSXVqiot3EJGCKB4gcE81VDeLcDfM7v5B+uPtmnHaLtBHdPDbm0S8tYhhHC85PXBqvOtk8nehJbdf8MjJz7VZFccngZtqn9Qrv5o1WRJenyspxx/CuVvkkd5LkLn9Zc5/lXaW0EsWbd3x5mQUKT3ZwqxuvtxW7eBTdjPdDGm+DCFsZKeePLFDqI0dZYba9Min5kHC/Y8GhhPsRAvX09q0124J7yZ9uOneE1sYmB0baXZnubv+k495yXMa5B8+uM0zghthDt03VLwu3iVVkwrHr8owP30hg1aYErdYuItv93L4h9RREMljJGJrVRbTowJVTx1FBOLYadPgtGoX0lndvaTTTNEuN7IQD0BxkDPH7a33+n3tkrRagEaMeCOVM/8AmB/hSqLUdG78/wBJ/G/EZ8ciEbPsKNhuNItu8k0y3WRJvnEoxj6Gk7WkMc5P2BfEr8SrSCFtnzHxHd7nHt6V6ZB2rthp0Qto0RlwiwoxJ2/f+Z+teaQatJbmWTbDyhG1lBxyOMV2usXrMq9+FVgCVXCj9lJy4vIuTMWXY+D0O27bWwuGiUtD3bBX70Hw58+eaD7Sa7pWr6bcWMrIdSViiKyuGQ/8uzk/ng1TLe7liM00U8TIzncXxuPHXHpQljcwd93iTmCbqspUnn+FZi0sYcodLUN8EcneCRIbkkso27nYqfTkmjdA1iGxga3mSQwtgIzNvWMewxgVDNeyXGpD42RZwODswdw+tSalPbFcWYwv6bvyc+w8qocFNUxayOPTJ7rWraOYfCxtOh3ZGSu30x963/WX/wCXT/8Ai/6Ul+DlTLuY+VyMtzjyrXdah/z/AJiuWHGPeaRzdPju41RQuPIcmoLseEfQVlZVMOiyP9aNfIr7eM/yo+9s4rbSPi03NKzD5jwPtWVlCzzNT/YAWjGeSPvOck1rW4ktZgsIwCuaysrP9yddHFld3FvBvhmZS+zOPbp++txX91M/dyTEpHlVAAFZWUTNIC5WTYvAPU+dEtaxd7E+Dk+9ZWVzAZFIMOy+QPFL1uJd4y5PTr9BWVlEgkbaV3c7j5U+hmOnWMElui7pUDNuz1+1ZWUGToz2QQa1eOCVZI8nJCLiuVlOo91PeDvGciPGSoABxkAHrWVlZ0mPTe061oLYhIbVRGHblwPF+dKkvJjIqttYEj5lz51lZRY/xEs4kuZSpTdhP1R0qMGsrKNHBXeNUdxwNw61lZRLsxndogmYl/IeVNLO1t1jMxhRyp4V+V/KsrKVkNNSwxTXDOyAHk4XgVzGFCtsRUGeijFbrKFdAyOVA7wEjOPWp423O4wBjpj61lZWM4jlmMcnyIxJPLLnFahkMlqxbHU9KysrPQRIHIEabVIIJOR60z02xgvNOupZgcxAbQpwK3WVj6CX5CRgJIVLdSNuR6UT8Mn6z/5q3WVrGo//2Q=='),
(10, 'data:image/jpeg;base64,/9j/4AAQSkZJRgABAQAAAQABAAD/2wCEAAkGBxMTEhUTExMWFRUXGRoYGBgYGBodGhsYGB0YGh4YGhobHSghGB0lHRodITEhJykrLi4uGh8zODMtNygtLisBCgoKDg0OGxAQGy0lHyUtLS0tLS0tLS0tLS0tLS0tLS0tLS0tLS0tLS0tLS0tLS0tLS0tLS0tLS0tLS0tLS0tLf/AABEIALcBEwMBIgACEQEDEQH/xAAcAAACAgMBAQAAAAAAAAAAAAAFBgMEAAIHAQj/xABGEAACAQIEAwUFBQYEBQMFAQABAhEAAwQSITEFQVEGEyJhcTKBkaHBUnKx0fAUIzNCYpIVgrLhQ3OiwvEHY7MkNFOT4hf/xAAZAQADAQEBAAAAAAAAAAAAAAABAgMABAX/xAAnEQACAgICAgMAAQUBAAAAAAAAAQIRAyESMRNBIlFhBEJxgcHwMv/aAAwDAQACEQMRAD8A5FFeEGrjWY1qEsvX5f8AirnMmQvOnpUetEcPhlcGGgg6SNOXMGR8DVfE4ZkMGNdRBkEHnWDZFrLD1+VYp39K2jxn1+sV4moPL9R9awT1z9PwrVWre+NalRMo/q/D/esAxFj2h7tZ/HSsI/pA95/OrOCwL3JiABuzaKJ6nr5b0et9nsqhmUwdmcEAwSDlQanUEakbbVhW6FcLPIfE/nWwsfc97N+dO6cFTwZSXlXLAAKBlKDZfXnNaOkHLEeQECjQjyCcMP5p/cfzrbuf+X/efzprtJ4B6ColYEnNofy0rUbmLHdfc/uP514bX3P7j+dM160CPeK2/YZG1YPMVRb80/uP51uEHVP7j+dE7mGdAGgx8q0t3xOorUDkUO7HVP7m/Os7odU/uP50UZVaINWsFwG9enukLRudgPVjoPjWqjKQB7kdU/uP5153Q6p/d/vTDiuy2JtAm6EtASZe9aAgn79X+Edk8yC9iHuLa3Hc23ulhqJDIrKBrOkz0pXKK9hSk/Qodz9z+4/nWptfd/uP510O1w/AWAbhfveaZyrptMkALnPl66bUSHFnv4Uund7GAvitwJGqkEN0ggR0NI8sUUjimzktxI6fE/nUeb9a/nXQeGXMHiQLWQYa+ZXRmZA4ndLhINtvKCNRrE0B4nw1VZlu2e7IMSmnNgJU6H2TtGxqgl12L2adtD5z+daMx/U1cxfDigzDxptmHLyYbqargA6H3H8/KsFMjRzPx/Ctr/L9dKxLZDQR1/A1teGg8wCPXY/ryrBIQ1eXW1rcASB7z7qiNYJ7mrYGtBUiCsY81rKlC1lY1nt+6TUEVv8AtH9K/A/nRXhSI4llAbUSuu4I1UzPXlWNVEHCx4WPQj5wKk4h/FUH+UCfm/4Gi/8AhqSwURqfYJMCM4BVtzA/lMUF4g0u5HkoP3QAx+Ue+gAoAfGRUjJAY9TA/H8qzYe/86mup7K9N/ItB+Qge40Qnht6g/0g+/YfhNWuG4I3rgUGBqzN9lRuxrQDwDyaD84+tMnZTCL3fi2uXArf8u2MxHoTp76AGwjwopbhwq5V/hq06f8AuHqx38qLYTFNftiywtCblwqxLaZnYwTGxMfj1ohi8FYvZZ8M6Aj60p4vBXbXiElAzKCP6WYfStpkdlqLmGv+yAQGBDE6ar/TUPE75c5sqifssY98rVqxxkXCoxSd4qqVGpV9SkeMamI0BnepuJcID2xdwqtlH8RJLFY1DjnlI+BB8q3KuzV9Cut8iBsfX/aob9ydx8/xkV7j7bDWD5GqxkqPf9KY1EuGxUGNeup6e6mPh6PcgKU8pJ/KlRVOv3T+FW8Bi2Ugg7Vg0X7mJdUCtbnQbHfTzFCLmHBJhTvsD+OlO/CeIoVVLiqwAUCQOkVaxHAEvu7WmCkEEDlqB8KXlXYa+jn64RiQApk6AT1pm4TxHuMU9m5miywtpbTfOQGZ4+2CQJOijXQrobHCmsXUYLnZQSsAnxxI+J09/UVzbgfA73Ecf3JYjOxe43RZ8R15zA9ankknH8LYI72MPbgd7iVRR4LYz3EBJMCIDEjxEzvJ560O4z2xuXAqqtyyyj+IjFZ5ZSqqZWOR08hXc+A9iMFhFhEzeHKSxkkVNxTAYTKR3Fv+0flXJ5kvR2LHZ8u8R4k1wlidTBaNi3NoGg93Wr/AePXLKsiaZ9WOsdJPT5bb0X7adkGt4h3sAG25kCYyzuPj+PlQfFdm7iWw5dZ+zP1ro5RkhOEolZ8ae9LCAQZ0gefLSup4y2cVg7d+4rNdmHYc9NGfTVgFj9aciwi+IAjWek13bs9cNrB2G2BO0dNBzk6E78ydtBVm6jaOTJXJCKtmJAAGgGsmRJkMNiD0oDxfh4tkOo8DEiN8rDUqTz01B5iusHh+Ga7cZgcpUEAGACZ+tAuNcFQoyIZV1OWdw6Auv4MvnmpY5L9CVxZzuykx1Gn+Xb5fgfKq5IyiZEbEcqtYb2lPmPgTB+VaG2CDrHP0j6a1QYrEjkPf6eXIVFlqcjUxt+f/AJrRxWCQxVu1amtLduTRjBYIn5CTsOX1rAbKgteVZRXIg+2fMDSsockbixex66zA6GBHIbjrRbg9pSqT/UfhEVUXHG4D3iK8AGdm3A3HrVjCYm3sCV0IAbz8x+VAdl+z7O+pB+SKPrQziTZrrkn+Ztd+ZothcM5gqA6ydUIbcruBqNB0obdthszScwOxXTz1nfyishSmSF1gTykyZ66ae4iomWSfUfWt7i1g3P68/pRCi5hxNs/H3rl/7Z+dM/ZsL3doMwUE3NT1lPoKWuFrIYHYwPxB+Rph4M+W3aP/ADPmU/OgJIL40ZZCXbbLuBnXMPLevcDxrKoUlGWWnxDcsxPPzq5huK8ideRq1gUV7R8OY57hMbmXY0P7i0COIjD3WXK6WzkYmWEEg24B13gt8K1t2e7OZLyiOYcDT1mr+ExKLiBzXIw16E2z9KOpZtOrZWgwdD6UG6CkmBkxFm+i28Q6ggAJdDJoI0Dj+ZR8RrvtS3jeGorELctsAx2dTuBqNdRXSeHYFGspGsKI12Eax+Xr1qxw3BHNfSQQQNDtOUFdDz0j31HypFvHZyY4ZOZUTp7S8/fULcNXdXX0LL+ddNxnDAQARl8aDTXdwNZNb8R4H3QVllpOUgA7+lHzo3iZzG0eYZY0jxL+E0T4Zxdrc+JZnXxL+dN3C+xwvWA3eAFkUqI5ldjrS1d7NXg7KVYFd9D0B/CnjmhK1ZOWKS2X73aAMq5igOcDWDpB25A+Z2pz7G4a05a+qKGbS46jXQmFJ9IMedcjvoyGOlFBgb+Jw9m1auvbt57vfZSQAQFYOQCM05lSP96GaKcCn8dtT/wdjxvHMPaUszqADBJIAnzPKlfiXbfh7yr4q2Puhm321Ag0s8J7Nvh+EX7WMgl7w7qZ2yryYAxIbl+NLnC+wGIv3BcOS5bB0EgCOkGuTjH2zuV9oP8AGFsXvFhsTbvdU1V46hWgsPMTSf2swzd3mU6DcdKa8N2Ev2OcWx/KxBIO8qw9n4maG8ewb3EdFgvG3U00aT0GduJziw8EE/r1HOuypfX9jwuVlAZDc9oAZiSDAO405e/lHL+HcCuFXe7NlEmSwOaF1MDePxJArpHYTiil7WFAAQ22dRzUjXU/zBhO/MeddcsiSo4ZYXJWeLi1ViM6MIGzqY386kt4pS6AOpJdYGYTuOU9JpmxeCAuXIECE19xoJcMug6XE/1rWhJSWjnlFqWzltsfvAP6x/qqKPC/+X/UKsW1/ej74/1Co1XwP/l/E/lVBiopk1sMOzHwiY19B1M7VirRLhGGLZ/A7SpUZUzDMRzMgCN/1NYLZUwtrxenQg/MUwAeC10nbl/Et/ExQvCYU95k9nqTpEDX8KMDDs6KLYLQTrsNHB1JMDalmww7KFy9rp5fhWVvctWwYbEWwwgEamPfWUhQE4ayCWG0rbn1LJJrVMCSAQRqAYOm8/Hb51atcSt/zWQDpqjEaAgiAdBtU9m/h4gXGXQCHWdvNafZqKaWSiyJDBiJU6gADmKsLxe5EXMt0f1rr7mEN86uWbAb2Htt4maA0GCI2MVmLwbBDKGY3ieXWtYjRSx3d/yoyHmM2ZY8iQCPnQ8L5/H/AGohi18R+Hugfr31UCCmFJ8DoT0AP5T8TRrCXstq3ptnBHvQfSgqDU9N/XUa0Zw97wW4/rn/AKf18aIsi9ZxKsOnmPrVi1fdIYGdTt9460JCA6gFT0B0+Y0qQXGjUHnz8zy60aEsJteV3zTlJBnpMrVq1xFkiekZhtrS2+I1mDtrrruPKpLON6T7z+OlCjD5wTikZRP8p+IFH+D8TXvLjaDVPkormmE4jljkdPjRS1iz3zLoJcBYnnEbnbUVGeJMrDI0PfaEKApn+a2Qf6Sw/Xuqra4+UOVjppHmKHXcQb1sKrKWFxMu+qlgCo15QCPfQXGuy6Sp/EGpRwrplJZX2g3geK5bKZdfAoYTqDA1FXOF8fZTdLaglZB30UAGuf28VCiYmBtNe2se0nXn9BVH/Hi0T80kMfG8Pbc5kykM05SNRM6T0mi//p/iVsLdQiCXX5gj/t+dI93FtoZG/PprW+H4uyOGO0+KPsyNvPmPMCjLE3DiGGVKakzoPbzG4d7EPeVXBzBZ1HVyN8oAPl50ldme0AtswtublkxDxEE/ysATlP5iqfbzi/f22wVoCUY57hIXRmzEzuVIEaefpShwW/icIjquQh91K3CemngI2rkjj+J6XLf4PnH+01xjlUkTUfAGAljqx29aXbl0ugeIPMf+dfjVvs/eJvLroDJ6ADUk+6jDTDLaB/Hbt28zCx4jbfOzm4ixkOWCGYaE+LXQ+GK6X2D7LomXEXSDfa0EAEQoGrEDqzT/AJQu0ml//wBPLXguX4Qsbi5S66hCHYDTzg67RTlaN821b91qW1AeQZPOaea1RyyyboI2bSG5dQmVIT1nWhPGuELbdSpnx2/m6io1u3M7nPbkBdZblPKNamx2Jc20zPbYd5b1AbNGcbEnr5UIJxl2Sk1JdHFkT94PvD8RUA9lv1sHq+F8c/1fWqiroPNj9B9a7ESZVtJqPOmfDWLjhUthioBEScqyOZJgH1oPwtkVvEmcyAoJhQZ3aNTy0qxisVfvCCcqQSFHhSBvA5/OszFkth8OZd++uD+S37A0jxPz92tDOLcXu3EXUIhLDImggZTvuZza8vKtrmCLkRAGW38Sq7Ab0S/wJhbgwi+OWuQIzd3yMkSFOvzpdD7Fu3w28QCtpyDsY5VlMF1sJJzYhSZMnuyd/OdayhyYaBzcNB2ePKCfoK0PCm5ZT7/pVq0Nx3hcabljl9r7W3+1bIxC+FlO2rRES/UxOgpjFRuG3B/J74/OpcLburszrHQmrlvNofCDr7Oxg+vSrKYt5VcpIOWTmPMDWCCN6wrKOKxLt4XIaOZAn4xNVDYI1jcaHkfMVcxg/eNEDxGNJG/Tn6VF37RHeAgE6dwp1MT+A+FCU1HsMcbn0bJa8CtHNlmPswYPnr+FXcOP3aNG5f0JVmX8FE0OS+6ggMILFv4Ke0dCflWWsVcQQpEEkx3Nv2jEn12pVlQ7wSCTtDMD9hm5T4Ss5RIB0JMdKiwuIFxSyzoQCIgjNME+M6bjQfy60O/xG4JYRouUnurfsbFfTlFZa4pdTRQgmJi0g21HwplksR4aCKHM5t6Fipyg6ScyEQTzyhv0RVZ1iI5hWj7wB929VV4vcVg4CBlgA90kiNAB6bU6cDtrdsWjdwQclRlZcykrJgwlwcvKmUhJwpCymLKk0WGJBbOshVAYREjKEVVB6zAn3xyqPieETvG7uUX7LEEg8xrrvO9R4OzErIgggnMNBKsCNeqjTntTkQxwi837WqqIBuKV6RmDLp6RVrtJdIv3rZkgSyHnGh0J3GSWjy5VW4MIuWmYoDlZDLKNSHUSZ00IHuFS8bl2cq4JS67KZBlWIiNdgV/6qT+oPoVr1zpPl8OY5Gq/7Qyjpv8ASiSYIEA6bDmOleLg9xK/EVQWyguMJ+Br1cTI1q2cEAd1103HP31uuDA0zKP8wrAHvsm+IxGFZMJct2boYd5cMg+EZVJgEmUA94agfFezGMtMz4jG2GnUsbjsT7iPrTXwbslbw+FuXTiXY3Lft2GGUDcFJ0c8pPU6CkPiHZrUl7164q6meQ6kgQK8+aXNpHq4cnwXIo2bZaUU55OkDfz9KmvdnsY4Nu0tu2p0cvcGZh9nwhsqnnzPlqKz/FbWGEABffqff9KqXe35XS3bnzOg/P5U8YP0CWWx77M8Fu2rLW3a2JykZCTBWeoXkTVyxxRsOzWiwMH3ENr+Brl//wDomMnTu1H3SfnNMHZ/i5x3ed4ALwTMrJIzZAPCVJI9kco1Aqqx2qkcuSbT5LseLWJzPcyhdlgQIjX4b1Rxd/VVIg50MDb2hrS1ZxLKdGHn4h+dXkxuZ0kicyxqOoNHx0T52KOXxe/61SblGwB/XxojbtEt7/rRrhHYnEXhOUW16vp66eXnFNaQ1WL3DsKC+YuiBSCcxMnX+UAEsdKvDE4a3l/iXSqldAEQhp3mW51c4hhsBYOU37l9+YsKuUH77GD/AJZoc2KsT/8Aa3Y6m8J+AtRWtM1NEF/jtxdLKJZG0qJaBpqzanShV4XLurlnPUyY/IUy28ZhiIRcrDZXAUn0YNlPvyzW168RMW9gx0UKQQYAJAJk/Q70OvQyYnHh7/Z+a/nWUxti732fiSfnWU2w2VLTnU+CdPZM9f6jUlpfDyO3tGOb+Y1qECA0BQYGxnr5mrlhgZOgBIgEdcxiBU29lFHRtbXbb3ajceZrcp410Xdes7DziivCeEvejIFge0xJCqORn6c4NMadjGZc6XkaOUHl0MSfhUnminTY/idCFi08bfeP4moreG8Tj0/CjnF+FvadgwidR0IJ3BG4/KozYi7dHoPkT9KTPkVKiv8AHhTdgu5hPFIPhgaGd+epqndw37wECAFhv6jG/wBfdRa5hcrlhAXKAR1M7nT9TVO7houZ1EALJ19sjUmOvP8AWk4zLSiDcbYOaIgBdtZLEHUzt5RUeMxCqFAGc6gxOhG/rtVjEEhmjNNtTJaJ1UFRpyGmp1JJ6a0saSCuRioUkjn7ZJOXw7axqeQPM1eDITR4GBJjaAR7yOfOuhcGJ7vBwTrasTr/AFtXOcKsHoIAA9/M9d66p2VthsPh2hZW0u73BISHjKvhMF+dWs5siN8TwUM7nUSzfia0wvBxmbUiCPmBTZd4jYDZZ3mTGxHL8fhUWGxmHz3CW0JWPCeSieVPyf0cdAL/AA7LlKk+2Neh5R5Ve4rw0ly43dFLaeEkkZj5aj5+VE8TjsP+7g7XBPhO2s8t6vtxGyVB1IHhPh2nqNxM70rk76GS0c8XhDNbtlQPZ1+A3/PzrzD8HeWGkjz6gHpThgcfh1tW1ZTIRJ0nXKK1sY/DZ7hKmCwjw8si/Wm5v6Fcf0SH4W4YyOYG88j5CreG4S2ZZUsJ1AMGOep0XTmdBTFbuWHupkU6uSdtFytqddAPpUfHLHfA25a1h/540uXh9n/27fzPQaGhLKl2NDE5BROOYJ8M9jCGCg9jKwBk6kORlaTJzTrr1oBiePvh7LW7IXvLh8dwid9lUERoOZnfbUTFi7qWreVQLdtFJCjSAo313gDc+WtKeAbGXLPflbbrcJZbeiuqTpFyPF1h5neZrlpN2dyVKhfxvD2dyxkkn9D/AGoPfRQYBzHouvz2prvcPv3ye+XuLQ/kBBZvvMOXl/5r1eCCItpA9P1NW8iQvETSp6R60ydisTct4i2wuFQGE5VU/wCoGt7/AAgjeq9jDFGmnhNMnkTo6PjOEMl5xHhJBQiYKNJBHlH4GvGwJXKejL/qFFOyPFO+sd2/jdBKbZiNyvn1H+9THHo5gKRqsHTQ5hB84MH3Uzk0jmjG2Z2V7NC0ve3Uk6nUgBY5ddOZjfTYHMs9ru074om1aY28Mvh03uEe7beFiABJEwKPduOMG3hciGM5FvTkgEn5AD0Nc7FwjQTAG4MCdJnken8UjQDSKhjuXyZ1yXHRrctQOg8j8idz+tNq0w2ENxgqrJJjQc/XYcieQAFR2785mYZlUTA0nUADTqTyO07GrHAXNy4cx9oKnIAK9xFYKBsMpK6dTVHKlZoxthvBcCsEKc3e2xq7i1eKvAghH7xQEB1zhddOWlDsdxDDoGQW2OUEKO8MQY8OZgWAMD5aCTHXLeURaFsxkBLQkCYAG8yYJ0GgHpXAe14jGXlXYOQPeAT85qGHI8kmmWyY1FWFEskgFbYIIkEMsQfVdK9pds4u4oABMfnrXtddnLwDYGUMSsaDr59SavWFHKCJ0J6axPnTRx3swoBa07XBB8L6mBvlPMjcrA02ml7D4QgwBFcUcintHc4cdDtgrYWzatjYr3jRzZhIPuED3U54nBqtkuohgoIPnpSVwq4XtqJAuIIIO5XkR7jHuFNuM4mv7ORzKgD1EV5uVPls647SoWeMt3tpy0SoDiOUtkI8pBB9w6ml5gO/v6jdY9YJolxbGrZtsrRnuR4Z2Ua685Jgx5UAsY0i9dII1y7idhtyO5GxG1W4tx/78BFpSIHtkXGaYXLqJkZtNZ36/Hz0G3Vm6DMLENqBmPXU6H1iNqtftGJV3F0x7RGsGDGUZdNuvOedQYu7eDgnRchAzZtW+1vrvy02051SKaYJVQKv30K3IB9qAJgsvXbxa+mleXb4UwqzK6kgNE7wDAzfhPWDVpFvFUYKWVdbjBWI95B22009dar2r1xigiRmJYCZy67ayNI0HTfnXVE5pFOwW2aJn9TXS+xt+MIg/p/7ErmrXWzNmnTb/wASYp07N34w6j+kf6VqyWjly+hze0CwOcbn+UdDWmHsjPc8YjwwMq/ZoMLN/N/DubmPCdvh51Xx/ETYD5oW4cpW2dGII0YqYOXQ61qf2S19EPbDHXLV1TauRKQYVZkM/OPrTN2RfPhvbiBGqqSRKnciTqedcy4jxE3Gl/ENYBZjoCdZmBsTEfCjvAMcDki9bRwCBnuKNydApMe/LPvo1aM9DtgrU27fiBORf5B00157VrhLEvcEj2ljwj7Cn3UMTGoPDac3AoALZCF9ASZPwFJfbHtHiVL2bDG2k5bjqYd3A1QGZVViIG5BnkAKkaMVJj9xXtDhMGGU3UD/AMx0z+ShFBYAHXUCfLSFQdrr2JYrg8Oz9btw5UHnCmfdm91A+zPYdrhFzEaKdcvM+prpNmxbtIERQqjYAVGbS/WdUY60Kl7s9irwK4nFQjb27KBFPlI399Hiiog1CW0EAnaBpAHOt8XiwoJbRRqfPyrmvHuM3MXfW0GKoTEATAG5gbmBtzpVcxnoZX473lw2sHZ71xq1x4yqPtEnwoPX51fwd9WUtexBuKNzb8NmeahzrdP3QKC/4eLdpRcyWLXtLZusQPJ7yJ+8v3Docpyqu2u1CsYMNdM38beuAaKtuyttVHRRmIA91HhYOVDW/GcLsiWz5kZvm00Px3E7J/4dsjyEfNYNLTDALopxJ9WT6LVW69g+w1wfeIP0FPHGkI5MbODcWW1dDWmIgyVJ6bwef4+tOPHryqovW9rmVgABAk6jQfaBrjtm5DDK0+ddB7P4o4jBNa52nMHorKSJ8pUD31etHPJU7QP7UY8uiGfZZj8QvmOnUetBb94FixIJk6zbnfqzMT8asYwkqynff4T9CaqcOwl2+4S0pZyNpPLQkkuQB5kcxSxVIo3ZC18kMMzHbeNInmm2/wAtqs8Ns3LN1GZGAbQZvDo2sy0AcmnTblRo9g8bu1sBeZ7y3oOZjNA+vyodxIlcS7pnVjEHwgyJGhVjO9C09DK1sbX/APUG2tmUQlmHtEqEmAAZmSBG3u0rlty+WuM58RYkk+Z1JotxCDhmbLqjDMfDOZyxnVc3/VWmGREUKyncyZME+gNLjgoXQ85cqI8LwksoaG1nketeVfW4o/4hHlNZVOQlHWO0uMFvEZRPtK2UfaEfDwltvKkDjGNy3riIpIDsoE6aMQAAN6N9oeNgXnukzcnwJ9noX6Rvl3pfwnE/2W2bi63n9lt8qrmza8mYgbax96vOwRcY3R35Gm6LWHW+pHguIwGZotuCokwZ1bl0qRu1lw30QXCEZCdFEgnN4s0TpoZAG24pbHbDFG73ueGOhgvty/m5UQxdxL9+1fuhpZYuZEJltTmiAp0KzqNRJ31t423ckR5JL4m+IcliTqZ3qut894xB10j5U3Ds0jCQ5IOxH/iqeN7LpbysbrS7hRtvBJ05kKpgczA51pzg9BgpLdCtmddcwKgwsEELGuUwdDrMRHSor7XMxLHw+snMfta6H4fGjJwKmXZmLMVIAKEk/vCwgGNO7YbCSV2zV4mAt3GjMzCACFHhUALz11zTp9TW0Fti5jsRcdgCSFUyqrtAzEeU+IyYkz7q2wufK22ogmQo11AmfLlrpTY/Z2wF8d57YMQxRNYM6Ewx1MaDoOlLGOxC2LrC2S6gEKzLDBti0A79Jn0q0XapEXp7KORgGzGT6+lNfBbsWrY6gfgvxpOt3i2aaYMArfuiJyhLebpPigHrry8p5VZIhN9BrEdo7QuMCjn2tNIOUtoZJ0MTz9rQChuJ4rZdgQLmbQEuqH4NmzKPIUHxp/e3PvMPm1RqYo8Sdk1y7bYyS/l4V08va2Gg5bVNhHsqwbPcJBn+Gsf/ACCtOHYB71wW7YkmTqYAA1LMdgANSaPYHgGFIzXMajAbraUmfIO+WPXKazpB7GjsxiLSxdKsmZSylyoZ/K2gJIUxvEEDcmqmB4Vazm4balySxYgTLGTrHWgdjELfx1y+IyogVQNhPhAHllDD3UeTFQDXPkbK44pBXvgIoZj8d51WxGMFLXEeJxJmpxhZVyPO1XG/DkBq52e4G1qznLOl657RRc11VOyLJHdzuTvy5UPwGAVWW/fztcPiSzbGoB2Z2IOU8wIkaHyqe9xbDgkNYuqf+c8+vSq1qkTbPcuAtse8tYh35m6Rv5iKjxl7hz/8Jl8wakucdw7pkYOw/rIYj0MTQPF4fDtqjsvkaKX3ZmzW/gsL/LdceoFULti0NrhPurW9h1GzzUGQDnVaFJABOhpt7MOy2sQFYqctsyGy6lxzkcqU7Q1+vIUxcHf9zdPJnRBPOAzE/ED40UJPotXrZJmQT95fzpo7EYIor3Y1YgDYwqmSRy1OnkUHSh3DeD2XsrcYuCcxJkZNGIiY8J03M0YXE20QWGARYgeIHTT2tt9SfXzqWWVqkNjVO2L/AG74nm7u2slHZrzLJgqGyppyWEZo85pUF4BSmRNTObKCwj+VWMlR89N9TN7tLiTcxNxgIUeBOmRRlEeR1PvoWwmmhGopDN2wthxcu4LEFszKhSGPXxeGSROhB3naqhU5m5ag+4z8tqk/bWXCi2ugZmzQTvpuJ10ivbP8vXIAfp8oofYy9BDC8PzoGP6jT6VleWcZlUD9a61lRuRbjEtX+J21cXLllbpZVMF3IBWVM82MKN/hWmM4/YvLLYW2FSNEZk3kDVVB01+Jov2f4dYuoFbvEePYFwkXBqSWGXKYnbp6UO4pf/w2+oWzafdlzKDmXbxTIBU7QB150nxb4+x1dcvRQzYYHN3Kxkz92LrBgN8xPdz7Ou8RrM6VOMbayK/7PcyeIhReYmNPHmy5gvLpvrQq72pb9q/au6XvM2aM75Z+7O3ltRvBce/br3/1IS0FQtmtIivIZBlLZZZSCZXWYEaxTuDq/wDYikmW8J26t21yrh2jzusT8Sk0L4v2kt37neH9ot6AZUvQunODa3otwzhGCuMqHD3pjU5n9rnEmI31n6SSxXZvhdtSz59NlztnPuMQNNzp51JLGpdOyjc+P4I54pa2Z8Sy8wboI/8Ajozge0tpQBYw+Q/aJDac9CoE/qOVLPGDYN1u5BW3yBJb/qOp9avWAcq5RlyqDJGp56D1G5+FdPjRzvIy5fxDG5muMGYkzyiOg5CJ+Aobi4YzvP0JX6T763dQGHmEn0Ig/I/Oo73noQYI8z/uGqlE7KrIBMdPqKZuFoO7Ro1yKJ93+9LV1tP15Ux8OMWk+6PwFMieQDYr+I/3m/E1Ng8C9xsqx1JYgKq82ZjoB+t6d+yvYQ35xF8hLUkyxgRO55n0BHqNqbFXh+GXLZw63erOIWR5GS0efxqc80U6WwxxSasQOCXrWF7wowxd1ly5cOr3AqHVsxy8zHLl50uYvFYV3Krhby3JPgVmBn7sEj0rr9ztNiNrVuygGsLbWAOpzGAKGWu1QDtca3h2ZgFa7a8DwORceBo+zI9an5W90VWOK7ZzngeIRFOUFc7McpOsLCifQ5vjRv8AatDQzi7G7iLpDwucFxG4AhSSdufxqXA4V7zLbSYLZTcIJVBElmI00GsSJ0HOnavbF90ivxDigHhB8XTn8KYMd2GS1b7y9is1xYY2FtyXO/dqc0kci0RodKYW7TWeHW7dlCPCusW/E5jVyQ2hJk896UeLdqkus9wS9148VzUADYBNFgcpBipJyb1pFfilvbLlu3evAzeS0DqQgLAeTOvhn3mgPEuzt2ZV0ueYMH4Gg2N4ziCfHcYj1093Sqn+IP8AaPxqsYSXRNtMnv8ACbq7r8xVZ8Mw3j41HcxjHdj8ahN2q7FokZD1rwW+ZOlRqxqwLQGr6D9bVjG1lcx6KNz9TTfwLjj4REyqCHl2U9GMLruPCs/5qVsBY71wD4bY1I8hufOjaOGZnbZQWjkANAvu0FFrWybe9DMvH1uEuhMkkgEk5ZglcvNRBOmpiABNVeKdkcXfbvrVpMjBfZu24BAEj2hz6iaUXVgFIJB30/zfQCmDs/j72HVDaveNgT3bHwsAzDSfTbX0qUlx2ikflpmp7D4wb21HrdtgfEtU7di7tqGxXgtnbI9sux5BZbLtJkmNKcML2ks4pWs3v3VwgqVMZTOhKk7fMefKg2L4HirEixfcp9gmR70eVqXml09FVhQJ4ngcKlhrdrvQWIJa73TGRIAGXQDU7QfOh1q/ayKpU59ASQmUxoPErq4HPUNXvFcTiAIdUzTH8FB06LrQrxmdFnyRZ+Q+VNG2GSSoPjhFx/Etu4QdtFOnrmE1lCreIxIAAuXABsBoB7qynpCWx24Lw9bIDGxcBGwa6GM8jlkKD570I4xYuYm4A6KXgAKcqxpqbYcZtDzGafKkM4m59pvifzrS5iXIgsSOhJP41Jfx2nd7LPMqqhpxPYu+D4QCPMDT4NJ+FE+EcBuWzIDSBqqEQes95aAiOppPs4y5c8JuNn/lOYjN/QddzyPu6R7g8ffbTvHIOkFmI18iYp+E2qbE5QW6HfiHGrFkgpbQsxhgbdsgRpOZPbI0bmI0Bk6BXL3nPfEkgGPFMqNYJ5xqyjYCRyFC7VwSUXxMdZ5ZhtJ89veOlXeHqcwlvEqge6RBA8vZ9AtFY1HoVzcuxfunSmcPDRyKgctwT5SPl+FLWLUAkDbceh1A+BphtKxdgAIMSTyiI1+On5VRiFN0Omh9hdf8qsPwI91ZdUltj4gJ15jSdvLU+bVDeukMVk6qkeRVVP6+HOo7114lWIGmx25EfKQaNC2bPabaDPOZP/bTdwHDKv7OLumcoAPIkDMfKJ05x0BpNGJuEABiGGg6MPLzG3n67kOCYolhmklTuTtvy5agUa0LIfeIdpXxDCPDaH8NBsqjQEjmSOdeYfEFgMsZmbIpOwA1Le4UqYPE6AHddDRLC4wDDMR7fjUeWbc/CuVwrRdStF/DYxL911MnD2iEVT/xrxky/UAAmNtuU0Ot4+9cKNm8d3MbNvMVtW7KyDduBSJGmi7es1U4cO7XDA/zX2Y+hAWqtzEzdxOUBctpLaAcrYIED4Cn4iWErHFGvvfRHAtWhbEkBQdTnuMoicwB8PQgVFgO1jG5bw1oZMMkgA7tvLN5k6zvrvQHgt3IL55QoI66n86qrZKuHteJTOg3Hkabgnpm5V0OGN4jz0kaTAOn+9L3EMTbYmVAPUaVSx2KaAToenlQx8QTRjBIDbZZvMORkVVaK0LVrTho9ra0kmBXtu1Op0Fem9Gi/HnRMTu629vE/wAh+ZqBZYydTUSimDs1ww3X1HhXUjr5GsLL4o3w1k20g+00FvJdwo/H4VNe0QJzY5m+6NFH4n30av8AC4ln0GpJjSOfofl+FVbOALjvGB8WoH9I2Ue78azdk0n2DL67epHwAH4zTHwjCW2tLnVT4efIC5cJ15evlQrE4LxovUMx+VFLmFcYYd3r4WDKPags8kdRBIIqObcaLYf/AFf4D+PWciOZJy5SpJ8Q12nfkdd9aucA7U3EUBj3tsbg+2nw5eY08jVDitybTcxkX5TS9gCQwaSMviJG8Dl79vfSRhyjss5VLR02/fs4gqtu0t1iueGA8KmYJMGZ3AHLXSqd3h1tJzraESSLdsmI1MliQD5QDSdguJMrPdDZXj/KWiF32IOo+7FM3B+OWGtrauplbLEmSTpuZMtPODPlU3jceh1JPsmCWz7JtleRN1F/6e5MekmsrZuzltjKO2U7QVIjyJBJ99ZS2vsavw5tJ861LGpu9H2fmay6g5bbjrHnXechXBmjGBbMc/MnxfeG59+/qTQkCiPC9A08z8I2P66mg0YsYGz4QBExtIBPoJk+6prb/vQ3PKZ9ZE/GZ94qtZYh1gGQeW+0QPjU9nR4PMT6REieZj8KwoMxiajmCND5SQPlRzvobbQgDTfNqR6+dBXErHTUfKR9fjRYKJLHlqo8+pHTy5+m+Cz29h1LTBJhdR6DWtv2cRIkDnoPCT6EyDH6IirVtCQpBI0GwB0gQQG+cEfOpksH/wDMf/1fXLWsmUreABMQdeglSfofUadRRAYJUU5+7UsCFJuKCem5gx96KsWVU7Pr0RWQnybKpkeURRTDWXUEJayzuxOX5hcze+lcg8TnX7aVuEnYxROxio0nRtR+VQ9rOEtZfMdQ8kECBMyR+utBbGJI0O1NphrQ238UGFk/YYfjUPcfvrx5FG/EGgq4mZ89x9akfizBSBuQAT6UOIUSXv3eHad7jD4LzoMl5lMqSD5VtiMQzGSZqAmiMkbXbrMZYknqa0rAK3FvrWGNVWdqmhV31PStDdjQVFWB2b3LpPp0rUV5XoFYJPh7ZJgV1DgHC7VuwEf2zDkDNnB5ZYE6dR50l9kcIr3lLkKi6kkwNOpO07V1UFFHJRvuAKWcq0T7Yu8UJdkw5Bhjmcx4u7XclV2kwNPIwNhZvYK25ISANyViP6Qd1PXXaF61rjXRMQXS6BcIAddGEDaRuD/SNT5AzUdxm3UMTrmYAS8wZbOAywRoATv5CkMC8XgiL6qNSEY6MyH2gN9Y9BAq61xkCgkiFJkkaAMxkkabc6rYt2Di7DCFKQ/qDIIBEeoFU8ffLqpJ0jXVWiGbWVgEaQR+jpq1sbG6ZV41eBV4WCR4o2J6gcj1peBhY+1r/lG3xP8ApFGMfqIHMD6yfSg1zU6bbD0Ggpsa0NJ7NrmiqOpLH0EqPwb+6vbOJI8LeJeh3HoeVaX9/SB8NKjp6tACQv8AS7A/qGvvkVlDZr2l4IbkzVrZqQqYGnKvaynEIwhmreDED31lZWAy1Z00G8b+XMeX1FeQc0jkPqKysoAKtxCIjkaKWRO250PrWVlAwQwqwI6GB5Rtr6EfGiNi4/RT8Qfjt8qyspGEvI7EQba/3/8A8Vo91UP8JF/zflbr2spBvRFisIcShXu1Cn+c6kea7GfWKSeP9nbmG8RgoTCkHfc6jltWVlNCTujV7A6yKxpPKsrKsajXKawJXlZQMbSeVaEGsrKwaPMpr3JWVlYx6ENSW7RrKysBj92SwbLaLANLcw+QR0zL4h8KLYpAi53K21ndFliT1aJJ89uteVlTfYpp3ZIhLbIPO6V/6UlRVF3JbIzw/wBlpb4GSI+FZWVkBkV3CMp9lZ9FH4LVbFMRE6eEz8WPIV5WUXtBh2DMcpjKPQ/jA/GqC2iNayspl0F9mnd6V41qvKyiY9Fo1lZWVgWf/9k=');

--
-- Dumping data for table `private_garden`
--

INSERT INTO `private_garden` (`job_id`, `pool_size`, `number_of_pools`, `grass_size`, `paved_size`) VALUES
(1, 7.00, 2, 9.00, 3.00),
(2, 7.00, 2, 9.00, 3.00),
(4, 2.00, 1, 3.00, 5.00),
(6, 5.00, 2, 10.00, 5.00),
(7, 0.00, 0, 4.00, 1.00),
(8, 0.00, 0, 4.00, 1.00),
(9, 0.00, 0, 10.00, 0.00),
(10, 4.00, 2, 6.00, 0.00),
(12, 1.00, 1, 1.00, 0.00);

--
-- Dumping data for table `restaurant_garden`
--

INSERT INTO `restaurant_garden` (`job_id`, `fountain_size`, `number_of_fountains`, `grass_size`, `number_of_tables`, `number_of_seats`) VALUES
(3, 7.00, 3, 12.00, 6, 18),
(5, 3.00, 3, 7.00, 4, 12),
(11, 2.00, 1, 8.00, 4, 19);

--
-- Dumping data for table `service`
--

INSERT INTO `service` (`service_id`, `company_id`, `price`, `service_name`, `service_description`) VALUES
(1, 1, 5000.00, 'Dizajn bašte', 'Ova usluga uključuje izradu detaljnog plana za raspored biljaka, staza, vodenih elemenata i drugih struktura u bašti. Dizajneri sarađuju sa klijentima kako bi kreirali estetski privlačan i funkcionalan prostor, prilagođen specifičnim željama i uslovima okoline.'),
(2, 1, 10000.00, 'Sadnja i održavanje biljaka', 'Ova usluga obuhvata izbor, sadnju i brigu o biljkama, grmlju i drveću u bašti. Uključuje redovno zalivanje, đubrenje, orezivanje i zaštitu od štetočina, kako bi bašta ostala zdrava i lepo uređena tokom cele godine.'),
(3, 1, 7000.00, 'Košenje i održavanje travnjaka', 'Redovno košenje, đubrenje i prozračivanje travnjaka kako bi se održao zdrav i uredan izgled. Takođe može uključivati i postavljanje novog travnjaka ili popravku oštećenih delova.'),
(4, 1, 7000.00, 'Uređenje i održavanje staza i patija', 'Postavljanje i održavanje popločanih staza, patija i terasa. To može uključivati čišćenje, uklanjanje mahovine, reparaciju ili čak zamenu oštećenih delova.'),
(5, 1, 17000.00, 'Ugradnja i održavanje sistema za navodnjavanje', 'Instalacija automatskih sistema za navodnjavanje, kao što su prskalice i kap po kap sistemi, kako bi se obezbedilo optimalno zalivanje biljaka. Održavanje ovih sistema takođe je ključni deo usluge.'),
(6, 1, 3000.00, 'Uklanjanje otpada iz bašte', 'Uklanjanje lišća, granja, orezanog bilja i drugog organskog otpada iz bašte, uključujući i sezonsko čišćenje bašte.'),
(7, 1, 12000.00, 'Postavljanje i održavanje rasvete u bašti', 'Instalacija rasvetnih sistema koji poboljšavaju estetski izgled bašte i omogućavaju korišćenje prostora u večernjim satima. Redovno održavanje i zamena sijalica ili drugih rasvetnih elemenata takođe spadaju u ovu uslugu.'),
(9, 2, 13000.00, 'Postavljanje i održavanje rasvete u bašti', 'Instalacija rasvetnih sistema koji poboljšavaju estetski izgled bašte i omogućavaju korišćenje prostora u večernjim satima. Redovno održavanje i zamena sijalica ili drugih rasvetnih elemenata takođe spadaju u ovu uslugu.'),
(10, 2, 10500.00, 'Sezonska dekoracija', 'Dodavanje sezonskih dekoracija kao što su praznični ukrasi ili teme koje se menjaju sa godišnjim dobima.'),
(11, 2, 4000.00, 'Dizajn bašte', 'Ova usluga uključuje izradu detaljnog plana za raspored biljaka, staza, vodenih elemenata i drugih struktura u bašti. Dizajneri sarađuju sa klijentima kako bi kreirali estetski privlačan i funkcionalan prostor, prilagođen specifičnim željama i uslovima okoline.'),
(12, 9, 3500.00, 'Letnja dekoracija', 'Letnja dekoracija'),
(13, 9, 4500.00, 'Božićna dekoracija', 'Božićna dekoracija'),
(14, 9, 1000.00, 'Nova Test Usluga', 'Opis');

--
-- Dumping data for table `user`
--

INSERT INTO `user` (`user_id`, `user_type_id`, `username`, `hashed_password`, `name`, `lastname`, `gender`, `address`, `contact_number`, `email`, `photo_id`, `credit_card_number`, `user_status_id`) VALUES
(1, 3, 'admin', 'c7ad44cbad762a5da0a452f9e854fdc1e0e7a52a38015f23f3eab1d80b931dd472634dfac71cd34ebc35d16ab7fb8a90c81f975113d6c7538dc69dd8de9077ec', 'Admin', 'Sistema', 'F', 'Omladinskih Brigada 90', '0645993433', 'admin@gmail.com', 1, '', 2),
(2, 1, 'nikola', '866c151c3f96ea5f3ae6e4d0f0be21663faea41c7e4db1d0b36a80619e74b056f828904826425dd0b2a49621f5c117e3248155ceaf02231b5a107b723cc0016a', 'Nikola', 'Petric', 'M', 'Kneza Stracimira 2', '0638575608', 'petricn671@gmail.com', 1, '4556499739738072', 2),
(3, 2, 'strahinja', '8d85e1bbdc597767d7e5d58163248cc9048858c43957d64ced55ad9fc309e1321099c95fb23eba98b1695abab3b79f5d059493c07e8a0727b75f25b8af0185f7', 'Strahinja', 'Milutinovic', 'M', 'Vatroslava Jagica 5', '0645993434', 'strahinja.milutinovic.sm@gmail.com', 1, '', 2),
(4, 1, 'vanja', 'b0011bbd369242765ccb556e53f8e045469a888d8068d2c9944b1ca313e16732f162562a2af7d851bcf2f0ef50063dec022d5cb3d48f4e8b26a39ca9f8a2c289', 'Vanja', 'Milutinovic', 'F', 'Kneza Stracimira 2', '0638574709', 'vanja@gmail.com', 1, '', 2),
(6, 2, 'radnik', 'c05c9072edbb00eb73274cdb2228a7e90bfda1de3b85255d4418079a95d0a4a519d9da53f934cb7ce8e6269cf2118eda9072c87d6c0bb29bed97c9ed4182dbd0', 'Nikola', 'Tesla', 'M', 'Bulevar kralja Aleksandra 72', '064123123', 'tesla@gmail.com', 10, '', 2),
(7, 1, 'nina', 'b7811a4153cbbb6afb7c0c577775d01a8529a2ace277ee8e0f1ea8c9d7bd4c689909d756a9603a1670b41c3285a948978e5a3cdfa5ba62770d2d33fff59d03b7', 'Nina', 'Perić', 'F', 'Test Adresa 12', '0651234567', 'test@gmail.com', 3, '4556499739738072', 2),
(8, 2, 'test', 'ea6c2c424364adfdb23999f22e11f8864745b0e4c31a0fbbedbb60c64d67d0bc2adef1f7e1fc670799b554a1d20b1f9643614f2af3d220083b4319d576b630b1', 'Test', 'Test', 'F', 'Test 12', '0657891234', 'test12@gmail.com', NULL, '', 1),
(9, 2, 'test2', 'ea6c2c424364adfdb23999f22e11f8864745b0e4c31a0fbbedbb60c64d67d0bc2adef1f7e1fc670799b554a1d20b1f9643614f2af3d220083b4319d576b630b1', 'Test', 'Radnik', 'F', 'Testic', '065789789', 'test123@gmail.com', NULL, '', 2),
(10, 2, 'radnik2', '927ae3e178b80e18ec68e8b113cac9fa7741d27fc104784ed89cee6234d3148b19fe716b6488e430392a2c588a671c47cfe46527dce560737db9f3567c737dde', 'Radnik', 'Radnik', 'M', 'Radnicka 6', '064123456', 'radnik@gmail.com', NULL, '', 2);

--
-- Dumping data for table `user_status`
--

INSERT INTO `user_status` (`user_status_id`, `status`) VALUES
(1, 'neobrađen'),
(2, 'aktivan'),
(3, 'odbijen'),
(4, 'blokiran');

--
-- Dumping data for table `user_type`
--

INSERT INTO `user_type` (`user_type_id`, `name`) VALUES
(1, 'vlasnik'),
(2, 'dekorater'),
(3, 'admin');

--
-- Dumping data for table `worker`
--

INSERT INTO `worker` (`worker_id`, `user_id`, `company_id`) VALUES
(9, 3, 1),
(10, 6, 1),
(11, 8, 2),
(12, 10, 2),
(13, 9, 9);
COMMIT;

/*!40101 SET CHARACTER_SET_CLIENT=@OLD_CHARACTER_SET_CLIENT */;
/*!40101 SET CHARACTER_SET_RESULTS=@OLD_CHARACTER_SET_RESULTS */;
/*!40101 SET COLLATION_CONNECTION=@OLD_COLLATION_CONNECTION */;
