-- phpMyAdmin SQL Dump
-- version 5.2.1
-- https://www.phpmyadmin.net/
--
-- Host: 127.0.0.1
-- Generation Time: Sep 02, 2024 at 10:26 PM
-- Server version: 10.4.32-MariaDB
-- PHP Version: 8.2.12

SET SQL_MODE = "NO_AUTO_VALUE_ON_ZERO";
START TRANSACTION;
SET time_zone = "+00:00";


/*!40101 SET @OLD_CHARACTER_SET_CLIENT=@@CHARACTER_SET_CLIENT */;
/*!40101 SET @OLD_CHARACTER_SET_RESULTS=@@CHARACTER_SET_RESULTS */;
/*!40101 SET @OLD_COLLATION_CONNECTION=@@COLLATION_CONNECTION */;
/*!40101 SET NAMES utf8mb4 */;

--
-- Database: `dream_garden`
--

-- --------------------------------------------------------

--
-- Table structure for table `company`
--

CREATE TABLE `company` (
  `company_id` int(11) NOT NULL,
  `name` varchar(100) NOT NULL,
  `address` text NOT NULL,
  `latitude` decimal(9,6) DEFAULT NULL,
  `longitude` decimal(9,6) DEFAULT NULL,
  `contact_number` varchar(20) NOT NULL,
  `contact_person` varchar(100) NOT NULL
) ENGINE=InnoDB DEFAULT CHARSET=utf8mb4 COLLATE=utf8mb4_general_ci;

--
-- Dumping data for table `company`
--

INSERT INTO `company` (`company_id`, `name`, `address`, `latitude`, `longitude`, `contact_number`, `contact_person`) VALUES
(1, 'Magične Bašte', 'Bulevar kralja Aleksandra 69, Beograd 11000', 44.806815, 20.463565, '0645993433', 'Miodrag Tasić'),
(2, 'Bašte iz Mašte', 'Bulevar kralja Aleksandra 69, Beograd 11000', 44.806815, 20.463565, '0645993434', 'Veljko Spasović'),
(9, 'Doteraj Baštu', 'Južni Bulevar 40', 44.793044, 20.503750, '065 123 45 67', 'Milovan Tošić'),
(10, 'Naziv Kompanije 2', 'Mišarska 15', 44.806642, 20.466189, '064 567 32 41', 'Kontakt Osoba 2');

-- --------------------------------------------------------

--
-- Table structure for table `company_holiday`
--

CREATE TABLE `company_holiday` (
  `company_holiday_id` int(11) NOT NULL,
  `company_id` int(11) DEFAULT NULL,
  `start_date_time` datetime NOT NULL,
  `end_date_time` datetime NOT NULL
) ENGINE=InnoDB DEFAULT CHARSET=utf8mb4 COLLATE=utf8mb4_general_ci;

--
-- Dumping data for table `company_holiday`
--

INSERT INTO `company_holiday` (`company_holiday_id`, `company_id`, `start_date_time`, `end_date_time`) VALUES
(1, 1, '2024-08-20 00:00:00', '2024-08-22 00:00:00'),
(2, 2, '2024-08-28 00:00:00', '2024-08-29 00:00:00'),
(3, 2, '2024-08-14 00:00:00', '2024-08-17 00:00:00'),
(4, 2, '2024-09-12 00:00:00', '2024-09-16 00:00:00'),
(6, 9, '2024-09-20 02:00:00', '2024-09-24 02:00:00'),
(7, 9, '2024-10-01 02:00:00', '2024-10-02 02:00:00'),
(8, 10, '2024-09-04 02:00:00', '2024-09-13 02:00:00'),
(9, 1, '2024-10-30 10:00:00', '2024-11-08 17:30:00');

-- --------------------------------------------------------

--
-- Table structure for table `garden_type`
--

CREATE TABLE `garden_type` (
  `garden_type_id` int(11) NOT NULL,
  `type` varchar(50) NOT NULL
) ENGINE=InnoDB DEFAULT CHARSET=utf8mb4 COLLATE=utf8mb4_general_ci;

--
-- Dumping data for table `garden_type`
--

INSERT INTO `garden_type` (`garden_type_id`, `type`) VALUES
(1, 'private'),
(2, 'restaurant');

-- --------------------------------------------------------

--
-- Table structure for table `job`
--

CREATE TABLE `job` (
  `job_id` int(11) NOT NULL,
  `user_id` int(11) DEFAULT NULL,
  `company_id` int(11) DEFAULT NULL,
  `worker_id` int(11) DEFAULT NULL,
  `job_status_id` int(11) DEFAULT NULL,
  `request_date_time` datetime NOT NULL,
  `start_date_time` datetime DEFAULT NULL,
  `end_date_time` datetime DEFAULT NULL,
  `garden_size` decimal(10,2) NOT NULL,
  `garden_type_id` int(11) DEFAULT NULL,
  `description` text DEFAULT NULL,
  `rejected_description` text DEFAULT NULL,
  `canvas` text DEFAULT NULL
) ENGINE=InnoDB DEFAULT CHARSET=utf8mb4 COLLATE=utf8mb4_general_ci;

--
-- Dumping data for table `job`
--

INSERT INTO `job` (`job_id`, `user_id`, `company_id`, `worker_id`, `job_status_id`, `request_date_time`, `start_date_time`, `end_date_time`, `garden_size`, `garden_type_id`, `description`, `rejected_description`, `canvas`) VALUES
(1, 1, 1, 3, 5, '2024-08-21 17:22:23', '2024-09-21 02:00:00', '2024-09-01 00:00:00', 19.00, 1, 'Prvi posao', '', NULL),
(2, 2, 1, 3, 2, '2024-08-01 21:56:38', '2024-09-20 02:00:00', NULL, 19.00, 1, 'Prvi posao', 'Odbijanje', NULL),
(3, 4, 1, 6, 5, '2024-08-21 21:59:48', '2024-09-21 02:00:00', NULL, 19.00, 2, 'Prvi posao', NULL, NULL),
(4, 2, 1, NULL, 6, '2024-09-02 03:48:08', '2024-09-10 17:36:00', NULL, 10.00, 1, '', NULL, NULL),
(5, 2, 1, NULL, 1, '2024-09-02 03:54:02', '2024-09-03 05:53:00', NULL, 10.00, 2, 'Opis', NULL, NULL),
(6, 2, 1, 6, 5, '2024-09-02 03:58:28', '2024-09-23 22:57:00', '2024-09-02 22:12:53', 20.00, 1, 'Pool party', NULL, NULL),
(7, 2, 1, NULL, 2, '2024-09-02 04:05:48', '2024-09-10 21:05:00', NULL, 5.00, 1, 'Mala basta', 'zauzet', NULL),
(8, 2, 1, 6, 5, '2024-09-02 04:05:59', '2024-09-10 21:05:00', '2024-09-02 22:12:56', 5.00, 1, 'Mala basta', NULL, NULL),
(9, 2, 1, 6, 5, '2024-09-02 12:11:20', '2024-09-12 14:10:00', '2024-09-02 12:11:57', 10.00, 1, 'Nema sezonska', NULL, NULL),
(10, 2, 1, 6, 5, '2024-09-02 20:49:27', '2024-09-19 22:48:00', '2024-09-01 22:12:54', 10.00, 1, 'upload canvas', NULL, '[{\"cssClass\":\"zelenino\",\"x\":9,\"y\":-288,\"width\":30,\"height\":30},{\"cssClass\":\"bazen\",\"x\":176,\"y\":-152,\"width\":140,\"height\":46},{\"cssClass\":\"bazen\",\"x\":178,\"y\":-212,\"width\":140,\"height\":46},{\"cssClass\":\"zelenino\",\"x\":10,\"y\":-245,\"width\":30,\"height\":30},{\"cssClass\":\"zelenino\",\"x\":56,\"y\":-290,\"width\":30,\"height\":30},{\"cssClass\":\"zelenino\",\"x\":461,\"y\":-38,\"width\":30,\"height\":30},{\"cssClass\":\"zelenino\",\"x\":423,\"y\":-39,\"width\":30,\"height\":30},{\"cssClass\":\"zelenino\",\"x\":461,\"y\":-81,\"width\":30,\"height\":30}]');

-- --------------------------------------------------------

--
-- Table structure for table `job_photo`
--

CREATE TABLE `job_photo` (
  `job_photo_id` int(11) NOT NULL,
  `job_id` int(11) DEFAULT NULL,
  `photo_id` int(11) DEFAULT NULL
) ENGINE=InnoDB DEFAULT CHARSET=utf8mb4 COLLATE=utf8mb4_general_ci;

--
-- Dumping data for table `job_photo`
--

INSERT INTO `job_photo` (`job_photo_id`, `job_id`, `photo_id`) VALUES
(1, 3, 2);

-- --------------------------------------------------------

--
-- Table structure for table `job_review`
--

CREATE TABLE `job_review` (
  `job_review_id` int(11) NOT NULL,
  `job_id` int(11) DEFAULT NULL,
  `comment` text DEFAULT NULL,
  `grade` int(11) DEFAULT NULL CHECK (`grade` >= 1 and `grade` <= 5)
) ENGINE=InnoDB DEFAULT CHARSET=utf8mb4 COLLATE=utf8mb4_general_ci;

--
-- Dumping data for table `job_review`
--

INSERT INTO `job_review` (`job_review_id`, `job_id`, `comment`, `grade`) VALUES
(1, 3, 'Savršeno odrađen posao!', 5);

-- --------------------------------------------------------

--
-- Table structure for table `job_service`
--

CREATE TABLE `job_service` (
  `job_service_id` int(11) NOT NULL,
  `job_id` int(11) DEFAULT NULL,
  `service_id` int(11) DEFAULT NULL
) ENGINE=InnoDB DEFAULT CHARSET=utf8mb4 COLLATE=utf8mb4_general_ci;

--
-- Dumping data for table `job_service`
--

INSERT INTO `job_service` (`job_service_id`, `job_id`, `service_id`) VALUES
(1, 3, 1),
(2, 3, 2),
(3, 1, 2),
(4, 1, 7),
(5, 1, 5),
(6, 4, 1),
(7, 4, 2),
(8, 5, 2),
(9, 5, 4),
(10, 5, 5),
(11, 5, 7),
(12, 6, 3),
(13, 6, 2),
(14, 6, 4),
(15, 6, 6),
(16, 7, 6),
(17, 8, 6),
(18, 9, 1),
(19, 9, 5),
(20, 10, 1);

-- --------------------------------------------------------

--
-- Table structure for table `job_status`
--

CREATE TABLE `job_status` (
  `job_status_id` int(11) NOT NULL,
  `status` varchar(50) NOT NULL
) ENGINE=InnoDB DEFAULT CHARSET=utf8mb4 COLLATE=utf8mb4_general_ci;

--
-- Dumping data for table `job_status`
--

INSERT INTO `job_status` (`job_status_id`, `status`) VALUES
(1, 'neobrađen'),
(2, 'odbijen'),
(3, 'prihvaćen'),
(4, 'u toku'),
(5, 'završen'),
(6, 'otkazan');

-- --------------------------------------------------------

--
-- Table structure for table `maintenance`
--

CREATE TABLE `maintenance` (
  `maintenance_id` int(11) NOT NULL,
  `job_id` int(11) DEFAULT NULL,
  `job_status_id` int(11) DEFAULT NULL,
  `request_date_time` datetime NOT NULL,
  `start_date_time` datetime DEFAULT NULL,
  `estimated_end_date_time` datetime DEFAULT NULL,
  `worker_id` int(11) DEFAULT NULL
) ENGINE=InnoDB DEFAULT CHARSET=utf8mb4 COLLATE=utf8mb4_general_ci;

--
-- Dumping data for table `maintenance`
--

INSERT INTO `maintenance` (`maintenance_id`, `job_id`, `job_status_id`, `request_date_time`, `start_date_time`, `estimated_end_date_time`, `worker_id`) VALUES
(1, 3, 5, '2024-08-18 22:17:51', '2024-08-19 02:00:00', '2024-08-20 22:22:37', 3),
(2, 3, 3, '2024-08-22 22:20:54', '2024-09-27 02:00:00', '2024-10-02 02:00:00', 3);

-- --------------------------------------------------------

--
-- Table structure for table `photo`
--

CREATE TABLE `photo` (
  `photo_id` int(11) NOT NULL,
  `base64` mediumtext DEFAULT NULL
) ENGINE=InnoDB DEFAULT CHARSET=utf8mb4 COLLATE=utf8mb4_general_ci;

--
-- Dumping data for table `photo`
--

INSERT INTO `photo` (`photo_id`, `base64`) VALUES
(1, 'data:image/jpeg;base64,/9j/4QAiRXhpZgAASUkqAAgAAAABABIBAwABAAAAAQAAAAAAAAD/4QAC/9sAhAAGBAQEBQQGBQUGCQYFBgkLCAYGCAsMCgoLCgoMEAwMDAwMDBAMDg8QDw4MExMUFBMTHBsbGxwfHx8fHx8fHx8fAQcHBw0MDRgQEBgaFREVGh8fHx8fHx8fHx8fHx8fHx8fHx8fHx8fHx8fHx8fHx8fHx8fHx8fHx8fHx8fHx8fHx//wgARCAIAAgADAREAAhEBAxEB/8QAMgABAQEAAwEBAAAAAAAAAAAAAAECBQYHBAMBAQEBAQEBAAAAAAAAAAAAAAABAgMEBf/aAAwDAQACEAMQAAAA7x7+AFhSM1RLLKpAhVMrpBIUSLZakoWBKCVYIUKSxKAELErRmLSpFAABKRSgikmiBKsKEihYloIELaQIEKAKFJEAKEKAqFkAWoItQFQsUgBSIVSFIAEktFIiVRLLKpItQAFAIAAgWpCgELSBChAtEiglUQtSKIUiahbJFFhSVclgBSQsrURYlLUEEqwEBaSLoiAiVaQQoBFqFSBSmSqQCFFIlaiWpksKSrCwskpWoyaiUlWBC0kt1JFiUQtBAEKEWlZkqkKAKkUAELakBAUKCCKQWJRaEoiC0gsZoFohYWpAtiWUixKsSrZIqiABKsi6jNEoi1AWJRSFqQKSBRUSrIthZZYiikAQtBCkAKQpCkEq5SqQolWAVYJFQoEqyxBQFIBKQpFsSkC0BAimVuogpItCVYhSFklqrEKRakLZM2rLkoIlFJQAoESghQAIAUAUlSKVYyaJSJVhQRLLKpCkQtJFoEi0kUlhSkpCxLLKFQJSLULAUgASqIhakpKBQRFqALCkkW1EUlFJCiVYItKkEtJUQUpBCiiAsi2FQAIlCgAEKoqZBqJUVVkCVVSSyqgQoFqQEqyiJSFUiFqRQIiXVSLqIkqkWgIIUAC1BEssoALLLAETSiKSJbUApIqiIFpAItSFVChCoCxKCLpIAQsFMroghZZWiEsspLk3SSQoEVYiwCrItRCipFtSAsSgUgQCrJFtIIoFktqzK2CCyZtKBZBLRUAi1IVQTWb+uJ8+62sgKAkUC1IBCgELSAAoBAAhUKRagEEUUABFqFJDUS0yVCkqpi9n53vHC/Vm8YvSPRngO2W82FqJc/pxfdnX3lXid35dZlihYgqxLSSFtQAtMpQIUUkLJrnr7D59X8NLrKIoqQoiVaktZktqFVb3Hwa7pz1+t1bLd/lM+fenHWe/HWbyXPp2Dm5rN5Wa/flqpT5bPLvZz47rgIWiFQFBEKSrLGbUKILFtmc/dx6el+bpyU1hnitTrPox1npPw6EyqFItCFSSqCRzvn36X5+2k1auLNmfxt8i9fL7T1Hw9v0zG4tiVWdM5616ePnHqzasSigi1IhSFAoQsCFAfrjXqvl78hzlLUzJb+MnT++OoejH5dCARCkKsQq6xv1jydOQ5pbdRSJiq6N6uXTvRz9Q+f15zG87aKmUNJPzTx334/HWRbEqFkWyKi2CLYVABFsgHfPP27d596zmaqwS1KvL4M9Oi+rl17rltIINEixUzddt82+9+XptZqcf0z0/rz/G55rG+0+ffAdsebevPong7dnjW7JSS2okkvl/r5cL2yQCLpIRagLSBKZWoUgpyHPp6x492XSS0k1bgpEusuHWemuL25DL7o+qT6c39pUdI9Oep98+tfP7ffya7OPs8q9PPenLYnAd79uMzL4d6+jLtnF2zj1+vK84tdH56txOi+rl1D05Zi2JVJBCqApESqCgkrLv/m6ds57GkyVZCwoImTdJCkilF8o9fH7MdPSfNrVucuh+nj1nvPWvn9Pi6Z8w9vPOd9gxeVxeKrgevP6M30LzdOa42ylaza6r35+feuGUS0mozWolRagAQqFllupNZew+Lr+zdZNpFJFVJKqqTK6TNrMpa/G3xr2cO/ebp2zhq6fnHn/o48L2eoeXflvqxcZ9J4ejk8Nx+UfN1x5z6ccZtzeH45n7L9eXIZ1+6+eevmACVQQsQCgi6SQtJZeX5PUPJ221NS5k1dRAiVaCIVbIrJZqa+azxn2cfQ/PvtXHbRHWemfOvTz+pfl659K8XTsHn3etIiS/Befk3v553eb8798Pj3OK1W5nUuS0gsShAoqBCyNVAWHbPL07/wAtWaqCSyqEQ0sSSXWmY1E1DSS5s8a9nLsHJ6L5+uomozOq9c9F9M3jPsHi671vNlJbpn8ud8s9vD8NdPWPDvbI+HrPNuuOP9GZLUlsKgCCrEqwCFCkHfPL07dx6StQJSWoLBZUqJZFtkstqLJnzL18uC6O/wDm32rlpNJInnPq5cZuet/P7uqiJRfzxny/3ceI6zsXDff/AC6+mdG3Db5+W+rnbFFFQQQWWWGiIVQktsk7/wCffbuHTApKLJbZK1C2SCFFWWIlMtcfvl5p6c8fqffznI5fquGuF6Z/G313x9PtmgKhr4Nc/JPXjl+RrX7zPpPi7a6OP1jyP2c2gqQFWpFIWJohFqFsktJ3rzb7h5el1SyyikoqIzbSWazM6WWiF1LEz89vWeuOv9efxW/lJmPrb4ztns/nnoHDrZrYT8rrzbty4H0Z9T8O+K1Ol98+veXprG+r98ee+zmZAKQqRUWgIABFqI7T59egeXpemrJYWwirnUpc2WJbqZk1bmNEpkpK1EzVGcrLjq/R0D1Y5nle4+ffJyfhvPR+14Dtzsve/LvqvbP35npHk7zWfL/Tjh/RgAWArJVhUi2RUKIWllx3zyb7f5+jWqtZLCUilAiXJsgKKZudSwAqmc0lYcD1x0v0Z4brbiTvnfK9089+HU4y37E9A82/pxrrHbHnfszbkAFiUgirC0IhagEl+nnn1zyd/wB86aEssRbDVIGTRCSq0kRahK1mywWpk0SyzRjJriumeJ1jofq5/dy16n5On740qUjiu/PzD2Z1HzWNRktQsKSLUKQFIAEdu8u++ce2rEBULComWtSLZrLOqljNbMmjIJVymtXOZVUks0si5uLjpPfn0z0u2+S9783TW7dTgtZ889WNS+n+Z5t3nGeiJBYlqSLbFSWlSCVYBJfU/H05fO7Fkqyw1BWsyVLNZ1NZRlraUwtSVYMy71Esq5i3MlpJdWQh+cvnffj170Y5fN5Lm463h+r6uU9J8/Xleeuvejj5v6I3EFlEsLSQoiW0iVSfVxvr/l7aJaigsCUWJqFSRpc2KspBFTGrqKQFUzFqRaQhY/PWep7z13u+O5/dOxce3bub986SYY8r9fLjOyAEWotSARahUgmr2Xz69I8PbPSaokmllWJE01EpmrkLSJZaSjJqS25qRozbcxVJaiJoktZymJbEt/TQARjqHbl0T1VJKFWILK0SCFIUjXe/M7h5O16JZYSy2lZjUsqJQktS6TNahWcroDJqwtiJSFkLKEujNya1M41ZLUJqazZT5N58h9XPO8oWkpBCkKAFMx6X49dg597qISy5sLqVYJQpJChSxlWpcyWkNKSCkCFVJdRmluplJKqwCsy7kiZjyn344zfOWoqIWpFApELUlzPVPN05Xn0qikEKlhaskqkC25ktzZqLEtSSkNNZqzJUBaJZYEi2pAqJpqIyalOTzz28es98wAi1KZWoBChWHrng6chdS1STN1qQItkpAjdYi0qJZYllWhYhYmiLJLLNrIWJRKokWpSBCwqZnS/Rx6T60i2XKW1IBSCyRbYmb674b996RrTKWJbqRbMrbk0LJJakolWEKpKQpAWM1pYS5udLIWCLRclSw1LmzRJL8159Z1PyT8D5e14rpOP2XEKUgAlk36x5JymOhokTUqwuS0VFZgUkKqVZQkalmsJoibWRNBJSWxKUhUi0zVJLUGa1Hzs9d6T840v0y/RjPUvZnrnXCFqRQCyTXpXj12Tl0y1bJSSFalzZdSRS5sq1nM01LJSSqltkLE1AmiBSVZUyuiQUiFUzVgFlxesdM+de3muVWSNSKKIW1nN/ROV43muWu38t/SW6IFXImd3WRJKFWJZGqlWSEtqVYhWVuY2CKmbUtRSIukSrnK0lFsBidO756J7OWoWSFIWkBd4d58++wZ38Ln8TP3TpzOOm7KqSItUhZcpbYmkhVkohdSZXUSpVJLqJozFSklUhYaJVhLNRmyiUpMzPRvRz6d683IJZVRKshRlyGOnw7mblH2c7695OzSwBNLkWXNmqQCxCLpmNRLDVpMyVRCiLUKZqxLEotSSqqkEIaM5vS+vLpnrzjeLnQlVJC2FSW1EIKl9K8nXsXKzVSLRUiUyaWEKsWsFWRdZTSyRqXNikaM1QIkUVZVSSrncuSUGbULObPo5/JnXXN8uo978nTMsCJbUAltkAR2fzb9E8/S6sWJbLNRlNSyxazZqVWF1JI1UIWLQglmpYCyykkqyy51bCzWZm2KTQklpOG3jzX0z6suY5a5W8ug+izUi1IUKQRbMs3s3Lp3fza+3G7vEaULWsTOrYlAKuUtQLZLEtklstshTK1IULEsKpFIKk0ZGiWWTnnzj04656s1FMgFFIlIVYNYveeHX844HfLksa775+v6bmbbCWszV1GbmNVYmslRLLNSxJVpCxLJVlEKKskIrRi6sgytrWJnc1Kj5LPH/ZhrnBqkBSAIWimUCW2JYvpnj12DHQRaymiWpSEKpZM2xFWVKubbIphNNLGU1EtBYtkllIm5rFzpYhSp+UnRe06t3z+fTFAWSS2olWBC2FkpLakt5DlfWfF21auU1DSEi6XMzNLNRKCwoRItmV2hZSIoqKQFBlaiKSyW3N4Lpz690nP8pyS9S6Xqnfl+OxUikBSAoRagkv6HdPH17py06Lm5SxLbcxbNGJbqSNEqRYlWiJpcyWhSJSEWqhcpVKQVC5zOM1PMfbj5rmHKctdx4Xl8a899meF65rMKApEpFpIU+zh09L4X85OlenGs3vnDp9+NzcRbUllWQiW2xAKFymklqBDS5RGqzKstSWoRalWSLn4zzH1cuP7JSJJo5HnvtnG9J9GPn3AiW1CmTRItCclz3yGZ1/rM9Fy/fje+cddl4dLmtS225ltlTJqIttzIzbY0ZqykLLLCkiaWCpKsrKJbcacRePnnqfBvKipFpAxG6ENVIWyRVkKhUqykRNLEtk5jjrvfn6cxi5W2trMxbWVqXJZJVCVc2WaMmpJq2QZq5oWwuZMPx3x6l3nTfRfy3kFhQEhZVhSCFiLbAUECVYgollKJvnODs/K89i/Q3qM6tkUgIluolzVSy5i2kFIWzMtQsS/kdX3jp3pz8XoyxSJChYEqwohUKkW1JCkqxC1IthQllllhaTWNdh4Xv3Hr9Uq5w1qQKFCwVZmNGZaixazK1nWdZstzJr8U69vHXe2eB6z84blLKJZChSUlWIAFJCxLahbJmlWEqxlZfrjtfn6doxfqmtIltCFkzVUhrSSCRVkutTOWiFsixC1Y52STT59c8r8HRwVdX7vj3jVZS2pAEqwqRaCRaBJLaAka3zdl577NynJtfvh+k0sS0lsS2IQpC2LpCQFJaymrUhZE1bEktAiixbIfhJ0H2cus7ilCWWVJC2yywWIUVBFqCn28Nej+bpyuNaoznazYqRZZZClJSAhpEKyams6iSrWZairTKRRakakl1bMxcvzY889PPrXdrUipFCkAEs01IIpIqyn08d+qePr9q2ykIhrSIVkNWYmrrKaIWWayli2RYCxagVcoLTNusyWki6ZktXKZl/C8vJvbn5typKqkQpLbIIaskLUhVSegeTt2vzbvTMtRLWmswRAVSVcpZGqEkrSzKUqolpAqJZaCBbJmluszNukmSMp5968dX9PNLAUiUpIorNCwAjeb7B4O/0VLahSBZVzJVsTUs1EWWMrQS1IlqGbqpYJakS2wBQSxKzWoltzJLZOkerj0r0yoBSKkUgqwAJVD7+b1v5/W9KWxKlVUki6kl1ItzWolIi1Ig1LNUiKQplTNWwWWAS2zMaqRVllZTE6D7OHVPRITVSCgBSJSKASq+zm9e8fTU2tzZqCyzNayIaqCQ0RViRdzON25hYalllSLakpJbZLCoCyS2BdMxqYmWfJvfy+DqhrMgoBH6rYUQoRRTF9X8PX69VaZsopm2iTOmsoCgIVSSXSQqyiKSFkUUlIqCW2IUhbbJmZ6trn0b2RqS25QFFSP/EADoQAAEDAgMECAUEAQMFAAAAAAEAAgMEERIhMRBAQVEFEyAiMlBSYTBCcYGRFCMzYhUkQ7FTgpChwf/aAAgBAQABPwK6z2Z9jNZ/Gz+JnsuVn28+xn2brPs5/wDjp10WB3I+fU9IX95+nJMijbo1WUlNFJqFPSSMNxmzn27EptPOdGlCiqDwC/Qz+yfFJH4hvYBOma6ib0FFjxq0jc6Wlyxu/CHZqqbD32+HjsseCZTTP0bYe6Z0d63fhNo4Rwv9U1jW6C3Ye1rhY6KeLqpLfLw3mGF0psNOJUUDI25fnZZPpYXcE+gcPAU9j2HvC3x6SDrX5+EIae3ac0OFjodVKzDI4Kml6uUcjqsvgVkWKO41bvDGlzsIUUQjYGjtPY12RF1PQcY/wnMc02cLH4jQSbKGLq2Yf/fbzXSDMw/7bKRxMLb9vgnC7SE9uFxHLd6KCwxnU/BfEyQWeFNRvjzbmPh0Ed3F5+3YlnZEO9+E6vlPhFkK+fjYqKua42cMKxAi4KrBeAn8bKB46rDyV/gVgtUO992p4+slA4ICwt8Kymomvzb3XIdHO+Z6HR8fEkoUdOPlQpoR8oQijGjQsDeSwt5KvsC1o+6AuQOaiZgYG7ZpRGzEVJI6Rxc5RxPkPdH3RoZwOaIINjwTJpWaFSTySeI7GPcw3aVHXj/cH3TJGvF259vpBubTu1DFZmM6u3MqpfimPLRUUWOW50b2K+TvhnJRsL3hvNMaGtAHBTTCNmevAJzsTi46lAEmwFymUEp8XdC/x390+hlbmO8i1zdRZRzPi8JVPUNlH9+Kvsvt6Q/i++6gXNhxTW4W25bm85Fc10cP2y7mf+NpXSDf3W/RQOwSgpzw1mJTSmV+I/YKGIyuwj8qGFsbbDM81bbJE17bFVFOYjzBTXOacTciv10/sv1lR6kK6ce6b0g8eJoKb0g2/ebZVDmyU5LTfjutI3FO3dH+A/TZ0eR1RHv2K2AyNuPENnWyYcF8tlJDgj/scz2pow+MtWmSsfum0c7uFvqv0M/t+U6kqG/Lf6IgjXduj299x9rLhuZ8KcLPI91QyYXlp+bs1FIH95vi4pzSx2F2qjbie1vNDIdoqpFp3cFCQJmE8CtdssEcjbO/KmgdEc9DpuvRw7jjutZHhlv6s1oqeqa5oDj3kDl2K/8Am+ygdhmafdDtFVbsU7vxsgrXsyd3hzTHBzbg321MWOM7r0f/ABu+u6zRNkYQfypYXxmx057GzStHdcm11QBa91+vm9k6vntyT3uebuzKvmo34mA8+1M8RsxFONzfmqem60nOwVRTGIjiFRzFsmHgds5DY3H23Xo53ccPfdnNadc/ZS0DDmw4U6inHC6MEwObV1UnpK6qQ/Kv00/pRBBsclR1GHuO04IG+mnYc6wuqqfrHYR4Rsp4sEdlXlvVgceCi/kb9dtdIBHh9W60B77h7b3ZZKqpsffb4uSIzsoKqSPLUclHWQu42K66L1BOqImi5cFUVRlyGTdg1Q6QjtoVPOZXX4BUUeJ+Pg3bVPxy5aDdaCKzcfE79PSskz0PNS0srOF28x2LEnLVR0Lbd/VSUEmrDdfpaj0FR0Urj3u6OKjYGNwjZWVGBuEeI7rGwveG801oa0Dlv5T6eJ3ian0EVu7kU5paSFTSCOYEoZ5jj2Z5RG26e5z3YimxvcCQO6N0oGd4v5aeR10H+4P+7ZSVQAwP+yuNs1THH7nkpJHPdcqKJ0j8I+6ZG1jMPDiqiLq5COHDc6WPDA3mc/I3ZhVNIYziZ4NkdVKz3A4L9e70BPq53C17bI4nPyaPuoIRE2w14nZWRY4zzbuUTcUjW+6HkhF8uCmoGnNmXsnUk7flXUzegptLO75fyoqAfOb+yaxrBZuW2yqY8EpHDcaBl5SfSPJs1Yq3brmXYHctx6Pb3XHnvh3ORmJhbzWmW4UQ/wBO3zCpFpnbhTj9lvkmfxOkB+4DzG4QfxN+nl5XSAyadwh/jb9B5hJG17cJ0R6Pj+VxX+NHrK/x3J/5RoJvYp9PM3Vvw6c3iafbzB7w0XJsEekIhpcr/Ixekr/IRcihW0/NNqYT8yrXMc8Ftj9PhUJvTj2y8wrj+x9/i2J4JtJO75bfVN6P9bvwo2NYMI8w6QP7bfr8NoxHCNSoqFo8eZ5IdUwZWanVULfm/wDqNfD7qKqjlNhr7ob5x3PpDVg+H7jVGeYi2M9iJ5ZIChpfyrPs1kEjjdouiC3XLcKOXFF7jy+6exr9RdSUDfkNvZSQyRnvD7/GoCetI4W8uqpOriy1Oi6yTmm1MzdHJte75hf3Rq6d7CD+PixUT3Zv7o5JkUcY7vl1bJikw8G7hGKaEXcbuT+kG/IL/VOrJzxsqWqdjwyG4PHcst6e6zS7kib5njulLP1kf9hr5WQCFNQOHgz9k5rm65bnBIY5AfyhmL+UXVRUCIf2KHSEl8wLKOriflfCU5jHjvAEKah+aP8ACc1zTZwsdwDS7IZlU9FY4pPx5TLL1bS4/ZSSGR+I7Y6mWM5HL3UNcx2Tu6VJHHI3vflT0zoj/Xn8aKMyPwhQwMjbkM+alqoo9Tc+ykrZnaHCPZR1srT3jiHuo5WPF25+SySNa3E5TTuldc6cB2o6iWPQ3HIptZFI20mX/Ckw4zh04fFgm6p19VLWyu8PdCOe1j3sN2lQVjX5Oycr+RTTsjGevJSzPldd2nAb7FVyR5at5KOpik429jv7nYRc6c1NXC1o9eac5zjdxufII6yZmpxDkVHXRO8XdTXB2hvvTnADM2HNS17BkwYipJpHnvHyMC+mahpqjXwKNpaLE3995exrxZwun0MJ07qkopW6d5OBGRy38JkMjzZrVH0eBnIb+wTY2N8LRvlthY06i66pnpCfSwn5fwpOj/8Apn7FSQyR+IbwASbBRUDjm829kyjgbwuV1beAsrDyR7A7Ii6qaQs7zcxu0ULpXWaooGxjLXifKSqunwHG3wndI4zI/CFFE2OPCPK3txDCdCntwPLeW50MVo+s4u08t6QaBI13PcmjMBMaGtA5eW9I/LuVP/PH9fLukD32j23KE2lYfffuPby+DO/HKXfj4OB/IrA/0lYH+krA/wBJWB/pKwP9JWB/pKwP5FdW/wBJWB/IqJ5dG0nI8dmSvsurhXWSyV1fZl2LhXCuNt9l9mW2/Y+6y25bMuxdVcjsGFt811b/AElYJPSVgf6SsD/SVgf6SsD/AElYH+krBJ6SsD/SV//EACoQAAIBAwMCBgMBAQEAAAAAAAABERAhQTFRYXGxIDCBocHwQJHx4dFQ/9oACAEBAAE/IZbk7mS9ydxL3ZL3Je7OoncS9yXuS9yXuSyXuyXuNvcl7kvcl7kvdkvdk7iWS9yXuS9yXuS9yXuS9yXuyWS9ydxL3ORk7iXuS9/cl7kvcl7+5L3J3Evd/sl7sl7k7iXuS9yeSXuyW5O5kvcl7kvdkvf3J3Ml7kvcl7jb3pbysfi28q3itW3/AI68ePBj/wAX48zFJ/N7+bilvM58C/FXkPyV5tvxbeTf/wADJHhz+VamPIt+BPlPy4/F187fwxR/j48OfBfzo8iK2Lfj5/Bv5qr80z5d/LuT4p/Nv5E+cvz+/lT+Qx/h6Cp28WKKiTsRs3etA9YyLyseKf8AzFmhjkJE1LYheyRORrpqNSu0JfhkTEJNvoe4p2Qk0OrOP9hxD0t8eKPwpq3hW/Bbn2DsAE48enlbEyLT2fuLiLexovUVGlkmtPwM7CZobL8xmjsGWfWVH7QoLWjIWyyuPZm10mmfxggjy3i47jRq91yXVxe6sXiXhkKaJ8zijZFaybkUiSgSz50p9ZI2LnRDHKi9ug3oIXPd7mDSmvWmq3pNIyLpX3pjydfKQtRioIeWjAqtTn1E0JORG2947OIrPjtRDTIpa3jUc7GO9IL7CdE2VqSORzNpKMTAy45xTscjlBDGerfjrXxHQxf1ILyR4LF+lYZPf8sdPqpOCNiHsRwOc0jBOBxSfcmHoDyxDLuKOYG0GvY0YkkhbiMwh1HGyfuQmMlvQ22MH1VmCWdXjtWfDPjsjZdvgQhMWXgnmnYWGfJ2Gktuw6fxDNehcJSJr0XQ0SXq2Ii09ehxzi/oZJJOJgNW6iJ8I0F0hDNpLRcjSbvBHPUaE4UcBvRDsaFunw7oyXGNKW5mOYd0FVkH+xu6p1JppfU9Ix4MfhKdsC6DiBWOxKOC0fBea65O5i3qcZ8FhRqNYm+HYIhLMtc4OSP8ORzRdkl9RbQnqEkeqHZ/LDtYEwT7bCIlsvcIbv0TDUixkeXmW5LOKdUbBTQQWSSH7OCf9EUeE/FYrUZJC0LokIxTJjhGKYNixeTNcmeMFy8H2RidpZwxuWz1d2J3UT7BWtRExCZl3v1Nk07jQymBm0P0CbYWR+nIvTb12If7GJMyKDnCFJkOUJW424eiFUNrqJ5bJFh+DOacisbJqGaZ/AxWMXhS3+hJxrcmFc9zQ6YpiKXNif0OjvXQ00MiLfl+wnY3UTt9GMTg6iCv5UNQ4iGvYmveJcSlsSDajOhmVFuo02baqzExpJS2iL5aCOkJdFm4bWNcNG69vwbnasmy9xjH8pEU+oRp6nBkgvvRCFSaXNO0FoIhhemu9GY9C+SdO44tI3djXsY+aB36D1uSQthaI7eGTWzInFzNNZAkk3zkS1uRPUcE9MkIy5inancVOnldPAhNatwxpRCWh1Pk78kN0xTHYdGTxeutNT7B2J9XKvcMTbSrNXTI16O8iOQvYlSavXQVR3alppGxHJpoqZPaNDTAjgWDMlr1ai1GEk3NzRdenkPzZcH/AAZpzgjgeBHBngj3O3gsKmCbmZFoWw502ELZwTJoyPNS2JkTk0cf6DMFHoJ/AoS2ID0QufBi1LOR9ZbYl3ykvaDq0RJd0Yrz7YqMM7Jvexik/hIlWaoVjQaLC14rrNfqO1Lx2NIMGTQyaoQwsAwcxs9BnZUWxfz6DVr+gTUJhRNzGtElqmasu1PAlJaWyKSH+iREz1wRnwLZE25HLlrdijil3PAjEFK00pFV35zPjV6wIb21IMU1YxYEdqZJO4qIuaeCKNkCTWLjgOVps13DFJZrWT3Vj9ik7e5/aJ6EbOWaxJ/bNP8Ag0I9Ycm50bZERraAy3/7EpjshbJTbX4li5Nn0otDPU6+tE7kYONz1k9KR7mDU1sLili3oZg7IvWP9LTIvc77EYasNmNqcDmo4IEqVzEa3c1dLHUQcBf0x7sKDX3AmaC0ojqN08i3iv40GygWGysVJ05N2QtPYxzSC/8AwyToQT+yxGoi9+58EHQk3PYz81ZeSZO4hNi7pl5RJ3I0GE1TNEUeGDJeDHyNrvouRobLepv7F+C3m5rM1pZ1FySDallTWlop0MPY0pcnOqpxSafYOMYOhK8CuNYrquCwlXVkXekrmktYmKVdbnQepGX4YxvbnTZH70iGVYo5Dcgv+GiloJeopILiGq21pI6dPWkW+C/Wk+skjrle58EGKW1ZgyRxai00Owlh3XJEBvZlM+Mj1Q9BIeOTRXJyROENuZeo7UhZC3A2L6ySLcT8GPBnynrsoIkrabVhTJCz70yMzS3/AA6knXUVrnBikCPqIPqF7UhSbFp5wX9KW09qKnct6CZNDZXW4xd2Fzdy4GrX9A4hPzoFrzNtl+xERBVaR3LHXXVM+bYY1L/Q0FYn0rki3x4EYGMuX/ynudyxgTsM5gv/AJ4Oxb0PYixxRFugjRaw2I1zIlH+mOh7nY+3MSR7lf1877NVTlq1EWgxFGz0MGoiFRb0xSbcHBNzPxX6jsYJ1/dPs0b1fsJI96Xpgue9LdTr4FZpHA02bapx+vL9vDDyORrFZmt9KfZO1FzRbmD0HzSLV6EnBNMo0NbmfkbWS2v7MUU+hfWafYHzoWgk2pKnmsKUNX0Tcr8BXol6OD0rmmb6HBce5I9RDGjeq33Omotj7AyDiiNSNtaa0V6EYMjNT0pcZI7aCl9wjnyL+DiqJR7KP6iLnQTtrqfZLTydR+9IPg4O61PsUl0X1eD4JLxTX/aSqY1MmfBN+Ka3p9RbJg1Rc9eoliRVaTek+bufXbUvHNMGN6SXFwjSCxoQYuXgyWGamvwO9GWil9DoW2NaQTeksmdDY1rxtT5IMOloNZQ3cqw04RW2w/8AEX/Rt/yC6lPgNRY4uQ8qN/IuMRv3ZYt/yuTufBJn2HzpSBSZMkbk4m9L6ExodSd/cuadjJgxYlFkhX/wvTBprSyv7CXqdyYo6xPTgWnyeg8xSwYasdOCMYpK/wCqZTJ5sS8LxNhtqErvdPh+PDziTEnXFcmTBIv1Xuj4wTSNXoc6mfB3NOS896OMip8Hc3OK6EGiiiuddBcjmCKOawMstKTiqjyExZn0P8gGe2xCWEjpVEnQZpZGC/gevGaWM9yfVltMUuT+vAjtXUZ3NRambaFkiT3ok/8ARCduTAsnQan/AKd9x0XlmJ2BCeeYEahB+zXpvgIPPmC4JaxL/KYMU9jUuIVHuZ22GI60Z6UemhjwLkiJ2O57D2IYzJ9Qhr9mC53ERqSInbWlx2HcDmfJiibTTITRkuMQ23q55dUD1THnkufurEMeo/Y3OafYOSafBnkg6WLSfYLf9OgqTk2OopMC5FTJ38CycDf+n0znwLcQlEIfQjbnwZ8v2IOb6ip95Mn1GKL3H/BexrSCxJP6IpJnWtzFL+lJRwOKYInk7Gh0pjes/unTJFNPQka5E3rJVxtNzfUQJ3Z448NyDObhTFy9zNOtIWTqZmmKIvVGPFufBaD2HcyW9afFc9BEfXTSDJNhx6GD33GNY2iwJnLeeoylr63F0kuGFjNzkuw4m2k28tXcJS8JCdM94RBEo1eSb8EzWP0P3p2RYh9S08GS59VPU+wRY7FqTaYIp7EotT3pdiGbdhcl6S8CUUnk6GSxcn02BUXmJS4mJFxHVnUU1m9B8CnEkthifEWFcuaHsxacE76mT3RfUeK3gn9eE/6R4MXpi/oO5uIVfQ5FZSZrYyM5FPMG0Md6lzfn+ngnR6bEGns9Br0MdieSbGKYkdG7E2PQ2p2Pk6Fugy1GhOiOlXR0tNL9R/o5yZLCLa0ek1KahjRt4fsNYWXP4a0txom48W65rbcwReaaakqnJghT1PkR1IZ1MUg+3NdKfZOK4Gzl0xfB10LQPg701p80YW7TgL49wIzoDGWRfbMstjS+7UZj48C8qw4SWzRIgHXWHyTbSxOw7DmkRxuY7nc/ngao+CdqLQ7G1NCMjaEQXjmkTkhRci9y0GNDBjgi49JR9RccP4EtHRyOmXSj7CNeTAZr4NkOSU9F/wCkwV8fOLubV7IgXcBS1wAYdLHX55E7oZWSSysTTXwehMi3pYejGWJp9RguZptvuXJGdiFrg2pCxSJ5o4GtkJGlhfEW/eShlPKCIlpn5p1nBqGSK9AM2l3e9bBnBDN4iGGMTr0NVweg5k3GZOgtjJxXSiFYVMkblzfeq1JLHczu11mTQt9D8aPEvrHSZmiYRnQ01Ex70sXenocUnUtBf/acDbXQsX/wgsdadzsL7JydNTucl6IbY3BRr/sdDrmD8EcfiX8alOVZ0wCxJJi6V9BN/BzkxtTkmnc6O5GaaK1ccmD+in1PY0MUmyN5Y0hFpeh7WVoW86fNXiY61JbJEuDiXLuRvWS5Alj9mODoYOKYLtGDU70iSXHg1yWIJmvIulpbDWGWzsSiaY/AXl3E0HU64WgQug/f7Fv7GRHQxS0mrEc+5ODkzTZmauJJ4MmbGjpH6LnA0eBDSx1IbX8Y3uqnoMgDKIyV+M7amshvRIRq44ancIJOhwhCwUjfU70xTJ9guWicEOigil63ojHdUnBrWD06DhPgZofUYF7CKEjwyUTwbeCfwtSCyyPomRL+UyWZ1NWaU0OpchHYydTrY23La0+wTydDA1706jyXPsjPeTqWN6cEj14LHQTGGTqdxbCpjx28pWXd68Cknq9y56jRkmTofBNFyPsRofWWZF6MnBkehJkX6J/lIorep9Rg9BSZLntXktr7HcQxPEkE7ZefbwXJ8RUjQhFzBaJ/ZqSdi9LDNy8FjW5oXPq8PO50Ox3pc4LHSnFJop8MOxnIt+q891kVy0hDdEgg33pb/DBuPsWMXPqNdBLRnr4NSbEe5Hh+yXk33NSbj7U6/s+ToexzNM0epklsc+rpGHzf8JJkM2IMHyXpJek0zuXIWhktNda3kvoelUlRz/0nYn21FqYrI5RwexiRcU7FqdP3evhz448NzhxKLBmaRYQ7nQyMtgxwQTt4J/ZczyZLXLZJijOupmTHSi5ddfEdMbmv/aTajcel7j8fMdHkyKZl0Z/MZ/IZ/MZ/EZ/IZ/MYv8Zn8RkN1MnazLxIrHuepPoGmqZK3uQWZHuIgTuJ3XNWxAmck7iVuSiVuYKGREq3cbW5CCVlkMstuJ6iUSkQ3klbifOpNtSdxIm+pK4jclCeRvcT9k9VJK3RDcXgs8lLP4jJv+DP5jP4jP5DP5jP5jP5DIFNjLhn/8QAJhAAAgICAgEEAwEBAQAAAAAAAREAITFBUWFxgZGh8LHB0eHxEP/aAAgBAQABPxAAoEOmf1CwrsLgPt6mI297UeAKuXDkZ+fSDpMZMbkk+7hI7LARLhyk+M8y7JDKM75B7mln5mUM+WZT+ImDK2Tsv5ge/Vy8lkeyY3BgdEw84HKZnqnbEWBU8Xidzw4W5PQZmpvLMNFgnsy+z9zOcveFWSHZhtuT5O52tjJlY0dmK2Xw5ltWLMzW8OG4EgR2YMGTFw5GrswNsgDtzjIxeQ/lmMGS1cpT+YyW9zGIN7mXwcbDhkxtMtFwKbHiyYSbvyf3E4L3P7jcvDrmHGKOzA0okdOD5A3K8kNMqB+XuY2meplbBAftMQuvZ9pzl6EwmBD+hitrxZjJDe5udezn4SsOYGfiMaoG5nr/ACFTK5lev7hNYPU3isxrtEEiYyR+IO8cnqFkc9x0hYj3nvEdr3jpO9y9U9whjj5gJr4gaeTzKN75jAo0efzAQvyZV9jUNivYSta4mRwJgxAP1mE0NTg+HAnlcnETrDxMnY6MFHviK1xPczJ8YhHL1EQ9cxn1gfmVv0PzEj8RF74m3gdSjgPqABg9Sue5Q/kWCaMdd4U2McShlrUNWD5MKX7gGaxuZfazqIP0bnKv+TPmbmDX2oCXecnUsCvCjQvd/RKzvIMK/syKuAHA5zmoMdlp5nA95j3j9P5K+4iA9OYXUOK3kesJJZWIr7PW5gr5UQV5O4gkcDCzC1Qrc6xozk5GvSMfMaZGHKJREe+K4gDHAPB3LeZaoADYiyGKqc4hICBwcQkCwevWCsvAl28ehidr1gazRwOYrgNowUOlBh4DuEp36REWokR9YELsD1Ed/wBhGvaHFYqpRNag4PticcfqEknrqUbwPpnQhyn7RenfE3ycRql6TR0f1Ccc/qfqEl8ZClsGLjHEYYO+qh/0xM2fPiFj0GMTRK4hdcnUHG9o1gblZ3viBPL7ED35Ig/5N1xDn4hJ8P8AMZFd3PEt28ZhohEbhy4lhidhxLwmYAEiK2/iArmHYJqBLriJhaENb++kCHU2sOYD5gBBzYhxlCcj5hLzAfmJj7iYF++YlrONxjdKnEX4qIAkYA3Kd+rhF9/mFeHYftBw/SDA4M8jwxiArFD4iGuonH/jlKtNyxfuDLtfMRP3cbbpxsrf+SwD8riB6GcwM5efEQ3kZImByXRnAz/ZnGeeptcDMRVd1KCOBNXgZEN4EH+iAs0aH/Y/9nJ0OYcbeJa478xDK9ZVfqcoQbdnGbno1HQ2syw/f2nyecwuuJjr2c8nAhV1BhVbThaND6OoD6mMLrcKSa/E0twBl+0ZCCgDz5h7BCyJXH6nl/s3sD8RMU0YAfSE+2o/8cGBHrA7mViAILXwZhA/RL5xiIgdwYo8VM9CNf5KIZF/mAQO+I93eITtTHmbxil3MN77gIbysOIq9bnnwIch4PuNxjLtQP11PzuLN81PH/JfqcetxVhjiK6sZMwLr1zCEQYaNYGuxBf9+JkoZ5jIH67j/wC9yznBriEiiPfxBxjUD0LX4mGUjAwONw38wE14riZFY4jS/eEE4wKUZRGDCtfEObmQTmXg/HU5GRLYXpPp+8YJ41U2YCCVvUABJ2MuA54+KltH0MGV8zfzAaHAMKOoUGPWURwTFojqc6u5t/iYf1wKVg+kCIzcW9/cQcmx9ELTOYqhPHoY7JB8GAD+TBhZrcHVwpPJ9obC45+mdq5E6HGY9fDg7Wu4TvA4jP8AZdk4Sj4r0i48HxGNfE93E7YJNGCg/wASxZRgABjod58w3jd8RaxCnw6gRDNdTGtQDmqT8TCORx5lHH/IdZRxM4PkVGDRUsAcH2ULoPGT3AUWccCJWGQ8p/8Ammv3EFWNR/wps32TANjGBD3T3N0cZe5nOs+0QBunACBlPDnbMZ98g8TeL7jsDM5p1LPrK6c85GTMk6WfSCiwc8w7gDb38wC1rmAUSUdTddfmZvYn+JarPvGvzHTyZ4vcoWs55m0TLDZrcNAH29ZRrA3/AMlP0BAWTWLhzihM2kJbXAzD+IeRU6yTuXye+YDTW/zFYOAplQzOFXECPrNAa14hTz33AeT5A9oSr3/igBadcY3CQ1g7nfyf8jeITk71FeM6lPvUegEcw0KH8qDJfm4axjMPLzKTGBgTWIxpioCBXoYM9CUCgu4QvPzBoi+TAR7ag3rUWg/TRl+Tp3CALfzMFZ9jHb6n5/YgoJjcb1uEmtcKDj2O4yFxxEVZ5mPXU8PrlcUcGeB/2IeazEsmXh5qBoL2mhxzcbx8xkfswf8AIyR/MRWX7Slq/uoxYJYy5wf1H6YuI1a4UsjEV36wnHvAKC9zUF1+JRIAQrGebhazmLfz98x72dblWzMdOc62sQhhEtQ5ZHcRI/U2NL8RsAa+Ih7QZ+8xnmifWEZpOGhyePSIEDsqaEAxfgQKuCYG1qBvHMP3EFgc9wA8hD9zP6iSPuJ4ra8VM0cDMweAMGBPORiUoreqECCswEXEV8xooUYq7y4jYHzUVJ3ARrcD3vEY59OJSe9Cb67nnMZKNLniDR0LDg5qoef+xs0fPpMY/cAJL91Dnxf1TncTOKM/6rcoeJS6EtccQmufxOaxn6JkQIevvLVi4VSzm9ygLpb5hL1nuK6g+/8AJdcfqaAURqowIBD5iFPIhbvdSiO4z6P0iK5lo0ycxHCUYISnjPEOW6GP+QDrHOIrHO43ktkeIDYYa/cNVgm4cr0GEIEanhZhDr2h4GCVEck1G/2ZZGZYr5gyORiVjRiCP7iAIPxGiJvRmWeRF/yfnUBQCvUXFvE6P1TkqGyjXM6yswVk1ORXZmCQc3eoMnR/sOOWPVw8GZFrNes7Q8AIcSsv1h59J+SPxCyL8l9y8iuoAWxUW+MQdYlxA6hrSBi2L6EJCqPQ3L8LKl+GoUb1kwjeOszG2eZydGeMn2ubHG/SH2GftSswbdB4lA1xozGcf5GBKLJnWqYlO8DcVVRqIEjmfQI/bAjG7I/UBVryoE/rio4HUoYsGAFli5bu+HHzncbs8rxD5fPpEA77xLXZ4gJvxL5UOCcnNcQMe58TVtQF/oanNDN+JV+r1cGDxyITXZlou+oyLCXO/wDzsbiBN11/yJG8TJ/E9f8AxkHL5mPuYR7fqDHJ1Bn8QYXwID7ncGTeY0cKHGIQKQqKvOP5Dml+4SxZPEogE55gsLaW+Dncq8xFhe8s/ueir1cROa3iBsoXgw9F/uMgDiAH5gJ46EAANcnmAcWNx855hPVdw0fO4Ch5sy8C6oQgqzAS69YgouBfzN9gNGpocx4SKjGGADEhipaxf3EZAryxcGIzUFZ+mM+vURgM9iJk7bMPGhMHRA35hBN8RXWDLzXJMZx8xB1jHrERn0iBxlw1+4QjiAfxx0NQ6dkTOKi5hsD2+uW0veIwTtqLLpdz8LA8QYuu5YWa5gGHk17QcHtzJ4g9VGHfJ/EI1SM2ivvEPkoHF/iJBKXYhCTK4GrEsGL5lujXJgO8P3cDJrzN9QX/AL/kzXOvxAFee5v/ACAoADBuVkYAhXi9QChcJI7BxMAkWZyGe5YdfmLeD7esICv34nQVnMIP25wDv1xcJaWcRA3zmZPcsDESI2YRWUBmBcQJVenBisc+I0QrbceBqDOKAuMrcZdRA53kwDtv8xjFDuVxnMfBYysQ4Z1LABzf5hvAxuBI/Kj+meL4gP3vmK69BicGVn7U2/aEe8WNcCenTgZVfRLzr9Tb595WTf5+YMM06AyXMV60WlFHRIMvluB4KEWE2/iECIkIEUxJzqERAKIZ8hmUM1kQv/YKr+Q+744iOAF1AAqs2XBQuKgRhVJHR8hm+TQHCO38gWnjFVwCcc7jJH4gKFK4LV+I9n26gCiPSPbvlQZJ+YiQNOYlIbOp4rhQJb/yPjMHGs/EK987hRpWbQip8DJlDHdxbedmZ/MdniHqMVyPgQLiEaFdblhp1uviAqjjIIkaSE2SSgDkfqgB57iBp3l4mMes0NdbiIXtX5gAyXxmoPl9EHlmM7OZ11qEHAGYiwBkcwh+B+oLfefSOyGF1Ca+ZbDZnH+iYUPAJAFAwNlgJfBCgXnpLmAEtH+rcQdgAiCKKy/WGvUcy2b6gaZoPiE7UcAkQOGww5VlODqWUfCJV7hsZOSYiIFCgCB1gekyF0Slpl5gJwAl9zGBVlnr9RIKgF7EQpgchAswgB8QlifmLbHO4grrxpQnnMJeNU4CN7+7n0Hcs4yNx8ZcftAQzWIy8Y3OjAgbrqWuZiiaz4vUJV+8KDpa6uebq/zEF/Zo/PUwBxsbivoA9QA4iMzkAyaZUVg+CBIwIQAHcgRBCRgRlPOALMfALfWcKhLh2gxR8QWJyFqO11NRHLTyYONOoMLLluswJIZMyPFwvm+INaW4q11w9QAP9DARm+H5nSIZguI2AAQHAFIe0DUR6Ab5AMt4oiOHPMICsoDGzjqEF1nO0NLQxBFwETZK/kTxAjf8ofCbAAVARmUYBEHwoScMKAAgCcmgvWW2RRo+IExQb+Jxk1kUCB/czZgDmuMwJsi9nmGOBO4+oh7jBQyFEximxA/V+IaR4mQGTPWjuNQC+tKMjUazvEAP/YU5WMQjoo/4oBf59YswFNC4vVQY3W4xjb/MY4/yaxneIFi0AEaZzAsQjkErcVASSMAn+xgBtbzax7QiiRjevmHvWC811ABs7GDr0hHiIEWo2SuzgL2CTCMlwQQDfMxXxAPUyh7h83kEQYJVjUSVXucu+PWbBVxMF3zEBBN9w3WDlrUC22R6BPUJGTQoTbfcwABQ5cQlUwcjsnzPg7WXcAawCw6smBi6ZZG+Iwk6ORwYSDZ2EdcRBkAx4SIJB0I04bOyAfeA4NK1MEe7JLPtElXdjvPcCw2wYgAcoHI3EdXh+tQ2WHI1AJ28Xzh3AFIsF13E7+ZjzGU/eWDUtLEqg/Wfj/Yis1G+5ruJ3D9E8e0+87l82Js16QgxJjUWAgpr8OYQ2fa4H9x+IEsvvx38wANSjRfXAFkGu8e0FATOcuufmIgFSzASUCGCM45hsDADNa/yDgHGhfPEIYl/QJQwFiTD4P8AY4BvJCvyUAshJURxLJJwobOw4rAz3Ba3mMkDHOepoJN3RhJZLZIMAACBHFECE+5/5ChcAGEfIcDDQAYCW4SibWyXxCYKAJJX1qW0ZYYCTZ9oUkf2RgD6LIEH8ixZ7gpmAAWDw/aKuBYBV2LgwMO/+QrUDaPH/EIDDgTj9RgcMjf/AARJAsCD7H4hBQZI2OMcRG+cJooQggEIk6aI+iWzlGjZ8QgR2yAsK6MABYBMxs8TIBlkNvSiQfvFr92Jfa6zPTH6jp8wpkdRsv38Zia/szvGFBn2mmb/AMg1wZb0hOBv1gN8Qn1IM6X/AGbP7/yU6xqF9rCXdwYOKOtfiFYBHZPEJtC+AbdqIPGMFnObgAvAe+pQIfoa8OBgk9EF31GJJQN5cCIeDgaw4Gm0DCPDzCaALA7EOiCMlAkidrEAAZWW/lH4YDgvYRAwJhKRNiAAWM2CWeyISAJaIb8xtsJJtAfgSqj+g/Cj5MGAAl+BM2AAFtwLaBeeS7cFkdnOnhQkz1PeWXhYNkaDmLInNBYHtAClvAhEI+ho/MeeTOiJbsBgXwXEVAKCnsOIm0aMBCBX58+8KAkNV2SgrGIIjZIBQA9QjMDC4PUF5sjAxXzGCWCIw/aAysdjx1EAKZZB+fmGzFtgYxCEwMkCGLEpEBIYjJNQUHjZnAb5iGQa4ip73uEesGSsDW4GBn1zC/TMHAOLMQ89TN6+IwhyB+IdcYLhKZAz91Ejjt9QPwIPxmF57zBQAyzfKg2CS8FTKDbYz+4CMoEFAnA8Rlqy3iAgJJLDYgN6OreBlQYEQPLsOA2AAe3gRNu9v/t4UbAfkvu1i4+AkNj6YBwaHwyYmAJE5D3Eps8mTCCDm/4YBgEAPl4DqGzQeR5hOXsBcQUT5JQgAxtrHlfEsNlQALgMTcpUwSVQNEyhY0dfqMSmED5bHMJRNigSA9uveLSCBGG/yXLkwSSDzBpmgAWch9YHcblIt/kCVbIMAmC2E0uWaJs4ekJ2nZADhCrmbCMhCRkBEPSGnxXYMG7Alu9UM9wFBgMch+koSEADl0mjcbt6AD1jpH6VXtChJpGgGQRahhRkI11yYbAO9/qEFgOHx4hd0zgwoHFwEqovnmGgIeneVcI99cTfU36fmOvzDjvJnj0m8+tRED9YmA5qoyb4yIG4nuAkr8REoFMKwAyu1DVGHTZLY1cADaZetY/UvM8Y72XACEJWTZrX0TDcct/iFvBNZWO1G2OHRNn0gTbB3nMOAWEwGuYMop5P6g0LrYNXQzEkSMJnx7xgCidlMaqbDWEKNm3NUuz/ACE038N+IRQbAzlU/uYFZpZaBUWBgCsVd2IQysJOyWoGNmm4Af1OwBoeYS9PgGBCCaP8H4lHAURbLAQtXTpkGFMpJQ2FTOIw8GS4vLEqqwyYFdRUWCzQka9IaMFaPoOuZoDSNBcACGWWxVQWccWEXjI8QP2RYMI5RcPxuD8RgJFhCLDK4MJmQ7IYnGU7bBHlVDDCwOq6i0niD7GH0IKBBtOChhklruIHtBjnkiI0PaX6n9Qbquo9g1M43AT6mLvy4Fe+INys66iPqcPV9QIJLhx/P5l5R8+TBf4OYOPJhwesQ+0YT6fMFoCUSPGYiSxkYVxFEj3YuAoCA6yz53EAGYIYq9xEAuwbB7xiBBgWM6X/ACIMEG3Y8IQFCbHAK3hxhAWScfjUa8p/2EugM+f+wFAO7ycN/EAMCyUHyHoTPYOi/G+4WA3Zq1CSTCvP4/cNmAA43jEANBQQyI4hsBsJinmMB5NqCiGkc0BfiAPIOTv9Rp2R2R7TZDZYf3E8QjDTZD6hykRFg0SOISJmdtcNGRWhnPUcc0PopEABzBEtYAaiNurNHuOuc7z5lCLJ7A24CFg9a/ohSZk2VoF3KTSkHYMInOQA7OlAVCBks+YUSsNJ7QwQyJkGwRvEx5jIQUCACFR08zbh6xGwO8w5AGfmbCtcwPHzud/VGHw44oT+IwBWpQBL8wW3jJz6y0OviDbnUOPwiR/IqFrRKcE/sCDgBhC1EGyAc6mg7VljMaLBPg+IpMFgaJ3iYBOhQaa+Jvghtk/LcAsWECXlny4zkyCaGnDVgD57IqPslfMYi6PX98QkDZB48/e4QAGggW8B4/MMp6QgWARV1zf+QEQQX2e6GIA2TZGFXz6QgSQV1YXtCSRxSLqlAV2InphQBokgBop1UMUQIInW6A5CyMMab+ICiEN7hCmQfQh5gGCokQRrxAql9lU69oPYh4vDImhzOlcGAwIvx9uOjvZ9VAQB3glsn1MJQ0+eB/IFa0yFx6QkEAEFH8GAAAQQoFY94QkpoHRDcJmQSJ4AMvFDQkYHiGWR2LRqsiEUskskesABeDJiov8AUVFYQWwCg4UyMf2Em/Yv7CQM+sPtoYR1Qi94QW/hGq9yOPWBa1xM17wioGTRSndkQ1XOalYVDR/EP4nWGBACHnowgOlOeZiuJnoCEZQAAT45hw0JDSOt8QjJ2RA9t04CCawwOkwEgKT18wWERVhG6xGTYWOPxMt7QAD/AOQ7byB9IWqC/JhJIqnqv+TB6sk6vqEAgSOAFHNQCwk9pbhJBBJIfPfcyrBtbNwtEZL+uOyoj8OO2EDpvaBOll4buOubNphCg4UkjiEQBMoAoxq4iIoA6/sJgukoFj4MIv0+YwoAWvFcIxiAAZLGXBiwRL5LDhYJklfMAJG3SyPWKlnJHUYYHfz/ALCRRkEll2FGCQuDtBJACAyPDYG/mNDCkbYAzfcAEAYSLxjECgiIEhRcQJU4ohP21GyQXeQq+iAChNC6sruCbISQEBhTsaiYNsHPRg4P2pTzPBeZn78Sq41HxSNCeRHG1CuYzgyp8CUQ94hDEyGdTz7xbxoQgiubEt4miDW3xDAzoYbGggAJO6fdzByqyLAxAC9i2vX8wURSymnnJhbbpdGEiukgD64gGaAWl5ozgtq5Pt3ABOS8qfMFMHIuicLxAzyFkOE2wyBSqBhAEI6XC/sIAAKiW/EKrvhePmPKosN4uIkicbN/uAmQ95YQWWiLzuEEIGCUCd6gYtmUkDR/sXyV3CAPMeA6T/KMv85O1ruERTkWr8RxRK6P+IZdsRb3MIT0JnQincwV48RZRbAJyqLcCCxYApVyoGAe2eTfMbalICOwBQ5FIk6YiO1tUzEiAoZMkYcd4knB6ZhmGvlExhTmoIuobSlLBwOoZQRaQPpfejEC6PYGX9M4Tncgi94DQA+4vzMUB3MKxASKx1mBrDHMw0PEejv5m1BR4P8AJp1AaTm8+Yb/AIIyR92IiBYtZiO/mEDfvKRvOtw7PzLa0oTkA7RC1LIAOg1mBagQ6UoAOr4c0IFk0UETE1Jln18wHTovlhQBEetvsQkgu0H+RwIiFitv/YSEWA8go6+YRor5cGTsENv9z7xvjC7A6hYOUTQFcxlQvgEMGEAmGVv+Q2g2KzePiHQBMgGvVxYJgh+2IVXW6dnvMRAWFCsEOEBHgQ+cha2D8XFbch84qHwf5BwkECNGLrJwERmFgCADJN/8h4VoBsQHBxIIZwVULAeNckwiApC1fSiAAL0zz1KUCy0eLjEAIAkaeT1DGKMWM7BHUwCCKBDkw72qIKiRC7C9uHClQtgAMq8RQuKDIV8oYjwVZ1t5ZxC0wLDAOFco4wfhTbx3CS8wr145j1A7gx2ZfK3LDu+TH2PM0p8Q9YlU19EP3xCCAa9ueZew4DgDHzPyMmoVz6wZirHy3qYAgtb6hGqNfL3CRC0P1LYK11/yEAHrA8S/YuiLsQlrGbzpCJsyEh98QizYLFh/IiA+r3qEJ2QvcunGC1ezFQEKbuy1uvzCybSHGPncA1SHfHcLZJZV3z59Ije+dfmKlJYd3FshwRwPiBhbeR3ZKzAKpEPX0wcklDi5kEqLT2pokW7Gz5gxRKfPjEsAExviBLAfytiEwLBQJFcXD9uiQdGFQWEAL2hXLC3A6iZvIBldlA3CtBYxX05hWC6OHoCCw0CCcB04QCdsYA0IngECG1ArBWCgRAKLTEIEZIPMCCyBYYIWMwFXklfWoJKQU8tJCWGJqol2RKGLl3ZrfrNnYj+IDcpXuDzUFgDjUHTrUX5/8Q49YAAsOp8eZgedecy2lkHMND8DuCuSXLFGoeX/ACGOQkBD0Ne8QCFHhXm24SAtkq6sOCjJ7AjyoEthlte9wAEWENaHXEIgOiaZOISIKIYaHWXqVYDIbHvMDINH7UJtjgUacWQ29P8AEGRezIcCAaXfriYEkpUexKYk8/Q+YxBwujf6hRxmtMXu4CwQx76r4iK9jSGfMITNhBK17wFkF+5eY8Gug1QhN8EJKoQyUaAJbqchz5YgcstNPqoYJGGZBA0+4CwSKACzAFwAfQjkXsQKiizpdxsc4FJdjMIByLeCEfaUIxSzRgiykAK35j4NZq4q24dAPS9G4ENw1gw+EeByD1HODbABJNEnuEI0WEWVKVIIc4Oql5y37xh58GOg9X1E1v71ArAhFDUrzPpwIcyxx0J9ctXMj4j21EbulCwvvrDm7JyICarMKyM7hvziDhZc8ODDQUOBwe3ESngbN/nqJwFkWvgRsAqtBPmAD9Vu+oSkFBiv7AQAiS9jcYCzgFE0bLlK0ao+oDbSNyyGwcNI/uIWQSEG0K6lgs0rQjYNG7JQjUAVYz+JQFFE7VUHuEEOSX+IEKt8u4hAAIx3oZgGTYuuYAy0CmcY94CUCI3frBYaBHHUVh0a5+JkuweuSJRRO+AvkVAJDxeRQCrmMqEAEvHEIM6eOLK1AcVYeTzuYABt+q/EAlyoADJENHUNKPkQgq0yJYcBeiAcg/TBBM6PXYggEYGMHPMJDwnk/wCy0AxeAdyjedgHPvArHBzh4jUpAQ82qHJH2yg6jSgH4e4DRWIWkPiBr9Sw/USFe0R+b8yl9UezCCTWRPT0gA++HD6dzg7j4zBnzGb+4i/KIAUvMKodj5mN4Q5InsPiBCG38/XMAOcdQADbuha9hUDTG8AY6mC1RJYD45qJAJrC3dwEBAIAXcI4Xx0uDC9FEUBRgCGTYR9PUwElFI5AAXrELNDvkLcQUUNE973GSR4N8EHiWWd42MZ5g0JD4frKEIzhf2WESFwEv3HdDss6RlcUaQ8wJzRSIhKZecjcIFAK/AhBGK0oss+IiwUQteYjBsFLNv4gJuslgOoAQwKHERsmwbBz9xCBIiltRCIsZxCyHWMrcNhgoisoCsekQBtuTLFgSEo6/wBQkGsDkG+jHvA2vPJOoImaKDYI9OIbTDigVzdxA+Hkk53UBsDilkeSoZi0BsAwIC2A+AAZl/5ROwvG74mx8wYAOvmAD9QOhyftQE4xx9EF59FKDRS4gA99RhEY4nMs/mAn+wBPX8hAAryJa4eYtAfXAtwMHNacGrqBkMWBa7OpR6AJ2bfuF7i0lavMViwh2qVwlLq7D94G7ZDNQgoHVJDHiMkIrg52HCAXltggQDBZNjVONEkBDLHVxGNEFL/kYtZGNKuYAmiiKCQ/MHQFokfDJ+YSXkZfgLqEARARI9kCBAHhGURb1GGSCw5z1KHxk06gAqtsBt+kBw6IZN7w3AgxXAX3MVDRHYNncARQ8F4iF0ej4MJZZH78qMpHCLRoLEoNHywagFAQLymuDzCyjRJ8/nxEK0A+fEzeQ/quAFGWvSowmCDkV/kCcQKCFYEkZPMJDGbNnYLGoQvNikTkNwUb5gbtAxiBm0fMt0LNR9TDrBMkkktknuHqMdiEy1ko3dKEUiCapiuAoEYz7qGZks1aR0YzYA7ep4YVQ6f5DkFse6hNMwMGvLlWBrmBext/7H68mBc1CEN8Sxez91FoZZqojjLgWDB1nqAZd4dCzjU9IAypoLiAFIFresymjjk4qBAMZLK/cQRghXwjBzwyD7QEeBGTv0jJarPmIkjnKBz4gAIJyBY3iU9bA8gdQgN57IClmhQDV56UqhZqHmAdxA7hKOTCREF0L6JZrqUCQKBw+cQJX0QgSQkAWAaMKJI3oISBJBN69IRsgHl2+YVgDLmE0OeMDDgOiaov3h0GLTzR7gwH9FYuJi6BIQZWB4PMAIAlWLDcZBNeBkUdKFlAVkn5iIB4DYgIwCWGIRgQDsyl5gkNA/wdwjINlq8uEQQti/xADBUAQS1oe8IA8QBAGPtmCpZAHArjuMCsBsE694SGavjnuAE8WnLGLhByGebBBjtDjEug18wE+mhGdzNI+IjvPP8AyI/yYx1Dkc/XA9N/5Dz9xH1j3njWSYAkncRL1lASbKi2iTAPmrECYJDl5qAAdO/PzASB2LW/WBULWL99QBIEsH0PI4hIBa7OGcwgzBAXqmzbWRW61GETT2OD1+YAmaAfih4iHojA4q1CDa2r/wCVCQToG/vtAJscoA+eIQoD6BrP3qWQNAZw6mDWfogyQbU3wpkC7P1UTLDy9viY8vc+0Bgd15gXnLo5fpAiBk5F4zCKFJYI8eKhJAAdGqX7jJTq9j8OEB2xxyOJkN2sdLcNhhigbjZxhXpeRPcBoAa/xywuDv8A2GqSWzXiFlUpQgG33cIUi8E61+Ii3NMr5jAyDQXjbhAFYtn9zORQBBsWcbMGQp2AVArgRBloDjmquAAG6oAFZhDICGwOVS7LAfkw9zU5Lq02XXiIF61OviDNYnKNajJwfTMJXiBceYeh5gTq9GB4IrUDPgah78kacYw4eVgYgLKJQGdwU0KAENhOMa0mqQHAIiJCLFb8amDAN5A1GAap4Jq8QnP/AAQ7TZfoamgtChjxzECYeKORYcRlfQ1CQMCmWaGeY2QBgaOK7lAWYNn/ABxOkCAGGCP64WwDsXFirBofO4Ng9WAtRAgFvBAVwmEFjZF8wsM2xtAML9jfmAKgUK+hRJbwxzLNq3IFoOJmNGgeoANA1QGFDOMnyL1PYHJo4BQNoH0H5l0H3ZuEFo7v4Z1AxiyhZ9feBQNYUc4xcCIJyQG8j1hCNhN0vMAGQKaZ8zANko+kRJ75PriMsCqy8GoSF5PoLUp0wNEnXmpgkDhvtOWAyjq6qVlg6J/5CMUjpnn1g0Cs79g3AgGfV2YVoBBERv8A7Bmoo65TOTjXUtlX1LYfiZPW/EABzb/cFvv6IEn+IGy7qA/HMGc3AznBoTfe4f8Av7gPI+YQEdIE5qCMRZCpp8+0Aw2Bj/IChyTg8rcZskkvVicG/wBILiEAgbRGMfbhABSH4o6uAFsd3nMpnAvGx8wkgMgVj/EaJOnGANwkFkgpG8WOpk+y47j0mRkkjmGLALxA7EotdekAIBPsRHX2oWCVO933DSZrxT8QGxX7MIQJDWyYQE32x/ZoULrv4coSvAHeoSS8jvVCneYDBJ3TfrBaJv8ABEAJI2Q6Hc2dggIBl/qBha/l/OpyQvPyD9oEShAbEGToAqniIMbOO3qAEkFr84/sYyzhi4EGBUlb69oTtl31npQEAJvnZesDaWdzAdb/AAYUB4yHyR3EQUzdDHNRkpkg5S+1EAUQmvgQEjQKwBnP8iJYx23r4iELNV6xJR6BHEVI+ohCAx7QZ+IGkqxDyM8R2nj+zdDEpdiKgOXKIJ0eICr9+4Td71zL8GUbN/yH2vF6gtIRdU2DnMZEsELCGl1MEPJI/wAxAJ1nIY+ICABRjj2gIqrFD2zARpAauXvRwOoUiWzt5z91F8j9a8ynyt/cSjIommu8zIhk5HO69IDP6/goiMAAHuIRJI44xriASkGVfH0RjHOGs+YHkQ9ginAQQgQ1gPxBYIBojPm4lowAYHlYjweg4JDhEpmeTCxyuXmNZ0bBbg0CIFL5qEot6a+5g2QGBRJ66HEbi7Z4Pv3MqN3hrHUOALaXgFBInC4qOjxkfVKd8V/3UoCQAwR3UQYNkq1CDBDBVja9ICBpVMf7GCWWfXqAbsUqqoiH2jzEjoS0RmhEMZr/AJCWADWucArmE1R559oEJOztg+koQM/v0ieWEHyVQkAkKtmKqZqZ3iY8feIwws+8YcsBcY+9Q6gBHjuWcYBgH+zfXPmEAPJjJgOhRyjqBg4YIzKHIkXm5itn7xAJeCNeqILBlWRm+fiEE0XKOwfW4REA4bMWsHDZlDCWVYhKYwCvHz6wrQOnm/WAMEApchKb5DKJOz3Fo0O2PT+RBBC1V1CaPqLwPEDCQwqI5GrgLAFA4HpA5ZWQPeABPAVHswQQKJDpKqEAFg0Bd/qBNugj8C4ygRYdrKF24whZIKvA9e4cNh569IdQ3+T5jJN5CKOomYpWu1QInZ2SqIm0ju6qAllb/P3uCi5YI+MQAWd4A/5xAyYYL0+pycIpVn1hCTaOTlwpsAB5a8a3AVk+WPzCmGQshm6h4EehesygGbDzgqUg88vELDDSHmAlicbdVGQaQ+PWaJVg5cBLI9h6rcN4f64WmjAgKTdQZr64n33iuIlwUCaWKnBhIONYU9vBhLr4lAFVF8fqFA9f5ODh5EsrZ7hwHOfaUvejWDlksbQfj05lDICT7ZgQAIFDB6gLYUhToXCND6s1cAOAb2AYRFgobOuYC1og2B717xCSEcQNAB+5zGQNY0PuoBoHsWnNyMe/4jNsH3z3CaAGQiBzLZgMlLMDGyDZS0IVAspcXeIwiJd2L37QXvXl1pRrEZzyCNagZ0Dp+PeEA2iRrxKDS0f+3DnKwPrmV0DwccYiwhNg9XxAmEeTYqEoay/J6qEWSkdl+qEY5BJW67lkIQF3w+FAwhl4+3CwsMqirEQj6A6jbaLLP9EIYpLX0QWnaV6UBIbStA9R3YDJQI3Zti6xyZYLDI2FdCEgQAG8nVCBhDLIRGoGmwc3gTJxv1EJAE0kcfiDhJO2CICEw4vAEAezKK4DdXMG8uBQHHOr6dwOSoTNEISjEKAzwcWZ995rjmYts1cYa3CtekPVuNu/5LMEp0PVxpUQAHkB26gBYFoENqUTQ6KxEkSeGLcIwIR3hXv4jbQYZKyFASBj2EQoS6vI48QUzWloQfgcaNjAyW/9gwYdsmqOYi6WlKCiyS+XGaEMK+/eJpW+IqBM2jfeYAAVxSXcJZCH9RhDYlt1qE3gHV/lwEkneD+IADeR3moSUVtdH4vMQAu6hAADAVE3k0YwhpweYSAEhA4+iEMHhk/9mg83wCnhe6Q1DVkkOtk+lmCiFkCgRHkwXr/Zax2eh6wWAQ9s+m4ABmxVj73KAZNGO7ylGIsYFD46lEF2OVXzmZAkks0hUOAebff+ymAUzQOS4AKtEy4gCh1khzECOXI4XJcADAVlBKC1V1Yt1DZbuiwa34iILkum4LW4YFYXcJoiZ0B/EeJJHY99uFkY22eSDDeQg6mLNCF2znEX/JiA0BBRNpJXNCYbXUAN1+4RWujmdhfQXn1iEpsPyoDVKsO+JTasPJxQMRFDd+gzB2GkFxC2xZ49TzCiZBvYC97hFo7slj/YB2DSjRyOfSVgjKHFQMsE1pGvELF4B5FwggHYAP0+YQdnbOMDPEYaJsYA7gbk5V/TAxgA3ivWEAWFmgG+omQCAUcPAEwaJJBYpp6+YFdUcgUajCZIyIIPP1QgkST0FagRPVMn9w9hNs8ajCQgJpRQgAiB9AcSoBXZSwJ0aNv5ESdcP9cHKhsyyNK1/wAhAoHxVs7gwmXs8dmK5Do/cTwodn/kJYnvdekKNG9uyt1nqWAlFaz8wZ0RLVbhGkw3z6mMRp0Xm4hoUeR45gaBVi1wDThEAmgl/YjlABehHmEiqNmyP3K0ACZurOrhVbX6gZILXmFZGeTCWCjZwYgAYAzND+R4GoB19EAH9jDYUxfcdh15h4NSgbJg8FhyBq6eYUEMAoB8HmoGBBI+Qf3CiCl4ANfMBZJABRxuxDySmM38mEUvUHNUNS1F0QQMHMCPSivA6gggGnQ1vX0wjQSZXVTJVeCBKEYGAtAe0QJw2iYygQEDdVviWUjRoLzGSrUAcXBTCe15gNQaADQqEZGxgM5UFEeRcH1iN7LCxCQE8Z/f7gseT5a+ISINNsKzc0SQ+xnHERQITwOB4ioDQGWHqUBJ0P8AmZX9P2x5lkUbNevEIIbdmitJe0BZPoZaBhDNcenmDsGgsC3yPSAoWmKCOXULIAvbxwamwKmh7xkBtWO9zI9vxnowGtFbfVTD5P3aiBwTw5x1AAKGRlmuYRh/X5gIsGSb4ghgB/PYQJEgifg48TAGSNIy7RwwEedEma2h/twCs2Y7DM/5MhH0gX+4nC94L+3O/wDsApcxjPrBmBgCas1BfWkhoahWRjxh2WYfQWM5vvpAXSiAAA15cfXWIGBoKoKYIYBK4JEABBtEb4x/2EkEMgWf3+IUi3QfjMummLCNunCCSA0Pbx7QNAdeRvUZGyHYI8j3gFo6NCvWMiCbFvGYQSqwbBz5g+gG4m58mSeJQsWViFgHHoNYqVZAIUFhcwhnIIxQ94Rwr0NKoLJCMP3fMFsDBw3AYFgQrp47hIBDADIVoi6cZNGjz+5aYRJ9OoQRSJfBWdztvOEBxCRMAlnvcQTCGh2LuNAACGISHpiAVZTQzALdmyEoCGUtCrMJYC/I89wsBYIsBj5gCl7b0IQgrD161CSCBAWAMgkzG6Rbx6kSgQD2Q2vaB2QVnELAmWVVMbsQYbWjjDA0oB3eiMleYlIqGvvUBIFjdHPjMwYQqtnuJkES6EeRi7Zswhf7yotY6h7rUNIP/I/fUYAF+JWs8VFX49Jk96h5fmE+mMOWOIOB90Ss8kXL8xuyGAAYAW+Y+LfLqEHq+0TAQQIABYIz8wkA4LKHDvEAsCkBQFr1jFBBbqluA28E2B/fMAAcE5TrUJp0DsYpxDl4D3mEQDdkbyB6wpBVgq/aXtZpdZiQLCHHXEAd2EVyxuF2FhMEWl5cBE0ESLealqwELXDqE02yQZyPaEFHha7jZIsBh8n3iAqw2FRgJkOOdrUZI9SO34mFgN+r2EIRGHIH6lCBtY+O4kKwMg5PmUdCCTef3AnausP0gRJ93BV7hEiAy2uIrIIPp+xhGgWgatxGcn0ScIJqybd1UADcqy8QBp1oAMLzAck66woGDdoDHTqMJOwq2oStqyTziNoC66eJY8EfVwj1AVtx1CRWBonodysNIEADrxMABYWKZHNdTQeAfAqvzLLyMg9LnCGBkYFhvjiEEXzub7NFdzGFw+YwDWT73Bj3HtF6zSWDibDBLhqoS7lgvf8AIFe9Qkqi2j4hDsCHZ0DftC0V/bgAAZDfjCGnJ6IxNrDohwdx2J9xdDzCEfRLH5hAhhaVTDhK8GmxRqNbysHBv/sJKW7C/MAIOnkaH2+ISeQQDzcGB4JL8HqWJPo7F0P1Ms0s4riZEF4L8RHmqaeg4QBYsoMeYw7Cjj07hsNBAogYzBYCR4ff+QBgLI53CLCkqRZ94bdvbVfMAsdtK5RvOuMecRCBFlIDMJHlYFf2WZQxWX6SsAcDxGbHyfjx8wbDS09xDGxaGl58Q2Z8hRgi3NIFdqIFlA1mlUywPIgc9iAokAJ6zcdEEsn3UDADoFxzLJYPwYtZbZx1cCXROHtGGiUMFeirHmAokjYY2fMBN5Ie0Wu4GmRfrWqhaBiRgZbBAYMImA7FCB2LhSIA0/aGvTB6mTizhxpn3zGf1B5uLcQBfEJJLHFH6I6EBtZgJXi8w5VWoiZsZPHUBARMojcMhoCcgiw/BgFVLLgJYFoldBwWWRenj3EBJN0ecesC1QfrMIQjCKd6vqWwwOn5hAuQKbSxCLzTvn3E5Id6OFMWkuf86gKhZGdGvaEMhjC1n0hCsniy/PUpWkkFV7UUAgWQS3UKR4Fs04xglqlskEQMALlHWo6YKCo/qoQGQq2se0LAafRImEftoayZWs0GfaAuBOASSud1NUGOTvs1EK74Kz4o8xPhnycCMENtD3hLpgLDvSRmSgPh9ENkWgCcDCgySAyM558QhUJPyx9cdUKTI7H7gCwmCTBOUUROAgWerfEbuABweTVwWPiwQiDDQAg7H3hBY488dxhC/UvGvaFRQfH/AC4tJqefuIQF3fJx0skMXi5zh0s1moTMgATmXyiiduU8OpviPnMZQ6xM51A3WzN2X+4y+YwCIeM9YmcG+YNk0Bkx4xIIyPyOIMmoGiwPJgvCBDC8wBYNHFncZAQDZVCvaCwatGzzCAYJVuaEAkEXt9cTOEeRfW5kIeTvyZbsiwSenLG0+2IRUaAvgKWCJCCBLJcQrRoDCcLqmNB+oDZACvSIuzGVwOHv8GAA3zYgMzbyBuv3OED0yLuanneg4DYQWccON4GBeVAQSRJIDb3EQSMrCv8AkB0KbgaAWSQ8cGICCKTWl74gLDNHnRCzCGEjRgD4l6SBQOfZREGwcEYzExSeD/sqnsIge0RBQjCBcQiSfcCPeIiaDyWl6xAdXlX8wIKao5/QgCKGFX8fiAEh8n1/NQAGgpN49nUoh4Dlgj8Q7DIKDPHOYSwDtu7UJMMgE5ON0oUivQDFZxGNnJ31GV+XEbPvLTx+JgsYhxesQ3f4ljKIhAbEfGBMWcfyNBQE0dS6ZZW/EMJAEmaF4gusSLWGQFCxARRNBWDCJAQ8eveYO9G5GgesKSg6xRHtiAgOdF/uUAYQFMd1CEAGSaIWqVwDHZR/yAyRflUGlCD6eIfUBZ5rGoyQisAXjMKAkLv274lmPg9rXtCiBu10b5MBHYH+KECRNkjJT5lACAiyP3UFoAVz64hZABvgL1/Eofys1AKIF9fpwggWCMlg3UIAsAEnC5JgDGg3Yo+0BIIGmbzt5lEYzjIQH/Iymh3jPMIZNIEqEBGF5GrMBKo78GOwwODj0hAALAr97hDlEhl4gCDYIJboBaUYaAROd5uAFaDvz4isgECmOwadzIXWfTUspaeT/YgWW6aHGtygXkhs5DjIVgaxBgEyLOoWibIz7w1oQGWX9zAuHHsMAh1mBssPlSrV48GAHHvLxZdiW4M17jE3RvXcCHp+46+RCOZoZzFz6QliVb9XMLngQhxdE61CWAQMRW+5SxgfcIIhCQCsMdxgu6sywGHgBADIDbHGNQGUed5gsQSbovYgBIWCsDx/kQookWT+4AI9R5OrhDHL74EBbeUfxCAYsgEgk5ftAAtAkf8AYeCqi/GjDaItDrI5SiAdaj5mbONB/XxCAUOQLo48wBGE3Fn0owAb3lf1ShAFGgR+IFyycvVf7CEAPO+QYQogMuhnHmBgABk7fUToK0OeogqAv0fvCLYs1nglwtsNdcywyaADqElhhMHB6y5YLBz39qJeqFf2AkwHIPDERFgsBG9+sAYAEgdk/iZnoX/3zChwRnQ8wg09Ojep4EglosuEW8Auu3pQJlnDUHOQcfalJ6sNo5mwGg2OUbOCn0gBt7g/1wGuH+YBWN/TLIPAzKGDf8hdsI8+YNqY3/2HPQhxx5iL7mXsQIV7GM+AsQM8nxL7HSgvGP1CmhFPQnECmShOz5hAYjkQ77hZsCPNru/WMCYoZ9Be4ANHIbCcBQG5dEjmFjHXsPHmAMhhIMb8QXbY+uUGAYzlmGwCASsjQxCdpDbbA8QgAATWmMwkvQ26r1UJCfc9OEUNGxb7EBKLJwAf7CEQAOSV8e0axaSJC94ChZBWdhbyYEhK+cH8QoXkit+dxjDwXtmIBBXJJRDMJN0+wDE8eXzeZbF5xzC6sAorqWQKn0j4hYwEC7A32oQgFP45hLAS1kY7jQbWBrvqESAaXZt1BYWyFGgIjdlY7/sBIEjVHeHiF201hekJBIA7bxMAVuj8XuERIo+ucaEF4BQh2BWaMGIkJgi31CYGEkgOX9EhRRJ/JAgmNvl1tGo5i8ERo2Ly9Z61z4gBpe074hH0GfEGndQfBNx1zExe9wOtCAMWH4mT+ahVCDBUJ9XrD1SqMuA2RATDvLEoIpQAZ/qhAghtggZzn5hJmzink1CIgKtD9xEYKKFWc7gIm7JBdYEIAYFDc59YCCSUDp5HvCQSQ7y5yjAUCC1lkOM4FHIG/mAKgANrGfEoLscskBY3Bg4A5rfEyAAEmydQWAB7A8VAQwqTBJ2oAsDsYweeIQa1/XjiFAsa/wCQtAjG2fzBRsgFrZiEsMkPde0IVZPu4hJwsMhXjxNq5VViCoAlKAxC3yw6r9wARRD4dVxBoBkcfyNkay+OYaBg6B/sOSsP66hJBWvn7csJQpXn/sDEbCz5HWIli1QeI72zscEQgsAc5+czGx8o4gqZlsKZtjKcDhRZdDg9QAgV01Bge8bs5EBgOLNnx7xUI7RG6/6hg4RQgwBwYwWjmx/YGJij8wEk9anPVRU8Qux3N8LMQsenlQng3GnrMwifiCvogdOWnYzBUKqJZvV4mSqnMQS01LIAfMuHHg2EMAPBgk+joE5BBhBPYe/36QkADDCzTMAMIKqByvHrEeiMrQi0NZBu7gABzgbs+0JABBOmfxGGwHwM7MDbJPBAOBjUDKQDpWV7Rl0q/wAn2m2QdXTDELIilQ1LWI5fI9Iy1m831Mq9Qn+YwKZG2MocxUSLfJoIQk2EgbRGEJCGUA8c7hFC7JZBr4hAfRI9ORZ5iRCZ2OMEDEOwbeyluAYAIlMrjxBphEDyvSB8UPMCZXgfxCQ+AH+QB5MH8GEFAAs61r+TALDNcdOEEYasvcQHsPTeoSenrvcJCQFWGjiZUCBQtHAtzjIBlAAQmsYz1AQCtCCpRJBq4QTm84UOZO7AS7l2+C1sDnsFGJ7dt4PmBs+3c6BD1MAo45MrQTl45hJx6GUN+sIYNCBi3+5aJSXKmReTKyfChCBoA0xlXApTkxmsxhtjZiGrGSOpsAZO4FlGDYNE9iCAmLQE/TDqCSK0DTzCQBNKqP8AfMIS8LHrAwSjeHm+YaBIaeMCzm5gqjoLqEWD6rKldsACkV/IDKdZOPpibBEDAJ6x4lCgel3zB0rkvsekI/wfHpENhZobxASO21zvcZNG+CwMcyzVAHO5gAb4+KEANAMdmBgMJezmAIAZsre7lgZy7evPzGZHb5AcIGQE8cMeISV2dH75hImjbIB061LVmrH3xHfIhyB+YjzyAE+oEiOOMDeRNmV8fEY1sYcZi0FgGMB0Nhz3z8R2PCNFw1jMMCW8Q9kIRP8AybWzE+owGMdiEI/vUrOYScG9KIPoaMyQyXYgpAZ46mf9hLPcKPvHvGApvvmbYy6GYBWCBzCKas5hs8GXyifuoLs+kGw4hAf8gyKgd8HcF+sAVB+tKAtn8veHwiIZm0OCcQNWSwAghQWasD+ygwq3k8RgxfVPevMQsKLZz6DMIJY0QyCuFAERBBJOMcdxu02PMABws4fd0JizeTBYGGIiDQwfTuWHI1k9QIUdmjh7jIOAT3+FMoLCz/rioDXXef3AMmMYYz1KCwSG7uCwIthCnPR39UJCCBFWWEOozgAgNnUZQIoNeOyIQBHIp7DoQCsiT66mCkYsP2hIy+VUMQgtkOFz8GMAEPOx0g4KbsE04uMGcAGfMv5sm7OCIgxZs/5CoSFeYMk16w+DmZun7QPH5iqhejGtsiLWwpkDH+Rjfv3KJC5ggJ3c65xESUbPPmE4hIpmUz3rmWgeIg16QDz0JsAeXNOcrUVoSl1zCSaAqMYPrHlFRDYF8RCcg2KUPgADX+kCAhCmCAcZXrEmaom/gQMgYOd4cFA47x+zAAgVqyRl+Ihkkgl2fvUxQ294EVw1qvpgRCQvIF7hIABUUSDmueJYbrOvzCxjuzuhAmAL5HrcWTZ5hDAIi38e0aDNklV37QMiivrcCCJLFUM+sNIC1vXglwkmxeXRtRugAI6QWoDw8WgUBrk8wkokA7A/OI6aFN2fmBEACA7d4HUJCyAcIcesMxxZKArqnG+EgkPYAuGZObzbcCYFVr1n4XiIEjgzHazEXnMOQbvRgbB1+oQSeWVUweHgRf8AYas+PMtAc49IO/MtdjcwXX6hR5gq8niE2xg8Byq64/2YvYNiUPHEQL8/MfhKhASOzquY/wDIMZoe8WlfMQB5jx1jqdZ66l7vWZ18Yj7JjCxYLbhN0mxmCPUgkvL6EDkVuyR7yySQK+/EJLJwhmEAt2Sk2YCAxjOvhQ5ECii8LnMIkDns5UAkHCDH6htk9j3ADgghSb8RAJoZ8DUIDIEh2T0e46QA9vXOoCQCx3/kOA0TYCCfpHQtNjVPxKBCibHOnnMoO9iBsRBpYOr94QIoI8kGyIKGHl695Za88HqWwBkURryPSFvZLfCnAIWj/MQLH2AisTcTTMH1MAUlJI/aN1DkDQiyQAN6g4kHkjEJHvhRiigCDXgGFv78QvxyTPPoYVRIju/Djvpyme/aAhteDPj8XLemrEFj8Qm6s4cBuzibG37RAiaMexXdy42QN4ai3vU4MfFT1Bgx39uPne/PmC2eBhRiQZ8A/wAgcQWSCHk9QkCjoDICeSc+kHprAgANobG4ILRE5Dw7llgKsHjqImBbvyF3BbBX1D2dMkXqEElYJD7h0UFfcJNBFDPZxCJRAs1dAjSuIth3t+IwOhyAOdQJEMX4c0zoLr8ahBob4QgJSKNEfyEgAAH06LvcO2lx+PzAASOz+3zLGSkyM1ATIKadcf5AD0IwvK45ieADSrMDBSaF40Kh99eRAGXoyTxuNgSiFmuoCqAgnK7uALIu+YQyToYbAl84qwnfcZj3MdznknZ7YEGQ3ewMHiEZwaOQfWMp8TiDCFPNxk56nZGLiTH5MTexuWlxxDxfmBsr1ECS6fxA8e0NXcAHma1UWveFij8RorPGoBT940f1D16Q4reBAOSziIYalhlQOMQdRLiIyWKBMm+VBwTPlBMvBigAAAUKedXGQLFA5HlQu0ZBLXzAASC97w4CAWQl8fVGQDBfD5vMedI5wAf3E238a0eoBr4efMeuNk/RGSCyYWr/AOzYh9JjF29EfqoAEPVu8EuEART++0KZB01zEwKv41ATkXyB7vfpAcCy2Cbz21DRZOSijw40GC0LJ+YpKBNDKq8ZiLE0GYAjQzZPjd3DkTWPYPJjBcnREQey64rdwMgLRyOZYh7sFcYiAokUmq9QkFpYyL/2AGjWGUPH7hsAcvA/16garOCAOoGl2OcNe8IoB9TjA6hGMSOjwoBLbA0gWM8xjXvKecwFKJNeHF56EV1fpCLuDb5gxLeKG58zPiP2WYxXH0ThX8xAWccQAkUE+J1jnuBti9eIWKViCouX16wFLA36Sr1gRZFE321AqDT3zuswqwCKr1gIDdE4xcJqzA6AqPBYIqjx/sTB+/WLhbRVBEmnAiIFM4JzbImyAfpx8TYMDC9THUaL9H4mbZAWhxCRgy/ab2GtWeobaMaspwMsTy2B3AwJELnWoSGsn9bh9uKe8YLIj/kRBLLiAA5Eq0ej+oC9BGfv6iRaay/bcIAtCGi4R6HI7fTlTb0SR3xF7Jp/kZhh4BPgwEDHkD+5jI4A5JvW4MnkWdF76gLBE3Y/IzjMCIIYIubZIWuIUDIIFIHxAQEJqV+f7AAIDOk7pxJanJBx5gC8mAMAnj5uCITyRg3aPpUIirXv8x8eC7nsePoiOa5c9O3C2wE+IA0z4MAs9T6pw0YFqAVWMesAZgy9rMar5lH9yj494LxuhxLAxnH+xozKOnMAIADqssXC43ZayqlGjZZr4gHjFAYqEks7AG+3CAENFO1HRYbTz9qEAnFsVqoEPaviWQQQXb4/cJsErLJFxmg2FkHbjHJrBrMBJLdiv0q4CYgixmMbPz/ghIsFVQo68TALkLd+kAM2v0jAB5wjz6fyEA3xv36gDAtq9GuIql9+5m5AQpfsTJbNoP8AsZDJIAfzniAwf1i3DjCJZJeFW4iLty4QAW9eXcCZ6wD1ChQQvSEICfT5jtQYTPWo+zWs+kAYAaH0NmHKIWft6hBJreB45bgwchxpHkQPbA9ixGBWQIdfdQLa8oX29wQQmBba9WHC1xFoB8wpFRgDyOY8D5POIukNwg0O67hO3cs+DCaXNRPGuf3EhPWlErgBWEoara8Q8galeu5Y0cYhJNnGYb8jrUFhgalui0E0nJ95YFG9/VASIafFDqFA2AiDbhKEqiKjoRX8gBMwgC48esaUkP16wgQCcDxCVj0F0c+IGJGSM+txDs+ixAGJJROwe6zMuLr4M2WLs9a5gIMQq1pQHcBiuagexgnjMFLKBydesByIVE8iAEX6cveBAFhEb+Kjo2WtURsZmSHdN/MJOCCjkfVxLRAC2fvczdrp7zEm0aNxGwyUyKuBgFkkcFesJKnbwhx3LVUOR+JYVnXMFANfHXrABds92q3KDAgCi7MJIshqq/5MW8k4v0vmGwggAMHKB9tQEvk2PzCyUmgmKCwTxAms8VH8UTScAIFC7tLPiYAPNvDsQKAkgwMEtjhXxKC42YVrU+DvzPT0E5GP9hQ65h8KC/AmjycxA+usxlH5ECefvpAyP1ADAGMwYox13CPhKzdwbtRAF54EAOxjH+QssVgUemgjCSKNnQI17SyD1VrhVQyfb3gTQEllHvcEIDWBJtiBiFRux8wgoORJOO+JQwaOWUTCESXSI4iCiyeF7xBq2R655lijk7R5lEE5PLxXJiBKRvn1EBNNaBupQCTap4NcQUodjl16cQ5M3ga8n5n75GK4gObsb1fmZPIwDXjuEC0cWj6QpEHGduRAaEiM1+JmwIL7owsgBdmwdO9w4MvABxCF28qXvESSb4JG3MjB8OYAQUSzkLPIqAHOVYx+I8Owy+xEgAQ7GQWeICAQjYo8+jjuHWbq32+YSCPGL7+IiIkn+0HqEBih6YQfzBgEo5NOFSqKJ+XC8k0TgcQDCAZAAq3amb9pkiEE9MOH64x6x8+k5+IK/vUGVjr9wJ/AUzatRAe+INe5M1m+ZrPrc+3EHnuASNgxzBQbFs+vMAEBmxvcBJBg4yP9h1d4DXrEBBF+cgY3LJ56yMwIV6ACBCARYHxfEJOGsfI7HUANMEh0NmAAugDgV6L2MJBQ4aAYgsdlfj1MsBB1tf7KajQ2ZZsAYLLqNgHRV78wgHJTwDgIPagVPRek532FrzATRCZpdSzEMjiMiQGbFPzAkbHOQNniAE1rPruABEkUBn8uKVRDdLPzGWEe83jiCYohh2x+Y5Yy7liiQCFvPMAogeGcAQBcSuPzBRI84+9wgbFgdzk2ADRznn/JQofjJKqEi01S7rEFtUdt3vcOy9s6PiZaDbo594ScDJ7uWkCaEhRmUSHhHKhoADf615hDkExDuLIHJV+BC2CvolgoD0gLLP8AkJwPtAA6xuUjfpC/mU1z5ls/MDwNdmBmVCARVH8xY0J4PmPFagGgTCgCAdIHGuIylsWhriBkmy6xBkhZHuoNkLGS+B4MajYSBVxhTRyPaMQBvKJxzAwSCeWAMDMDwu+FhQGAct6Hs5QIBdlVCgRPhxKFA0Vh0QSYbBGT1+YAySEHTNREEkbQQVgwAkkF3nVHMyGW43+JRm1yBAF/Dj/sFt3Wh13iAs3uj5iIkoh9UKOg99xm0cIvOOoALIKZD595aAoQAIDgNMiqA8yk1gPzKBBBAeq/UFD3jTpQIOQToWfxAqArgAaPvAR2SMKtQkFDZxdn0joFgkmwJwQTf+mMSQaGi1LBG1sKqjZMpd0GBmhEDqwbBcdIQkABm1XAhLQk1/tQgk5u9uoFgwjtoN36xpiRLsGg4qqUc33zPGYTkfMGDxkw4vw6g6y65leIAAGAwQYEeggxD6fUGXwE3/EuTt/YQjyLj/YS0jqH/CY7PtxGqzfeoC7e+vxHgCYS4jWIBmvGSCuYSCWKYAYqEByCVllL05lGjklqpbgdDjOYSiSCYG4UNw2CK3ARsg9PqFSp1Sfg+YSIodjCBAEgOeb9JzEAaAIgErEAnD0IREINouw5zBnDDcJhmhtj7mCkkUQBnmcgI5wQowBkEjDVwgDBZJzyf9hOAYO7cX6QrXk4NwgUI3yD+Y8kAZ7/ANg5EHN/m4yKQVGrAvsTlI7LFhe8LyICNBj36iECBDTCUewQbGbvUCWEA2JEUoBddZ83FwCzyB+JgAVDa3FyADZ8XCsnwAR+jFGSAc0edRSMGcar6Yij9fTAKDIvR9mISAGTE69hADOz2950VzxK3RBET3EsTDtm/UBGb7cQ8shf/KYsnpfiaWeKvic30+oWIHGv+ULvt+0JQgCGmC9p/8QAHhEBAAIDAQEBAQEAAAAAAAAAAQARAgMQEiATMAT/2gAIAQIBAQIA8uPgx8mPnz5cfPnz48eDHz58efBh5MfLj48+HHx58efPjyY+fHkx8mPhw8+fPnz5cPPkxrz48GPnza3d3d3d3d36uXLv1dxbtbuxu7u79S2Xd3dxbu7uXPQrZy+HK5XahDhxeVwjL7f87+av5JfH4uV/J7XSWSpT832/4WSvk5f3ceXH+hGP8SHwEeMuXyzjy/q+VKlv0crtWfB0IcPmvo5fH6OnL4J0lfRHtVXzUp7cPg+Aj8X05V/R8jyiW8q4cuWSq7RypfD+aSj4fta6D8VXL6S75SVyv5HHqfFR4NxldOnSXUJfwfwr7uVyjpw4EsjK5X1l16fzrlfF8rlRjKPm34eXfK6cOVx+al8OVDl/wJfzUp5fHr/M+HmTdv8AIlS0l1/KzpyqvlROXL5UY/KxByz9mRKrl8qr+aumXXHpwlV9C/L/ACesD3ls/X9MduOy4g3eWf6OZtMx4ypXFHt9uUw4y3P0QhH4ZfwfOWWzO6Spjtjk7Xc7V8+bNmDKj/Cqq5UqEuMcss8nF/XHabDKrJRx+LibNmah8GWDsmZWJcJkTXmPK5TD4Jfw8qpsnscZfnzjljswyZVdqrsmxzgUMYt6pmbUa7RMXGDXCKvxcYdJfdmVyiMYl45YbMc7lr69XZNypAwDV+f554aubk4QYcxmp+AhBlfdcHPOyURhxjGWbP0M3Y7PXoy1zLLe4cxxxwc8duJ+Zh5y15aPDkLF95OtO0y+X8UcvrNmZ8p2u+WeUga5tyJWU0myZ568cX9Ha7sdplnjlryjHHHJNKBCHb4RlcO1zNyYpFYHBgPKODYYTaYrMjVltnjA2K35zxwmvPPW6fxdX4OvBxY/xr+G7MKJ5lrdEojKjAiGOBumDS64PnJyyxL5mas8MssstpsNvrygS6fm6OL87YcZdcsO0jFvg65txMZU15457MvSMIwi6ps56mOZmPDjHl8qHwx5vg8S4SyEOUss6TDLIy1pbleo2w75pl61jqdWOKYuPSXGXfwR6d/1Aw6N1cYEIjCPKwzNjj4/I1flrM8fMR7gGOezHLdjzBx4Sr7Xa6fG8jE4x+DlErtzKGWO39f0/T9PY7Ma9LDHXhnlsdLmesstBifD912oxmyer6QbYco+F68U4Zeh1bhdbo8fljrBHThi5eA1h8V8PbuPxk5OSnwN0Dx5bwJcqBdsTx+ps9zHXnllt/T37VdWs19u5X2crmeTkwUWUseECpXFiVRLYRgRxxccsduO3NzOExccdQ7MIl8YR5Tw+LIza48vjyuPzXxUuC8S3hMjGYM2ajG6xxBydmtSVKPh+nmblkjxWVcIwhCBikoKOCQ+BZVx45a9kz1mv8/OWWxTXkZPw/CQinxsVhy6+QolkJbw6wLq+PSJkGWO7HNzdjs9RMEZdVy/tgbcspfaItW8JcqXx4S5UJVEXrAqp5JY81vo/jXaydmVRldvr8Ip1YcpFPgFjCPL+8Mjtkv6O5uxB5Zy7qU9WV8MDr8V8PHoSowXLBeV93ys4xhDmUqUdujikqpa2duXT2q6wlssjKymuHD+B8ZzaicIhLlMtOXx5TDhDl8Ix4jzzy3o1E0K3Ar5vhM5tgTKUy6q5cuEY8qUfBKrnpiQjBjLOCixhm7v3P8AR+xnfT5zGXyzhAG3iVKtPMpeYwlEXjLjGDH4tbHKE/P8fwdDp1YnwtwmybOVB4wOKwlR4t8rjGXXLqo8IQhElkOZTSHCV5qW9HPL9M9ijQLT8XVwGJKYcfhgXTCEq+VUXgUQiacSP8KyctiY63X4hGIQhFvrLZa1VXXWXE5ZBlnKZfAoMn/O5Fw+8g1mHnxniwbhGEGBxlpLlxK+GXwlcZcTtEOXk6X9L+GPKv1ynHbiMO3VIy3iJFPjKVGPSXbGWDCVPNxlTKUZmeGcOHK+mbZQo8fggEYdTryqj8kuHWPKQ48wcccteWrDHBIfVcc8tjmxlsuopLgL1jyocupf0RLlLxal4Y0RiBHjw4y8pkY6nBxyVIR5RLsgVcSX1iVV2FUnFjy6eHMDEYfAvKvlSvIRm3CqSMX1DhMpUvtku2MYvHiyouMuEQ4BswylfKQlSruUY548JcZTGOV8oThLYsSwvlcCocuVV4x1uBljtxy6xesrgs9OzZurrL4ReDCVKtgSyUExlxhy/hV168MK85a3W54ZrcZcOXDuWWWWGr83W4+jgXDj0EIS5dPwRiR4EJjGEUNePGMp1GGC8fk4y44msxiZa8tKGfpeCQh0j0lkrKW8uPbyycua8ccA7XDGvt+GX85GWOWpDL1B+KlyoK25HKpCXFyxomGvDGCNnzfEe0fD05UInnLX+WWs5dpGBdrL5UBeXxAMdeOOP9H5p7cPuvJFyjFqWInH5OsHiSpZnhn+hn6I8e1R8Xx7X8F95bM9pmkuzoQOjCVCMtinc8aQzMv017TYcZXK+Hli9eVHJzc3P9Mspd+YHwxBuPaBhyhOCp2ng47DJ+ruoyuPzeS5krzUCEV4tymPRo5Z1jx5bDlXlAMsEldI/SvyTZl67dBKFhy6Cu3UYGUvlw6cuUhMmYZ4JDpxeHK6QGbMvEtIyqjGVxlMY/VjBog2S4TzFjGIzSsuHTtw6PNjsySBGWS7IdeDZjcohDlUFQYJH5Ja81Svp6lxTu2eFeEO2i1LWVyowjHmTBqsusrlRJVetXBj8HAl9q84xl2RCMQlRau1rjGWEIcuLEYQ5ZwlTKYmrGklQ6Llfq7u1zmWXACjthVUkSExAhHhKoKe3wF4EZ51445evUFfV3//xAAnEQACAgIDAAICAwEBAQEAAAAAARARICEwQVExQAJhEiKRUIFgcf/aAAgBAgEDPwD6T4Ncz4r4XwPC+F41ix5vkcPlY8rjr/jbm8rLxf1r+jfLf39/Uf8AxXnf2NcLnfBXLeV//WL7dc75tfdr69x3/wBOvs+cD/5lctcl/Yrk3CZfwV8/9T3Ohtn7GnF4IVFY3G/sUKFFD5bNG87Kiixs2P0oaL+yx2OkfkmNfIq+S9i46mtFn+Y7OoaHhqF8D5Hwbw8GbGIv5EfktIZeTh4UJjN4NC8hNG1DsUbEzw3r7ncI7houLXDSLNHdl7n2KLRs1O5RXFWd5pjw0f6I/wDRM0fudQ3sfxZ+XoykeTZUJllzfUP8ShlCLdG/rtFF/Aj9Z2VGixFGo0UN9lTRdnZS3C+IT7izo8GOzZZ0a+rfJZuNRs0I0ancWbKUuaNH8hfMqH+LjX0/9R7KGbLhZ2WKdFRZQkJoYkorWDZ/HRfwUqF8iFYmI1rg1GuKnjcoudYWKdmixKL3Gi43Nz/bUuxwy+a86VmrNir9FR5neCNFRRcM/R+h3NwnNH9oT0dWUUUbo1nfLpGo0bw7x9HwJlrCosrHRspFH8i9DvcbNc3mVj+C4UawsUU8dxqGqHcNzRfzD7FcexuzR4M3s2O6R6aPfp/Me8Nzod4Xh4MfyNjbGdH8o3cfyilRZ/Yosd2bjXHrNFQy4rjcVOjqal0bN2V2en4voTih38m4UPoZSi+D3j2OdYVsrBlfMLPUVO49H8xuGzY+h2PoYrKQ2WV9PU/qO4qNzuLi2WdzuNReHZUdFRaNj/F0MZZoS0WxFfR0X8SuHfG4rDzL+LGJicoob0JP6GsN7FPmNTqLy7Ohzrh/wso0fuNXDZZZZZo1zo2WvqOdGuHY38Rs/Lpn5en5e5aNc+oTcbubHePWFTcLHU3NGp6OzvHyeima5bjUUd8bLnyEbOp7Ey8X0OKhY7w2UU+axmjZ4eHpcbm0NijYqw1RuGVwOj01KXB3hv6Gj+xeWjw1GpcbFw9T1lrZrLceyj0WPvBRo/tZ6WexUdYUWjR0MRudFTfc0NFRTH1Hk1xUfxUai4vh0b/WdjUWKVjeLouKHCysdF5d4WXGzw2aFmhG8tTWVIo6H1lo/wDSiy/nDubx0b1Dw0bFWCKN4eCsRThv4N1zv5y3PmF57sqbjYy/mGM1xsv4Pyeh2Poqdm5QuXdR3HfBWfZ7j/hsT4tFyhRR6f7h5N5KHPeFm8FWHY6FjuFHkO4vLReFrBFGryo1C7hDU9C+BmsO48KL3h5No2V2b4LZtD6PyXUXgstYWjU9Hh6OUU59zp47nR3Go6NYNmoZcq40Psf48OsEz8n6O6KjeFQpUVlcX8mhTQ5cdQh9R28HFuElK7Fx3FRvg3NbNYVDl3F/J5NY6j0txuEOXZXPeO/idT5FS25o3Hs3CNyzR1w6y2KFysqXHkUdSzUM1jc6w/UJxuKLw2bx8htmh2NCai+ZlR5jo3FF4+xo3NRSwrDX6H85qij0rChqL3w6wRbdHssVjP3jqUaKKcPvDesHgsPZRSLyTLGVrhvJCLUeDRsVCwaii5eCPTcdQzULCkaiy/kr6S4tFlYdTRTw94PJqf8AD06FHheyi/uoU/qdmsPDeeuDc6LQl9XfGyhY9KWuBRuxxQijUUUauL+RCPBr7VYWhw7KUvFy1FzuK2yzZUMdjGV8mo/lz+8dno3svDefhrC4uHNfB3OodHcey0KouFhrn3Q2aKKiuD3h2eD4dYaNRTNcfuPuCRYrt8SmhZ1jUPwdnsrhoTm+ejY6+B4UL4w8Gi57wt6lcHcWPDcb+vot8VlHUWVmjUqajU+nc6KNFzo1fLeOtFONyouHF4UU5ULo7nqNblGjesNHYo9lmufeGinfDqN8qjyXWV2OLip+S3/+lfSsplHUXPmFlSsHO8blz4ey80ilw//EAB0RAQADAQEBAQEBAAAAAAAAAAEAEBECIBIwAxP/2gAIAQMBAQIAzJnjMmVvnMzzv4ZW/jnnE/Ej53bZtblb73fTN87vgohWrWzV/DH0+9t9btttPgvINnohWYQ8MI2vkKfB5PbTTA9NNtbkLK2N5+WwY+8yNZevlvLK3N/AX8NrIF5ZGb6JnjfzPz28/HZnk8ntt/dj+m+N8b5LIVvh8b+GWTbysZvrPz3wTfwfLNysm7DwRtsPW7H8H89phZeXkPWH57GyiDb+OWeGHnPwYzS2thW2+DyEZmeQy8t87+DW3u0Qomwra1p/Ehe+dmeNrba3wQjNj4IvtN+c3zsytKzIUUflkyNYGfjvvdIHy8/OXjPms+c2i9rKyYVvlmkyI0zPRNKYTOefkNmYwDl5+A3cZ2FlHnPT4YwgExHlJj53IUEzmka0mdVpQxtaw8bW+G9prmARGmZuWRmzaJzzzCs2JvROSAMyuuUz0zJs2Z4L+WYV9FM+ejFtmUTlJjOhfofomETITWMY+H0HgIzb4JsWazMVmAcHEDOeepnERFevn53SfWnb0DRNj4Zul763xxBmZGYJGZjNJrfU4L7Scxr4OXg5+Zy/akVEb2ytrI+cIeVPI6hekJ3OYhCITlY032ZNn39j3+j7ITORm0zITEG9jW9TiaxehrQ89zoD5+fmPVZ5bymmmv5zpgbCMbJsa2YRWF6TohOTmmZOowgYnz0ZRe/geCcTQrUJp4Hq23phB1hXSTkYqMFomic9TrpWHnKyFHr+cZsaymZGup0EIDSYxfrdwnPcx5JjGCUKdt75HzmzII6VilEKzwOFYx5w5+Q+YwWDGPRM3mcjOoxhT+R6ysSYRYTaymlGBNBMjzX09dL1vDtE6VXaz3k2mdQrmlZkYDBoKXIRp8ZAzMZ9KKZGch0u3tvkmnkgTB0rIUM0i7GMzCtKHIoY8sJzMD5zrrYzbz1vogZMmsFmJNKRrCBjTFaYwmb1DmE56V7f69dcnXCL5yP47zFYCQpgkJla0wJjCKdFECFMJrejM5A6Jj6yibCbA8bsLIRorKQhfzu7u18zPlMzPn5OMi+d9F4TlnMCbNrYDFoCNbjMXUjRCZsIrHmZCYCfOfjnnlYQYMIUdVk2sCl6msJpRa55YRUFJ8vlrPDChhMrZsDUylfBGNZMpZmJqTMfKaz66rfxyuZutaxWZMKDl0SELyBNtmNFNbCmMaSnwetogfM+s85sGbk2M1jW60TNodKfO5kIwrN85RRCdO2qFC+lhAgpQlaOsGEec+lTRYJ4T4+Pj4+HnPKkIBCbNvc0iDBBgZnUK3MjTQTSm2DPn5GdQ6+zr7OuoTPGqIHLetYxoihlMbXIGR61CEKz6pjGYXgYzN3Zk2s+cOWgthGl1h4GJmwmgzdKRmTfnBIxXmCQd1/HYc7319HcwjNjeE2NPMRsIzdojFWyLeYRrepzNmTI+CfX0s5r58YeNjEshGZWCEYG4xojCZMJutfOI+HxkzAhDrdmJWQjGZjFjM86oFBn0rNazJu1k6GPONZk3xujynlmRjGbNmT5+YzdrAPGMAjNCblYHSv19tN7BCkOeeC2MxNbL6izaYeFSIXsYxmIG1pynUazfW1k5e3BjeRZnMIQCyZuHTN3JpNrabJnU6hN6jH0foTdXEogTGtroFpmaeA3aXM0JqM+eh56GNNMYe2FlaRabaKaIQIOaGTKCczZk2ZTM6fp7DGbTH8NmEORjFizMeVjDm1DK5mE1WLNrEYQg5tYL0cf5x/HMnM7FEfvRaYw9BGMzM6iQpA2LusQgvX2zcjR0sPJ5K3VoeUjAhBxhRSIWxZhGsmzJuKur73X8MKJszUi7qsTJ9bmZMIwilZNPBeKv17aPZBy99kFfo62NdRmZhMgszNCMTY0xmeNyb7LayNNMYVk2ZBZvK0szIMJoTY+NIrGiZMYUQ/HJrZexhQ885840m4k2bSwhPmEwtCZ8/BycgnrfLans5+eeOuOeMDVmTa1rYhOuYRsjMmlEYRg9Eys854PLQcsV65aRmszYwomk3y2VrErVgZ1y1tnlSN7YaeMUCM6ITIuY0mxEzYwtZgtsIwnYlZ+J5C2lyfTeEwrI1pbRBJgzFwjCaRQ1POzPOUk5iWCzcIRoSbhMYRrPDNtZ87WfmQ8b4Kzlp8LZEWEaIVm5RbMKwmJjSxc6jRCmzw+czk2YqkRc2FZN2FEKXWMG90jAmM3m+u2buFZeJ50ebYWQvCM2bkZrRM1WN4qs3SfWaUxmeQ2f//EACQRAAICAgIDAAMBAQEAAAAAAAABEBEgIUFRMDFAYGGRUHEC/9oACAEDAQM/AM1/pV8dfjS/LL+KvJfx846/xrl/ktfkF+C/8Svhr8Jv8Kv4b8df5LXnvxp+0b8TOPtqa+LcanRTlH7Kno9+S/Oo18SOijUbjRsWexv6lQoU0cZvJQ5QiotFDNzvC/OstiwcJQz2WVrw1OzqLm4SLnUWaheavMo6EW8NxZY4v2Jo3/0twp3UWU8nZyos0WfyH874EdlOKKlwzWobNRvZo2WVCNlwisqEvc8yr+js1g7c6HmzRuLOUa3GjhxThRZeHMUJs0vlbNSiizstY7h+sex3DrCo3gvRs5mzUaubH51g7w1DGKNFzbKmhQ40cjYzmNnMO4qLVRoVVgivlZoo3Dxo2WbhepWCQrlI7hw7jQqwc17+bc9F+yvUWajZrYp6NiOGI0Mcuh3eHYooZRqdQqi/lSlw4SUVDimclFep1hrFQxzRobLF0XCULz6y0alTxChKNyp6OyouEIVWzY1hscahlRqL+TZorUaNm51O8OY5O4Xs4hcR2dlIspC6hqext6i45EX89RybLEovGs6fh0W9RawbE4vCvnoeWyo6woo0VoqKwamnG6lqKNS41FfGrP5hcKLHKncuitYbKNjZ0P24/cMv0KsNY0U/j0by1lyhISjmP6ajuLKh1HJU9xY8UVs5HWzd/A89Fx1FjwsqesLjidlmseDco6K0UMtGiyvh3FYVFYcFIpw/UITwrG9YPLcbuNzWiy9/FqLRQzkvctwhDmhUcHZQ5WFG6LKc9ix1NwvY6pfDxg6OYQnFY840sLO5oo2anrG43FnM7+FYcY3O5/g5rLoorHU+ysep4Nl+4vz7NnGP8mskaxqdnRouOzUaNGsbpSo/WLNDmvG5Z1NmxD3Dizdjw1NlRWFnMLg1Fiw6HFeizccT1DoXic7txW8N4WXoRxg3KjnHsSQzc7Nyp3FRRud+C4UVR2VH7NGi/wDhcKbcbGaN5UbiijouLjRzOjR1FHY+cdzXga2yjofJfuOY34UaHwJjFjQ8VUPGsaLOTYvQjfnuNzyP3jeF+xlY6hxyISL1HUdlGhFDvLkvC0b+HmXDj1FQoZXs6lRs7js0czoU6ix84d56sfAhifkWChRvCjR3jcrgsvCivNsoctamh51ls/8AKNQrKYmLwIrGtSnHZo1Ti0a8lQzWvhVnEUixJzreFRxgrOyvPeisLNzx9FKL8HRcaEzWXUV4tllnE8ncWf2N/IvQqNZUKbNYJHMOitDi8Nxs2PmFCKKjk1o3CfqOsV5LQqwVCLnuHZcK44x2OVDh48YrJsRXls0fuHCvN5aw4PR1G42y42djlUWWULiFm0N+vNWFT3Nzc2ajk3ZcdjlehvDUamzuKL8L8deO9i8KjZYo5wubOcbHDfv/AAqKK0UPiOZ7hPY8a9DKjYorC/Cvss4xuaw3hs5HF4Mo3Tlw/DXy2VN1cv0cj9wvcWfsvcaOfDo0Kjo2UM7xr5n7EVqNYO+8GLiNQ8FHY4eN/wDDVzbLm/k4h8lGo1Q2o0a1hU6hnvNrZo6KjeW8OTj6Eo5NQ53lSnmOMt6izZUawqNGsLfx7P7j2VGiysLjc6wrC/UWt4d4diNG8V8WyihQ/Zss3LQyijuKN5ItUKNFFD48WxSljfnvK/Rs7Lz1FCeFGsNjNR3HReNx3F/Jo2cTUawaw5xqHCl1NOeJc1Gi/jVCivWNlS6Lip3O4c84WMQo78CU0xliWfZ//9k=');
INSERT INTO `photo` (`photo_id`, `base64`) VALUES
(2, 'data:image/jpeg;base64,/9j/4AAQSkZJRgABAQAAAQABAAD/2wCEAAkGBxMSEhUUExMWFhUWGR8aGRgYGBobIRkeIiIdHxsiGh8gHyggGiAlHyAfIjIhJSkrLy4uISAzODMtNygtLisBCgoKDg0OGxAQGy8mICU1Ky8tLTIwLS0rLy4tLy0tLS0tKy8tLy0vLTUtKy8tLS0tLy0tLSstLS0tKy0tLS0tLf/AABEIALcBEwMBIgACEQEDEQH/xAAcAAACAgMBAQAAAAAAAAAAAAAFBgMEAAIHAQj/xAA+EAACAQIEBAQEAwcDAwUBAAABAhEDIQAEEjEFIkFRBhNhcTKBkaFCscEHFCNS0eHwYnLxFUOCMzRTorKS/8QAGgEAAwEBAQEAAAAAAAAAAAAAAQIDBAAFBv/EADIRAAEDAgQCCAYDAQEAAAAAAAEAAhEDIQQSMUFR8BMiYXGBkaHBBRQysdHhFULxUnL/2gAMAwEAAhEDEQA/AOZPm31ag0Wi1gRN7CBv0jE+Uo+Y16ir6uHP/wCQfr0xSrsJF57/AOfTHuWqEHqJsR6euISdkhCJUs81O0q2nlBIsRPQggkdp7kRhk4RxEQtUo6abNVpqQInVDQZO5HsekA4D8N4StRZWpJLQVZbQNipmSTeRAiN8XhwFQ1VaVRlKlRFQhdUgmAQQW2OwO2CXt3Swr+aapnar1aSlqg06bH+ICIOm4vAJiL3vO9nN8XrimKFWnSQggmmylSdzPXsDO8nAfJVaiv5p2MBVDMQNMKCD/3DaNE9QScTcTrJVh3V1dgAhENqVTBqOBeRIF7naTAkOdpISQjh8ONVptWy1YuTfyjIaR01ggEXtYW9sTZHMlgadUsjBCOZTqYweU7wet+g3xHwbiFHy2Wn5hRryTp5h1/07xqke04s8SrIdFZCtUHlK7PO0kmOg6AGbe8XmdkyRM0ko2JeFodGN6y8h+eN+Fr/AAwfQY7ZWVfhCg0jIZhpMhd7A/8AOGzwi1OqtOkzD/3JJowIYACo2uRMalCgEmxcQZwB8MU20kKpY6GEAXupBP3xZ8I8PrtmB5aqpUB4qAwTcWEE/h98KXASZSkwuyUaVCmFC06dNZCBemokFbC0wJk3+H0wq+H+Jo2az2aqQdVbyKdptTF49DYz6jFirwOk6GrmQGqKCSVaoogTAU6osLbYUvAz5enR8yr5j1iSEogsC8wTpAIkbai1hE4PzAcCQmDxrCcHr1c24otSenSVQ9RDpc1Ax0gQCSEOlyRN4HQkGxxGtmBSUDK1Kg9gGUjlBVQCiraYmebbfGnDMjy6vPNKq7an8uHXsqAupJVVtuJMk7204/waq51LnalPUPhpo0NG5MVCZj5RiYqtLbwhnEKvlM3Ur1AjZarSpsp3tp0m8zHxXJP57414pl/LAmmyoSQWF/SWgnoAQe3QERjzh+Ur0SfPzFSsh/CyNAIi55r7YvmoQs6KNUEwBq+fyP5RjE6k2rUGU2QlrjpCG/uq5eCT8RAUTe4m0TvfoDEz6VMjTqViVhJBb1JiyAEgR0tMbyTsCvEKjNGsIoFxTLLfe8E36iBPXc4C5viIp1g9NENPRBKqYBFzA1XmwufvirKJBh9hzogRCv0cyyiTRYMhvLLuZ5ludUAHqJHUYtcArHdmDQrM/wCEi++qQSJtAECTgG/GatQ0wXVVmNbMALyYZjyhbbdo74cuDZGjSo+ajMwaedwxLA7EAzK7EdfnjYHPItYJsxK3zuRSro0oyAkEssLKggm28aTpn1A74IZ3iKU0C0lMWAMEAR1YxtHXritlOIk6qjqwBkR/Ko6RY3Oo/wBYxTzmZD6xJYNe56WkKJ9I98CpVgdXdFAvEubd2GszHMIEbdFtb1vtjajx6npFIgooEkTYQepmbnc22PzrccziJU5WB5Y06ZgnqNt7SI6R6FazWaYHzNOqTsSSBBgREdrEzOIZTOqJCM8HFOmCtNB5bEtzwTEtpYwI2AgmYBjucW6nCg9AtcoJJKzfrP8AqiYFxHfCd4SzJFapAHORJvyiTsAbySBfDtm89pWoiIkvy6VI5xIm6keoP8smMBzWh9ypxGqEZjiFFR5dRafYq0AKYCyCJIa+7W9owk8aplarAiL7bW6W6e2GqjkqJdnhBzGFLFgB8xLT03i8+oDjtQPWLiCCF2iLADYbe2BhmZKhjRBhBKCoMbcAzCLVcVFBR0KmYEAkXWfxDpjH2OJPC2Sp1cwVqKXXy3OkTLEAkCxB3jqMbqn0FOpFrjK1lejV811JMKp0p6TqlrwCdo69MUc3QqqxLCHa+6zeTO53/wA3xHUc032jSdp2O1p3IP3HzxnDqoNbXUl9yZJuek9YxzLCUFYdBN3APW4xmCWbphXZXKBgYIUKQD7h4xmJpZS7XysGwNxM7+h9CMYuVM36AEn0kD9cEaagtpDJyzdyRbY3NwYvAxeqZWn5YqKyQempiZXuD63+XvhjUhGUQ8P5EJDValNVZRvBsSAumfxbnrGkzg5xHKUahRlMsGs62ZRsSCRteYuLi20ITVBUYCoxAUwsCyyRP39cMeVFSlAYkqBDauxBiBAO46ehxF4IMkrkVzXEUoU6hlGSoxVpufwjV2LCQdv1wo5rPIeVa1V0E6B2MCJBJO/vHS2HXgnnATTy5ciBYXIMRaY6fb0xZoeUKcV+EO0/jAa5mTYHlvPz98CjXa1xB+/6XENjX0SvwnLs7tpXyle40yQv3mCLGDhx4PkcuBpqUjUZTP4gJ9LyPbvitxLi+VQ/wcr5RmWDI0gmT12Fzb+uAOf8UhrhVH4gQp3v01C3SJwK+arZhhcwgG/uhubsGHvj3hzxTX/aPyxUzeZkEm09P6Y0y2ZAp79PyxcDqp0zeDq6Un1VLLpYXJHbc9OuLP7PyozlYNU0hF/hnV/qY7zt64D8A4eM4yUnd1pkzUZLnTDfWTA677YIeDeFU14lWoDMFPKRlR/LkPBCww3FjPyxnLWEOvfguOUiDzwT9xmqwymYYH/tvI1hhJB9PWcAf2Vr5iVXEKyhEFplQDP1bf2HbHvFqNRMpXerWpkhmUKFgldelWFiIK332OPOB8IzDZfLNRqUIKAw9QgwZaLLYiZ33747D0mZCHHu4eigCQIT03DARJIk9rA4jqZZwJQmRsDcfWLe+Fmjls5Jk5QwYJ8+oYBMdtztfB7h+WzKssPQAI5gKjH/AGxIxN2Gm1o7CfwERMqdc0iDTmCUJ2ImD7EX+sYhzGWpE6qeZpQNxUCk7/zG43jDBXpBxFSmrL6wRPzwEzXAslVsUAI/kdlg+kGJxN2H6DR4APEke6106tQCBf1XPvEHEeJJWKNy5etVSnT0NMQYANjGrcgi+PfE2dKZuhQVY80hdLCQdTgENq25ZPbr7NnGPCdOr5KisEWi2pZMk+9hcdD0jA/iPhUNmkdswQVEIBDMbETYW3n2HfGg41jntbnFhftP+obGWqoVyZzAyppMChudKmQVtYTO8mRbDRmMsulaNI6KdMfIAX99Ra8z0HfAivw+oamtVp1SwkawAZ0qsbtJAUGDMfPEuioyqKoCuTqZVIOprggkC8LG/b6u+oC6Gg6DzUAVdzme8tYjSmwgkEewnm95wu5jiQKk0lflEAnVIPaxj5X9+0+detULl8uPLUQpJWTzXjVJJIG8f3gbSr66uqiDKAnm/wBhOiYtI6e+JPL3GwTEgKOjl2YU0NMsCQXYMklSdUNIBED73wB40lKlrC02VkY/EdQXTezTE91IMSPTG+aaqHVqdUu0liF/As/aReDjbiGczKA6Q4cNAAlr9SJ1bERHqO2ODXgogyl/heTYDW0oDMFhE2/DO56bYvZri/miWqAVifi1GPdgBAH9t4jG2Q4hUqDVVU1SZVtQGylRabdYtcTipmc2KXmN5Sg/DpZJH2Njtc7YplJN1wbmOVV+KZ9mOrWzaviB7ix9PUX29ZxGj6lmAO3t+uKaKGAnV3mJkdx85+mJ8uISPU74oBlMJRTLTdU8yLGMacIE1FBMSCOl5iwnqdsbZ1tIPriplCQysIBUyJGLOu1Eqxxfhz0WYsrCDBJBgHsD17jFPJEgzi54gz/mFYZjI1NO2o76RJgQBuZxXprCHefT9flhKc9HLl2y8r1V1GZB7QRHpjMUqmoEgRjzDZEEy8OyEy9VGEW0kka7WEyYN9r/AHwQp5vLhNHluIXmCEnf8R3XlvsIJPTBLOU6gqJW1aCAFVRc6Z2UbfpbA5FVc0zGHR9QYhBI2EFT8JDAD74i0dJOvn6JywjUEK/wPgmRaqisapJDaxVAUGw0hY3vI74eang/LEMwblbRCkgBYAliTPYGNiQJscJC5s1+anqQ7Sm67E2NyLA7jEvCKddmZWWKlFiW1TJiwKAiDqMC/WNrYHyr3DM7Mk6swupcP4NTSkutVDEDWQJkjr+t++JlydHTAFpmII+gm2FTh3ifMUVK5imIBERuZ3uN+39d8bZzxk6qWRDB/CV2N5/z29cYKmFqTZnoklqZc7RpjmcyR1lpH3jAutwzL1RrfUyxfmIt9MJNXxDVMF9e8yOg9haBv2xY4n4gzdaiU0EjuIWV7ADf1+XfETgcSXWZ6JC9qQc7w2oSQrDT03sOnriFOGVNOm0fPDfmeGOok2MCxG56gH+sY1PD72JKzuf1x6U4xouw+SmaxG4W/wCzzInzjTqNCMhBiZtBEYf8n4Qyauais5ZupifuMJXh4GjmKdQzpDQTbY2M3mIx1ai6gmdO8W3+ePMq9L0svbE8QQnpuz3KD8W8N5evTNOo9UpY6VfSJFhcL6zGK9PieTpa6GhNNFTqBSYQXIB3gA9JgemLfHc4vIVK6TKHmNuU6ST6H9cctzPmVuIA0TSVmOoa2GieouDImwEdsbsK6noNAnJOy6VlKvDszT1KlJgqlm5YdZJJJG/ST8u+LFOpkDVq1FK1Kx+KfwxCwoO22+ObVPBlVVLjNUlcSpRdYuSYUN1BgjYexvBPKeGtNMrUrhKkOWdHJNrQxIBRTqEiDMTIONRrUwqBlT/lPKVcoC6j4lqayCdyU1bMSNOkm1hyntjwcayaoadN15B3DzpidQFyQAJbpJOOa53wxmCgjM06hpqeWWtvyrKgmwPTe0AXwBzHCa9MFiV0qQpKuD8Skr1mDt9sc2pT1EJHdI3+q67nONUKlRXp1UKATIa8mRBQ7i2/ST2GAhzlJSnPpuCulwddiTIGwuNr3jHMlzrhYBi3QwTJ/XbEGXqtqEE2PTe2/wBO+ELGucXFIXu4LueQ4zRo6EFRjUrLKoVgsTJ1CFk7e2+MzPijLOqGUlnAXmgwSVDWmRINjHr2xzLhGRzOYIWnmETyi2kzzLq5TB06tMCLmB03wZ4Z4YoUEYVa7mq4AmmQACewIvuLn0MXxKpjaFLqnXhCqxlRwkBNtDjavXWggQsXggGdpO0QZgg9jPbFzP5aqwcVGp6TYjU23qALdAY7HCvw7heWyDiqzO9QsArMx5SbSNNpOoKSZ3O0nBrMeSHMpLkknVLX2ABvAv8ADIG2MFX4s0XYDG1tVdmHfuQivDqiZT+EiIEuQLmNVzpJMsJm3YAYYf3q3wgm3+fXCQMvQmWBpsp/nIgNb1+QH0wSyVbyVJuUUySYmCf0+w98I34zHHyCcYZ8pjp1VEkIJ3sBud/c2H0xFWFNvioo0Ruo/UYCVs/HVgWPKYAEnaRYzf7Y8ObZQZINtyQYtFuhFiZNx1tg/wA4QLg+if5Z3FFuQQvlIQBAASYW9o2A3t9scp/aggGbWFCgUV2Efifp/m2HihxkCQzCwJN9wIkiOgmL/lhF8a5gZ10rUCNK0hIblMyzAX3MH7HF8P8AFOmdDrDtU30S3vSBnhOB1OtoMxMdD1wRrnAqr1x7LRIUV7Uqa3Ldzi67QABN5mJ2t02MHAyi1xjoHA+F5WtlaVQ5gpXpMSyT+AMSdIgySIP1PTHPEBA6JFcrP9hjMN1fwvRqMzJWYKSYDpzD3gwffGYznE0gYJU8w4qejmSw0gqW1WMbbSD0i+56Tgfr01TcGeYEW0v6Tb0+mLj5FSrMhMhelrjvtM7E/wBMVuDcPaqzsNheVvY7+0Rv/Q410sMaVzGi4Yh9QFznEq14X4g2WzDECQdULff8PXfcXwap8RLO1QbvcxAmQs29CCZM/wDqGRgdSo80hTAExcdIO0k77euwF8bZzOeTVoo8+WwBYHcSYLDufqDGNLReZ0U3HORG4VzMcVLEi897kkWn2/LFWnm0MEWhtJm4nvM7HaOmGjiOeo0HoaKQJq1AGmSNNxKfymWv6TbFL91ytWtVFQcmrVCGLg27mysZ2HwrExjUK7hEc/dZhQBaSUE85f57+vf0HX098EctVBWCRO8zb/P87Ynz6ZVnhaMKtgNoMzPe46H9MVP3BBquR2F7Rb/J2xQvqEWCzZQDqtaualiCY3/WfznBjIcJV0BLkT6bmP8Am1t5wByXDJmKiyBN1JDbx9BHf9MM/DMutJNXmamuIaAWG+3Tra8DvgPrPA0TMYDqgeao6WYAz16bdP8ADGNabuhkE39v+fviXj9aoOcBoWOm4I+8G04g4VRr5ifLQyO7AT3gtFx198J842IcCO8Iii4nq3W2fyn7wssCYFiDH0vvfG3CP2f1Kmmqa6ogbby5kCCZlom5FwRtvg1wvhlZIL6ZmQNQIEgySPlFjir4tzGdWkarOAsc1JFYwCPiZgBYCG1E9h0OMeIqUyIDYW6jRrNEkGEWbwjlCGVMxVBeRuh5pEWgC0G29ziWp4RokMP3iruGElTzGJ6dRG+3rhHyvibNU6C+arvT1RDpCEH/AFCGkEEwJn8x2d8RVqjKyEIyzNRJUvMCTflFhC9PtjMzDipZrZTF5GqfqvhKhoZRmWGojyy0WcE3sASNhFrzhW4/4ar0S4p1jVDgBmPLNiWDS8n4QfWY3GFytmKr6WeozFdj177+5n54t1+LVXZmZjzdBYCABYbRbbr8zOn+LrxZkHvH5S9KQozw+jqE6mG7EHc9BGkQJjqetzIOJKVNEZmllUzKAgmLbNA0jclbzaTiHzhqJkx7DadvTtbEGbdnnmi0WGLfx+Ki7B6flHp3cAmCjmRTJakugxu5NwbdGBUHp736YlzmgouY59ckgN8JOqYU2Lxfb198LrFjBj5xuf8APyxMfOemyLPlqCdPQG9/89cZ63w6uSHCkO3TTnnVOMRtH+olwysBUV3rtCX0zAm0wHBsD3AIgdpwX4rx584qUMvFI3Y8yqJW4hgY+ftO1lI5Z+URPX+32ONKuVdQp0WMxGxMz8sY6/wtzqmcsII0sY8RvdH5h0RHennM8ab91JAVBTqaYYHmYESwIkNeBbe9wMV+FeLWqnQ5CsdyIAJEkC52IMRO8YUs3xWtUpJSI5EMC3y+l8D6ikWuZ9D3tjCPhDSwio2CSY9tdeKr828OBCdOOeIGpVStOsrgsGNpg2G8wZ742fxevkElteYYkEQYi4ETyi3Ub7YQPNP1/wCceCpvh/4ugWtDhp4T2HsS/NVA4kbp5yWfIC1KTVKtv424gm9oFr9LmF7YD1uNr5iuFhf+4BI1ncze/wBuvfA2mVWiCtVhWZiGpbcttJ+YJ37/AFMUeGZYZB3LB6rBGSCQVkwygE6ZkHcSwBAjcMKFNn1b20jz23t2Jg5ztNr8+6CcbzgqsaippWALAAE3uYEAkdMBKbDr88O3hoUqWTzFSuFqKXSKRBN1gk/EJJVyse+CtDheRoVjUop5xFE1CGIISb7bC3KLHbYTioqNpjI0G1vtv4quQu6xOt0hjw5mBpK0y4ZNZKg8o/1GIB62m2OlZLgGX0IlYH+GgQNTgamAEzbuCSf6zj3LcaosikyhqEwq6V0lZABCiObTNzO+AT+IlbTTDtTJbmJsFEGbGNRJJsTMnfGapUrVbRBGvP4TPo09zZM+bzih2inTW+ywB8vTGYRa3iLyzoCU3C21BVAP1Wfn1xmEOErTYnz/AGljD7+6uV6RV21BlVTE7jtc9D1+m2LfD8otMagxgrzRIvcqGHY7TtfEvGaG0klm+IC9hIWLD5yD8rDEfDqsIqSzdL3taQJsfS++PUfXL6YPPArzSYmP0rlBJMKRqJJBM6Yt0Gx2B9CN8CuOAu9NQFOld1ACkydrSB6/bfFlXbWxDhgCCRB5gLTBFiAI7j1xJ8REkWJg2v0sQYNv1xzauUEpmFrWzup62fWs1KmstoUgFxHZrwJgnSsfDvOJQpWs70zqBMiZJ3IM/wDkNAIBk/PFY+cZDLKHVe2lJUjTYSpAkSDa4HpLk6dSmjKSRpMRYkkExBsR0kN0kXti3Tsi3YrB1Lm6pZviwYaqVIn8LNNtfQAE2At0+m+BVLxBUE6lVReCPXpAO39t8b8R4Y5pl9TT5nlRpCz2MTseYTgOtJRuSL2JM+lh9d8bqGJo1T1dlraMK45WNGnOt9P2mLh3Ggh5pVhcnp6RP9MQ8Ez70XL+VVqUmPMvbrMqNwAb4F0HNMo4CkBgwLiebf6CPQWxNluKvQLGmAoncST/AFH98A1mmzIvx+3PaupnDgkMA60SDpr90T4tx2lmFpJTVqR2Zp1a5I0mItFzI++L/EfElQEZXKsoAZUSooYMYgEtHc7mJ69cLubqO8MzGUXSpuSF3AI+uLnDM2tEPFNGLfiNz8LLv2JMx3GJHFsyjjwuQPNUGNoUxDR6WCbsl4l1uMrpDVU5Kjv+IoIdgfw8wmD0wVr5nUNOZGkMpHl6lgifxQ1/TtGEStxKtzAQKjkFmFiYFlm1t7Ym4LxZ1qs1RP3gEBdBEkRJAWRAgwbYyOzPlwFvSyZmOY5NfHeF0s+KXlP5aKwnSusNFhpjblke/Q74o5HwNlyTOZbSNQA0QRpN9RNtrzA9JxBwvib5dnZqch9J/hsQqExykbGD9+uKuTzjPUCM9UM5nSGJIJ3A1TE3v7774VpOoMR2wle/Dv6zgfPyVXj/AIbq5YmSrqPxD1MRB6iRtNiMLytv6dT/AJtjq3DmpMGTNBqvKNNFf4kkdRO5IixPtjzifBsqUIp5cqrA/wAQ+WgUgi5GmbHp9xinzdVt85WJ9BhPUNkgUqKlfoRH9e2Ic7lwJgj9LfpvhsXwuyNCsGYGzhwBB3iL2Hcbjrga/DK1MAl6bAFuUyzNb2gKLXJBsY3xVvxTGGwIU3UHBRcPy40ooZmUMWPLHoRJ/DBJnocXacIzMsAsQt2JUdL6ZJ6nVtPTC9UqMQGLUwiPzMWRtJliQSoJZiD8C6jYYLKaZX4hzRMLBBBnmAaYmbGI/wBMYd2KrkfUVmIcCpq2TDllSJOxlthckT1vHzHriDieV0BaZFmBkzqKsBKaW6gruD3briyuh0bTqYb/ABKd40rIBE2MxsG3FsSpVAc6v4gJEzcAnYageljYbe04U4qsP7HzS3VB+FKDT0I0hpBDBtW5EyOvQkdMaZ3hYVurMWFj8RN9VugN73298XqeXUKysxkyTeQtwx+GTA3EH9RjSjSoioNWoeXH8QOF1aupO2oiR9sKcbWYC7MUzAXODRuhmb4VFMKIJ1AMQLjdQojf/CcSZfwlrVqhqItMSYadTab2AECVIMz36Xw0HiFGozqW8zSmsSVsQOQgjYe9+aeuKmSdv3aoa1VtTEEBBpAJ5SsHcT3P3x5TvjmIcBYC7dQDr4cNeC9NmC1vJjTTsVduDh8qz5lwrU4NkBJRRbSTcsVH/wCbWwm18rTLlaJZwY0HTBJ3NrxBt8sdQpZWnSyza21IoIMpqGoxA0gTYWt3PXAo5fLJWNamiUwiaVM6VZ4kFREkg2J67d8ZKHxuoDUgEiTlgANGkDSeFr2PiqVcMHZRod+NhdCct4OchXaoia5BBmzSwgxY9D039MRJ4fr0agRJDuGUtyhFFtOssD8R/CJMAnqMFMjWznnKjTWmkDIhYE31Wu023uRI64KcPzetBUPm0hSDMUqHqYMMDeQQSP74y4jH4xjjncDOw03jtVqWGo/UAfHmy5znuF6a/k03epWWNSrTMgwWaJuYER1N9rSMztGnqYCsNSlgwdShJBPwgTuR6br6x1rLVqTM50rSdTLOkAGdy0RBv1k+98DctwjLZcV0YgpAqB2DWsQpk2Jgm4tPtGKM+LO/uDIjhfjtppA1QGGYRb3t3Xv4wuf5PjK00VDQptHUgEn3xmCCeDazgNSpVnpm6t/BuPm4OMxudVwRJJcJ/wDX7UmtxAAA9ky8QqalcKZOtebY9SbHY3O9pke4+lLU2MFSCQWhmFjsSbahtbBbiN0M3kAjZSDJM+tpPWJEYXEzRIiQh1barGL7jc9iRe+2K0XSXAD/AFeUbqxlanMRYTuQT/m+/wA8XaFTSylhMGYbqLT7f53wJpsNQgyImYjpzA/lPp64v0dkEg221Rt0YmI7YZwSlM1C5KiFW52sSP5hsCJkbG0WnEOQzainUUGQAYJ6SVkg9pmx7jviPI1Q2rUAAFIkT2kkn2n5YrpSGloLVDJGgqQwI0/CBcg36fhvvjPQYZI7Tz+F2yC53N6ammSVgnYCNz03Mk39TgLljru4m0ET17/kcXuN1VgQCGmRFvcHrfFLJZWoyqQCWYEhTA5QJkd7X740NaWgnQ2XALVnimoPc/MY2p0XuyqzQAWj8IgCWsdpvi5wlTRbXURtSKdAJCgHbmPQc1/fpi0lKrlKrMyapRrqAy3ibkMDpJG3pfDPeCbf72J8u6B1MyAzAEjb8hifKoXYJZWc7tyiPXsPXB3hPDD+5y6nS7TBYCeisAVvabkwbdsbZPhdMaFq1fKK6ipJ1B+5TpA2MXubxiRqNAM93FEU1R0S/ltLFxDGnDFem3UyNrGDiThGWZZ1GGQ8sQodeq2E67TaAAMXstX5tKstZaiyYXTB/lBHQEkj1BxSy+eLKNOooihqikgSJE6d7XmN98O6o97colO2G2RA5jVRIasxLaWYCGUSDAHMSJ0genbvY/6xRgKmoBAx1WBNgLGOs9ZufbAylws+UWnQyFjpYCIF7bz0F+s4K8P4PpqVCyhgAFC7jVMzHSYBjpgtwL3WNglNYBVaGdKukoS4AGkBgSY5W3k++xxNl+JNJJLBSTAEmeYzabQbRecEtIFQSCCF0At0KkCx9Zv6DHtHLIgmBYAySTcEzE9yGP8Agxo+RLrZlPp1Q4dmhoKNrtqldZvO4O25+kRtjY6EMf8AQajuO/m3/wDq4b5YkSiFZDBDMJZSZkk9e1wDbvhq4R4kcaFqNUhReI2+JVHUm0X73jDUsM6nMlXp1wbFc14xl6tcgHItl1WYUazM+hAg26AYp0eFZ1GUU1qgDoyHTvvFpJvJN/XaO3VMwlRfMGWqVAwkSKY/NwJG2BgzSxzZHMBukGmB9q0YaVqLQbFc7yoo0BpqPUXXzMACVRiRIUFIANrkkzFrYhTij1naF1qZ1SFEKtxJIHaBtHTDXxyugscvXhujLSK/UVP74UsxbUq06yoJ5UAOkwd+ba/fHWKzvobhb5jNrQp6tRDECy3KiY5otF4ABmB6AYmyasWJgVS87GdQKsBCmzSTMb22xR4NmgTUlFKkAIKiBlUgGGI5SzEgALO56xhkemPiKtTqMVKMRUUBoH/b0k6SwMnYAz0xJ3VlQ6MzG6H0+DuEVgi03cNT30tYmxHvtBi19sURkK7nzDRqEU11MDyKNNiWmBNjbe5OGHIPVqVtFSmp8oM7uhUaWMr1gdJtiHxB4mc1KtJbzNMEwwIKkSBH4jFyTHboPI+bxD6mRjQTEkzoJtp2QtvRMaM2Y8PT8qDiPiVGARSVQj+IFAk7He0wJBFp6nF7xVmKZy5DLpdSvlqkAoXvzr+Ekdd5wMznDKVBsqGWdZYsSoI025SAeYi8WvgzUOUqJWzFQFleoFYhjfTOiZPKB6R+HGJ5pUzTfTa6JNxuZiPIHwgLUG1HB7XkT9le4Pl3WkCUHnJB0fCZjmkyQzEyR7iTilwOotV6z1mZqermptA0ddTmYII7Yr8K43Uq5mqqEmihUKyqABckDbboQew2jAjxbw2uEfNCrFN2IdQ2knnYINI+IaCDf1xmpYcmo6nUIa50Qe+8c3B4qtWs7KKgki/v73UWVzy/vzJTOparFAR3MGROwt+eJ+IZFq1Z6eWYmgQq1RMIpA0kDaWMTbc+mDVKll8rSWpoanWYKrOULSACxLDZCRv127Yu5CgjUaqqooCt/wCnqVSDKxq0rB9BJG2K1MWGnpGAxAAJ3g6xvG0dqQUSRlJvc2/PBW8p5aoAPMUDpJ74zA/M8GqhjZ6l/iDKs/ItNtvljMeWadNxnpNe1bJabkny/aWquTZa5p1EGvXy0wVlhAuDJ1CxMTeT7YCtw+pSLRTcalDBmESpm4vGx/4iMdG8R8PRK9LNISWNQJUtMSCqCAvKCbH5Yu8c8LnMKNSqG/8AkA5rXAUm8CTAAN9ovj7hreC8p2EMG9wuXK8NdR7XHS3WwgYJZYAhJNjIidj6mIn5xf6NniDwKlDKl6bVKtYdlFxIklfRQZM9cUfAfh5yUrVkBoyWVXUEvYadKkQQZifQehxz6exWQUHOdCGUKTIsiQdP4QHi15Ktax7jeb4prWIQuTUUwdWsgDTNri0i4IveMPXiLwM1SoKtE+WGhqhcK+kk7qrSLAxta3ckXs5wSn8WlWUpoqE7tIZSxXTci0SdiewwzWQE7sK4BcPr669YihSdlaO5N9mJJtNwPTFyjka/k0arJKPqCDckIJmO2kH/APlsPdDhdbWQ1Uip5ABqUwIYo7adzvJIgR8rYucP4VVhQrBTRqIUQkmFA/iGehZWK37/ADxRrW5cpSGmbWSzmRUy5C1KSN+80gsaQWBLRymLMV0zAvIxZzPB66igEpNLFUEtcuYqRUvC2Inpyn1w+8P4TR1A6NQpsTSLCdOqJidwNIAPpibL5VlqVD5nxOGEg3Hlqpi/LtPvPfEBQYTMlV6OpGiRH4HUpZc03LB/M0U21ahoiWVRvGoNAi9u+KicDqI75d4IQHy330oW3N9wFJjDln8vDLFSIqg3ANtyo7cwn5/W3WFJ2LEAEXYjlkDaSOwJ+uLsZSm4SDD1XSBtCShwAyKi1IYmldZhdKwYG8Ezf29cX8/lkpEjSE1ujWUdlAgdRA29Www1shRUDcLflnrOq28TcR6nEPGaIrq1GSCTyi3LFoAN5uf64u6owDqBEYCqQZQ/JVW5SaYglixIJ5BqiN7kETgjlMsmuoxmSysXvBMQIM3taL9PXFIVHy1OmjHUYhjMz/MPrOIMg2pPLVtn3gnTJ/uQNsA1SUaeEDXMzaGVZz61ANJYCXChlBNiL9N8R5wwGgAIFmRJmItHqJ774I5SkULg8wmxawmLwe0dY749p5CmiuQdWsCQYkLeAOsR9cMyvbrLq2AObqaJdXMq9UlUkhbiCAbFrjb8S/QYpZrPqjMVldBMGZDbCD9bYI5OqPNZaaAfEAANGoAjSwIEGBI67AdMAOO0Bl8xCFtDILHSYncDpMjcemBVrWtqsYouDc2yNeFeJqWenWedRLIwZrdSpmJ7/XbDRl6KzAqFfeROOTZmgp3Y7C0wZi5N5W82v74gp5Rm+A1D/tLfpOEYbXW5pzCV3PL5RhtVPy/4xYrcIqOILKQe6ifqMcLThFWZ15lT0gVPzkYtU8lViDnM6hPUGpHTfmB744lUAXS+K+Diw3XULjoPn6Y55Qz5y9RhxFqgqK4KpTCuXAH80NC9AJUEX3uI85w/MBeXiGbbtz1fy14CZjLOsmozu2wZ9RaOxJufnhDBCR9Ma7o1Q4rVaq9emuksCSLEiQReNoifeN8D3qSt7lTqB6mfiBPXuPnivls84Q0vL0rUuWOuWidPUAgXix6/K9wHhb5mulBDc+osttRAJGogX0zJjGakzK4jLGkdwUKgIgTyVtnOI1M1UCsqkMNKKvLoHQC8GO5nbGZKnXzTpT1HUosGMAew6EySe/XHVOC/s8pZeqGZ/N5PiZVs4YwVUzAhu/T1jEy8D/dHLgK5qandkpsG9Zl2i53kdoxlxZq4emejpyBppr3LTSpB7gXu4z7XXKOL0Tl88wDaAKimZgCSJLEWiJJ9zg544zilaVIhZlnYKbARpBgbTMj2xBxPhL16M0MrXK1HJpnQxm5szReZsSelz1wq53L1KdQJUDLUWVZTvO0evp9sFuG6V1Oq+xbO0See9IauQOYNDddK4n4jpIhojMBqnIQNOoxIJAPw6onrYxtOJMpxGmlN6tSosVKupS0ywKjSB2MKdp2xyutRenUGtGQmCNSlZHpO4wQrZ/M5gCkNVQUyGXSpJSwUfCLAD88YnfBGgBrTvc2nwt2K4x5MlwvsrvGvFOcFeqKdZwgchQpQgD0lTjML7uZPvjMeqzBYdrQMjfILIaziZn1X041emFlSo13ERc77bk2x5VzSwdJmbT6+p6YBcE41QGoO6k0nhTE6JBAAIvcA9B2wRUDOL/DfQob4hBLEWNpkfOJ9sX6TM2BrwXoBobUIdoN1dq8Ip1VeUU+YIaRMj/j62wLyuVHn+SpFNaQWIB+QU7C0740rjMLmFpUcwoWIvBIIEkEQYJFwJ6YlzfCKysopv5jM0vUe2na+87SIH2wM+bRuiFJ4kie4pgzdEOpp6oJHzjv/AHwDz3C6iE+SpYQIuLG4P+DAvi/AMylU5imdVQqV5WOrpESYi2wA364O8EWrTTy6rM773VgFkTDPENfthg4uMOEJWOLRr4e6Dv4TamKriqJaDpuAu5aDv1PTFXOZYghgV1L/ACnuLg7+h+mJP2gZqrl6CsWJBcEhTFpFid9z/bfBDwxlUrIarMGliNOkQCDe53m3t8sAME5WhOyA2+guheTJujNzyZ0mYAB6zAnG2ZyTu6qplVQmSYtftO5tbFzjXCawzVJsvT/hFGFSCBzfhJHUwWucXWpEytMEtCreBC/YRfp+mOLToVdtUm4SrmckgruryQqiqFZtyTAki0A4kzeVFPW1M30bk2JJ7bTEWt07zhhzvDFpy9TSxaFkCCR6ncX9YwGpZEVvMl2AkoNEGImbmZItb3vgZSEWkGXclV1JRR5oYGSSG09pXfbrt9emLS5T4GrLFwAWNwSZtBt0sf1xQ43mQ58oPDCqE63LEKJ6i5G04N8YpMqM0gkEE+gBsf8AO+GTE3ulPxLlas01pS81CSbAqJvLXAA9bR7HBakq0yEEawyhjvJAETFtjufTGuUpvYlgQdRgN69enXFSjm1bMLSckFASABvo7de32744XUywB0krzIZ0+ZUGockx2N4+2L9ak9S4YXQE9rzaetv074X/ABlmRQCtTFqpKkgqGuJvYzeTvb7YOkpSpGmrFnWmFM21W9PhNsFMDmJG6qcQzWktrhdCD8MldybjpEW74RuOZwM4KCVKLLegLfFI7kwIwe8Z5tBSJK/GALSNrXPUAXj09RhGoszAm5IIAgi/ax3vjjKwYp18gUqUGN5AncCfyO07xJw5+EOE1jSepEoSACSJMTMdxf6zgVwNgWVaq6QxgSIi9xe8R39sdKyGboqq0o5BYWt/fFGzKWAAgekjcEe+NwxGGGtQyx3dyN4kx8sDM3XpgwqtH+oflimYpcqHVa56qMZRp0mnzCV+pj6HEmbdWsCfptgPm6RF7EYVyKFeNCKtVAlWUo0wBPWSxiOkR9/XFHw1wKtnKiigCNLDVV6U77z36gC5IxBXV81nFoK+gFlpzuAzXmPnHyx3/IZFaawILsF1vpCl2ChdRA9tsSFOUlRuYheFaqwAQxIuxteN+u5x5w3L1lLtWqK0nlVQRoA6Tu07/X5S1qzICY1AdR0+XXAPjPiWpTqLTo5OvVqNuAjKoHWWIiY/wYaYK4wmTR2xCKayTpEncwJ9JPphM434xzFCnP7lmFJsNSwAfcSMNeVFRgA4CkAFtMkHf4TF9r9rd8BtTNshK8z+VpyKzorPTVgrETpBgtE7TpGKXCKuWSgrZcIKRUFSoiQbiep364341lsxUoOlGoEqEQGYRvuREwYsDBg9LYp+Gchl6NM06SldB0srsWKtuRfvMyLHfD3SnVFBUU30i/oMZizrx7hrooF4gy9J9E0ylGNRdFAgiAASPhETfG3B6/D8tqKVU1NzEs8m529LnbBDiVUCmaSCAwKbCADaY6i+FfL+GMpSbXVqOVDdSuk3G/4jft64yPoVG1OkaBfU8FR4dMhNHFxTq0BU1mF/iLoaJIB03HvhPp8czGmjWUtUrkhQkSTAPmDSBcWkj0nphr4zmddB0y4SpUKwqiLT1PYD+mIsjwGlSem5kuLgkwASIaB6+uJ1qVWpVaWGw1/HPugJzSES4Y1RhTq5iVq6SDTWNKyfmZgDqcXWZCwcwCARJ3i0/pik2dXzVUm7KTBHYxE9D/fGnEeF0K8KyAn5gmJi4vEnp3xtAABy6qmgVHxH4bbPEBqxp0hpKhQCSQwLTPeBG+CPBaTIaiNV82GlSfiCkCA3TcGIGAvi7jFbJUaSJfWwp+dpYilqYKCVE6jcAXue+CfCeA0qNR8wj1HeoqhmaozTGxA2Hy26RhWm5jxXBx0VytxILU8oXJjrETO/02x7xHMNQyzuACyLYSQD2kxPa8YSMjVehmfLzBZyS5LMwJiQQZBMESABawwb8Z5xf3SsCQQyFRf4uWTEXMC/sDiNOtmDi4xE+V/wnlsD1W/hLjX73QHnaPNEq46SCQTB222xNWQ0zdQoYl2IAiNvkdr453+y2kmZeolQNCHXAkc3LBkbQR8zOOleKmYUDtdgL/Yel/fDNc5zDOypQeCQNikLgvDsxUzlWsKypRWtquss8bixsIC3jqbb4K8bqHTmKehmZqZsCx1iGKhQPc7X29MaeHeF1aNIrU0mrVrO8zuZtuLC1vT6Yi4zwzNVcwqgK1JoU1AzDTp1M8heYbRq2kgYndamwGkndElJqZRZGkvRDaWGkrK+t1jtvbHKeD5t1zWkk6iGB7zuZ69D98drrBagbUxWTymdrAWv6neemErg/gvLUqlapX/jVPMdV52hUIkH4QQ4B3BMdMWY8NaQs1Si51VjxqJSX4wzhNBFERqNuo0jp/XqIwwPnCV1G3JJtPSduvW3tgT478P/ALsoAqM1FnLUlN9IIEgn3JEncAepwt0OK1Ye93UKSbkKJAC9vXA2QOJyPcXbwnHKZ+k9AswXnRpY31R2mSu8iLj5YUso6cogDqZ9J7jbbFNMw0adR0g2WTE+g6e2LOSYFlXcdRudtiIP3I9ztjgsdWvmIMaI++YBC6gsESIHTva39ceP52613HYeYT95/PA7K5nzGhaTI5gBp1aVAtoHKFnudu2GTJZYKNOuTHNG8xBvvP0OKNadk4fIuEMXNZ4fDXdo7hWj/wCuLX/XM2ollDnuylcHsvQjqZ9cSmkRioaeKE9iUG8V5n/4qf1bFV/EeYbejTjvJw1Zzw6lQFgdDHqNvmv9IwuZjw7UU7ofb+hwhJTABH/2VZjLipWp1QvnVfgqGJvOpVP4T1AG/wAsdQpZqp5a6xzrAcxAJAuV9Cb44/4Y4RpzeXNVVamKkEGImOW3WGg/LHa6uYAi++F21SP1UmWqkkiIFoJ6j07XtjdKu84gbML0ONFpkiZhiPcDBSyrFasBucaecOhsLWwp+KfDmZzAbyswAJkIQRP/AJA/S3acEPDGXzFOlGbZGqE203t0m3xRuR/yjXOJuIQzXhHFrAjfFPPPSpI9QgJaWYLf3MbmwH0xaUAm0WxQ49wWlmaTU6uvQ2+livttvfvbFNlxlU6dDMOA2pV1XAMkgdJItOMwqp+0enl/4NQNVakShqKRD6SQDvuQL+s4zE8zOKSQr/Hgcq4OWps7/EwJZho2tfob4FZbLZjiDHnWnSpAxA1EMwkcu5HrPp3w3+JeJpSyzuSBKkL3P63xT8HcRp1KNNVK6wsFQRPcT12wjmjP0ZNtY8v2quEGJ8FMuQy2XTzCACiiajTzRabbx6Yttx6g1PlqqCwOiZJB6coGo36AYg4nwGpmAwLKFjkWDBYEmWPQG0wCbYj4Lww5YUzmKdIVSxVXXoY2mLT0GFzPbUyNYA3j+l0mYAsjOSpBaADMWqUwNRgyx7ib3OA/HOLPTzFIUjzKJZZswJhgfWIIPeBO+L/EzVqDRTABJ0sZggEbjveMc9rOcvU0VJs5Mq19INvaCNsQ+I16jWBrBwM+w50RrVSBELqy56lUphyVZTDAkbHpboQcKfh3OtVq1aJq1AlyIKxJOqxILbN3jeNsL+VYZioEpGDVZipY2F23HtJGD2c8LLlKLVUr1NQ5nLRzQDpAHQSY62xGjiK1cioWw0TN9T+kgeTeLBXuJcMp06YFMAtzEmbtMsST12mThZqqnmF0WYYwB6iW+qsf8tj0cbqVKTgtqZx5az+GxMWGxi57Y28OZxBVFQqVZSkoBEWIaB7kfKMYcWKVV4eLCwPZJAnnipueHOtZacARshm2zApOuVqDRUYAlQwPxe39/bBrx3xqlXyxCMWVf4hYAx8PJExN2DfLDOM1TKMWZSpBmSCPUdvljn+bqDNJUCISajU1KqLhQwmAOmkHGzFPfhqTGNdmBgdsbmZVj1BCk4Bxw1v3bRpYICKloCwsWBhjzAiwMAzsMNfCc5qFSWEqeUaYj2+sfXHElFfKutZlNIm1NGBViB8epTBAkwZiZ9MPXhHjy/uo81+dzHMY6sYk3J6i+w+eNLCdZXoUKwqNLSL2TR4mz8eXDC5IjbqsT27/AOHAHO0aJqeYuYYVnHNRU2IWbqpMlvh2kfF6kAuO5185+75fLhmRWitVCM2g9NRAkCAWvvAvhx8P+GDl8s1JqqGpWJ1VNEkdNM2ZgBtcbt0OHBmUxqxAaNN1zLxjx5KuVWmpLMHkmD6i87mDvfrhVqHSQPQflg1xXhb5atUoVdJdIkrdSSAbSAdj1wEzt3J+X0tirP8AlebVe6q85tVmWQsdwPni+VFtOljAkFQYPXcXHr2xRogAdyft/XF3KZ402DGmHgdf6x/k4sAAiGAJj8PZNiTKHTHxdz6bYZaOUIFljC1kvGqLapTZQOu4/LB7KeNskf8Au6f9ysPvGHBhGFZakw6HG1G+PKnirJR/7imfn+kYFVPFGVBOmqI9mv8AbBzLoTCuVJ5Qb+uN6fByTJI9owFyfirKi/nJPrYj6/lgxV8WZKoL5ilI/wBa/wBcTdKYQhfiHh3lqXU7d/Ww/PGnAanEjQZjSVKSjUGqVH1HrIDFmj3I9MBPF3itwQKTIywGVviB9+hg3i/TFOtmxVWk7M5qct9R0hYAIIPXcWj54zvA/too1DBldG8OVsx5lQ1irGm2gqsi+8jvaN4wyniSA6Z0npPX2xyjhnEa9BC6OZ/EWvqAH4p9rdRgTxPOVK1QVHeWAsRaDe47b4EhrYapCou50K9txPoZ+mEfxR4hq5TOCTrp1KchNtOk/hI6kkzMzbaMc/yXH8yrIVqswpmQp2gxqBO5B+2KfGOLV6+a114BKlUA+FRuAv6zc4LXEsXF86LpeV8fU5JJKg9CDM22iRG/2xP4i8ZU3yjNRqoagjkYnbrAtJ6wbY5UryDjSq5gAGJ9YnbbApkttKBeTZOtL9ovKPOydKpUjmedOr1jSYtjMIFSoqki5jrjMVzuRkrvHj4F0p0qaanrMqkgaiEkE+w9cWOFeDcvlgHVS9ZJZXuGMiIIBg2tgYv/AFKlmopVVqUX+LzAoAI+ICBI9Pni94q8T1sqhcUgbAA6hGozsN2I3jDECc5FwtJiZTRlqmoA/LfY9QfUbYQ/2j+IvL0UEPMHV2P8oB5Qfc39hhL4d4qzpIpJWqMHkAFQSN9jHc4ceB+BvNXzc4tTzXk1Azjm/lJi469cRNU1eqweKUuzCGph8M8fp5pEUH+JEtY2732wK8Y+EAdWYV9LEjXqgIqgEszGJ6R7kYW1zbcLrmll6xdfjZDtPQH10xfGnjXxxUzNJKQQIjGWAMlo2HpcThKlUR0b7uSPcCCHaqv4Sy9Wq00eZkWYAFoPc9QYge+Dvi4cSOWHnBYJmKQJMDm5gNth6YJ/sx4DWoq1aoAFqSEQSCo1EkkHoTt6e+HvzRJUESsSOt9vridDCnISSQTtsuZS6q41w1Zy6EydVZkMbjlBkdRBn8sVqlR6NV9o06jqN4tt3M/acdVzHheg7hxqRtZc6DAMxII2vG+/rjlnivh1bLVv4iE0GkUyxAmDLLMzFjv0jvjJWwz2VDaWkeo07FF9ItEqxw3Orp0SSCwm5NwCGkG0GPsD1OJeGVxRqEKWAamDykgzAkA9Lz84wv8ADqtSmuogiZ0k9RaY+/1wW4dSZKyuxFk1+wm0+5g4w4gFs5jwjn7eSUFTeI88aVKolfUwBFNNUNUBKqGbWdyAbn8pwhU0ZgE1SpaVE2LfPbtg343zjVqtPzXg+VqgCLmWG1paxJ7nAHLVNLwG2blb1/vj2mUsoJB1WgAhuYJk8K8bfKCv5bJqfSSjahIWQYI36C0G5vht4p46TzUfTpppSLXWStSRywDflveNxfCLwjSTUkXVWb3Bv/gwRz9BHCCmAajyzc1lJJgtv2j3jExWOfLFhbnwVWYhzRbZLWbzD1qrGZqOxaWgG+2uTAMATeOmJ2r5gQraadNRcPTUg/USxPocD8xlijlWqKpm+5P0Ak4yjqkxUIn1P5f1xvDRMqeTNpC3rvrMhUX2Vh9pjEv7o6gOA8bzoJ9iLRGLvB+HGvVWkSSCSWPLZRudvl8xjqX/AExSojoIA9sMrAQFxx31yNKr/NAIJ/8AGYHyAxqvD0OwPudsdXzWTj40BHqAcUqnC8s3xUVnuLflGHyrpXNK3ByLgiO2KjZJpNsdLqeHcubDzF7Q39ZwMzXhZZkVG9JE/e2BBRJCS8vwxnbSIBOwJA+5thi8M+B2zNQK7EDqB+EXux/QfXFzL8FanJDAntt/WMb5Ximcy9QNTRVjeCDqHYyZI9AMRcKhdG3rz6qRLiYGnFMmc/Z6tPLlQA7KZAi3ymTq674XxRygy9TX5q5gTpAA09fSQMEvEPjbMVFhVNLUmmx2MjUQfWwHYHCfls8AwVjHQMe/ZsTxADG9VTq0iwSDPP3RvgznNFMpXqsqllA9V6gN0MWE+2LXi3gtPK1ClNiRJ0jfSAASCeplhHphbzzEEavUW3ERF/nv7Y3fPNVaXJYmTqO8mQfTcY6nlLNLqYymmZ12Ub5OooZwjaGGoEKSDBvfoAd/lhy8BZvLjL1alekPMsiswHMOhE9QWgkdNOLHBPF1Onk1oukxKkAHnBBPzN7/AN8KNdsw7OGRgUOooB8BJge1zH0xZrclxuqMAZlcbyiXAfCyZypXp0Kmk040l9mEkdB2GAvH+GDLZvyWqAhCIYfi1CflYfliLgT51sy3ku7MFZoBPwj074HcRapVkmS+wJ7i0fIYS0dqEMyg7q8aak2gj0v98eYI5Pw+7IpGY0gjYKbemPMdCnlHFdZ4bWqJTBrJFQGTBBsfXrijmadLiGe/d2M06CipUS41lvhv2EX7zjzGYu8zYre66dslkadNVFOmqhRCgAWB3g7494nm1pU2dpOlSdI6x0HadseYzAcYFkpXB89nGfNVnZChqMxCkhio/DJFja2IaS6xTY7UyxYe17fOMZjMeLXJDp50KxO1ldi/Zrxta+TVWL66PK5c6ieqmRa46DbbAnxf40h2oUKanVKtUbeR/KPTucZjMbsRVc2gXDWFoe4hoITFwbxAKtIWOsJLAxaBc45N474w+YzDuCWp0zCq22kaZMdJMeuMxmOc8vpCUKh6oVfN58+WgKyp2E/D0MW9hM4nGajWb6QBInpeB9MZjMeXkaAPD7hZ2iTBSvxzNvVqs7kEtEAbKAAoAnYAAf3N8UamUILTEqTPymYtjMZj22fSCt8QVaXMxqKsbqVbp3nFShnCj61mYgi3w2kfr7gHGYzApgSVJrQSVfOSAIIUFT8pBv7iRjc5CY5NIJgDVqj298eYzFHGFemJbddB8I8CZEFRSs1AOhPKNuu53PT6Yd8kmwZQD0gyD9rYzGYK4qfM5QEbYXc5woTbGYzDAwhCHPlypg4o1FvvjMZh5SELcUtQtggfDBRUrVoK7lQdwRy333sceYzCndB1gvGy+VqVjQp0lOYCF9LFwgEiCSN4k2G8b45z4iyNenmHRmTlII8tQouA1vxdepOMxmIOALZ7VF30Tzuq1YMEUtDAGCf698dNy3A8vU4dRKU/iBqKbSGdWiepiR9BjMZieDObNOxIRpNB1QDwNxdaBIdQymGuJuJBjtyk4buKZpaS5nMoAwJWZFx8B7XE39z74zGY2U/pV8K0FjSeMfb8pP8AB3iKnls3UVknUrlG6i+rT7EAex98BfE3ExWrrAhVWYAjnclqh9yTvjzGYB+lK5o+XzbzHoi/B+O0FooHpksJkz6mOnaMZjMZhZUxUgRAX//Z'),
(3, 'data:image/jpeg;base64,/9j/4AAQSkZJRgABAQAAAQABAAD/2wCEAAkGBwgHBgkIBwgKCgkLDRYPDQwMDRsUFRAWIB0iIiAdHx8kKDQsJCYxJx8fLT0tMTU3Ojo6Iys/RD84QzQ5OjcBCgoKDQwNGg8PGjclHyU3Nzc3Nzc3Nzc3Nzc3Nzc3Nzc3Nzc3Nzc3Nzc3Nzc3Nzc3Nzc3Nzc3Nzc3Nzc3Nzc3N//AABEIAJQAoQMBIgACEQEDEQH/xAAcAAABBQEBAQAAAAAAAAAAAAAGAAMEBQcBAgj/xAA+EAACAQMCAwUFBgQFBAMAAAABAgMABBEFIQYSMRNBUWFxFCIygZEVQlKhwdEHI2KxJFOS4fAWM3LxQ1ST/8QAGQEAAwEBAQAAAAAAAAAAAAAAAgMEAQUA/8QAKREAAwACAgEEAgEEAwAAAAAAAAECAxESITEEEyJBMlFhFWJx8BQzUv/aAAwDAQACEQMRAD8AhcE30ElrHbsy9tCCvIepGcgj/ndRuk6xsjkjYg48aw1XZSDGxBz8SnFWa6pqTQ4e7umiIxnmOCPWuZ6j0XO+SZ1o9QuPFo+lrHVLO7te2hnjKqMP7w90+fhWX8TW41TXbq906SEWxIAYtjnI6kUG2Fv2MQlvWbLD3YAcFh4t5VMnv5XURRYjjGwCjGBR5MzSSE48CTbLGR7G1H89+3kH3R0z6VGn1hiOW3hVBVZyb53PrXsKKQ6qvI9Skcmmupssbhgfw52qvkMoPvSSA+tWWBTM8YZMjqK8jWQOVjuWY/OuFNtyfrTmwrwzjxpiQvY2cjo7VxZJl3Erj514eTwrwJgDvRcTNlpp+qaxbuHtrtxjxO1E9nx/qNqAL+JZl/Eo3oaj5REuBgEZpqUhtj0pD+TDD6fjP7UthFpLqjkZcSHc+QqmfWLp3ltboBJBhh37eFAsg5JcoxXB2KnFT7bWn91NRXtU6c42ZfnRe0hmPKp6DPQOGpddmmmkl7C2j2LqMl2+dRuMeGZOH4kuYLlprV25GDDdT3dOtP8AD3Fa6BFKxja70+T3uaP40bzHhVZxTxlNxW0GnafaOkJkBCkgu7dw9KJTX++Bd5LeT+BrRb2dLcwA8y83wHpv4UbaHZW6yyM+e3KjB/uBVLpnB00Khri7VZOpVEyAfU1M1H2vTowZERk6CVM7n96ReqrUju9BH7MfwH6Cu0Bfak3+a9Kg9ijOZdce8MaNFo8t7FbR2k0OGzEAOYZ3BA65oZaeC2tFlHKUYZiU7j19BVO2r6jrrhdWvJZLeL33GQq/QY3NQr68a4bK4UYwqjoq9wqpY6lapk+KtSTBdtd3e52zuc9asUG1UNk/JIvhmruN9t6GkMlj+Nqadwmc1xpcCoU8vNk56UJpNSRWHUg+FNyyqMhSxb8PIf0q84Z4ajvRHcaix5X3WMbbedGb6da2MHYabbxpK3VyueQefnWpbBdfRjz2uoysWjtZ+Xx7MimZdO1MR87xci/1SIP1rXI+G7m7m5rh2xjPK2+P6m8/IVWajwi81tc3USdoRlYjJ73O3TJ/pHXA8PWmS6+zHw/ZlDRyh+Uyx83TAkBqWdJ1GOMSzW+Yj98SLt+dX0vBTW2o3aXpIgsrZZJiT0Zs4UnvbG+3eR3VX8L6pqVjOix/4vT3bleP41APdg7rt49ab2ltAdbIwnltolE6sEzhWI2Pzpt7xT8O9aJqPCEFxZHUtDyolj5pLfqhH/j3+lZtq9j7K7EQ9kQffTuXPePI/lQRxbNexZJ3rywBG9RYpPOpGeYU1oHZ6sr+SwmGBzRHYqdwQeu1aTwNY6cb4XFskZURFlHU8x2/esvkXO2KsuG9cutJu0eJ9gd1J7qTmxup1IcV32bmQBIwHTNRtRgSe1kQrkMpzUXT9Ut762S5jlQBxuGbBB765qWpwQWsiLKHlYcqhTnHzqGE09FT8Ab7OfwilUvLeVKq9MSA8iex2qWx+N/5kp8DjZfp/eoOSSWPfXrUbwyzZPxOSx8t6Y5xmnPbe2I8dIkK/Kc1dWDNcphOo657qHWfAyKv7Vuxs4+y2LDJNKyvSDjySpraUAhSrHwBq10vh147L7T1X+XFzARxEbv3/Tbp313hW2E863V8QsCnI5ujfvRtd2p166g3MOnwfeO3P6fSkw9vTGPoi8L2F9qDmfl5EJ5Qc7KPAem1HEempGVRV3XvO/z9actDBZ2scUKKiKuyjuprUdZs9OtWlnlVc9PEnyqyImF2yS8lZK+KHZo1AFtDs8nUjqB3mnblY7W192MMFwEjHeeiiqzSbsJaNqV+RC1wPcRj8MY/fr9Kh6lrguDAlqcyTZ7PHcve302+dE7mVt+QFjqq0ip4h0eK7sW00yPIZ3M15Ih5TK567+GPdA7htQf9gDhzVLa/06M+zk9ncRZyGXuPqP8AnhWkxQ5UE7nvzULU7USQuhHUbeR7qmqq8l2OZS4sk6XBDFAstkQ1rcL2sePuk9R/zzoM480GOTkdQexnJT3RvG3UY+h278Y/DVxwtqns8lxYT4VObtEz9wk+8PrvVrrtrDe2NzZzbo6cwwcY8wfzo1S8inLmtM+dr60n068e2uBiRMbjowPQjxBFe43yBRfxHpjXcPY3jEXkCF4Lnl2mQfEG8xkk/M/ioHSQq2GGCO6nrtbFvp6JbmorsUkDAZwenjT+c01KvfXggq0XU3hsLhVOSBzgHfm2/apug3bXt5Etw/MCRsTsKHNBnUqqydx5T5jP7GpaLJp13IhJyjdR4dx/tSlK219jnT0maV2cP+Uv0FKgj7euP81/9RpUPtV+zfcQETP/ADB6D96Xa02/xHPXCnevGao0SbHjLtRBoV9FcIkErhSu2W6EUMANI4RQST0Ap2zVhdLGcgq/vjw8aDJiVyzYtqjXbO49njT2WzSaY7KWGQPlV5ZtdWqHU+ILsFV2gs42HvN59w/Tvqh0zV+bTP5tk9rBAg7SfICtt08cnwoX1bi2C4mEjJJKgU9jF8CDfAG3d3nxqTHia/krtr/AbavxlcdkGjKqXyF6+95/+IwfXrt0qttLu7uAt81rNql028MUjBUx+I5O4/v6UHGW6kLXlxEXUgemPw+Q2/SpGn65r2qX/segQTyykZbsUDNjx8FHrTFDp9BfDHPfRe6rrWr6gyNe9pCWYq4EmeRU5SxGPUD50Z8Kql0jamWXLjkhjHSNB0HrQBrB17huztW1WxEee0k7OV0JK8yjuOQenQHzxijLhO99oVUhTCTKJF2wd69kly+0eipufiw3V0VeZmCgDJJ6AUJatx1oEUhgtDc6jN+CyhMn51P16eK3spLa+UlJlIdOYrle/cbgUG/9QS6RaySaDonLZwAtI0Nu+EHUliqHl2394itn5da2LcqVy3omrqVrqM/IbO+02+ZG7OK9hMZlGNwO4+NO6VxAbrTozK5MtuzRSZO5xVRZ8cWuuqLe9iVGVwyknIVs+6VPj0qhsrhoda1KHOQZuZfPIoKlp+NDJ1S/Yf3mmrqOn+0WzCTlPMMfFGw6EH/nh0rIOINPFlddpCgWGRiOQA/y3HVfToR5HHdR7wVryiL2Zp4+cDBBbDj5feHmNx4VE4405JkllSNk7UcwA6My9GVuh2yDjfDbjanY3rpk9rZn0b91KY5xTKNjBrrvkU7QtMnaOx7blBx7w/saLNQsWnW2niVpTPEo5VQluYL5elBNk/Zy8/4WU/3rbf4Z3Ed3YyR8ii5i5c778pXIP1zU+enHyQ2KXtvZn32Re/8A0rr/APBv2rlbx2MnlSqf/mX+hXJ/o+XplDHcd2KhSHlNXfEFkLTUpOyTlt5jzRjOeXy+VU06HBGDzA4xXRkCjhVuyE0ZIwcNjuPcatdCnlvNRQSxxTdmuS7qeYAd2QQT3dc1ViC8gUymOSJSMZf3cj0PWtJ4L4Vktbe2ub5Qsl9hzkY5Ix0HqTv6CvZaUyewrd7JJ0XUtajzI7rAuFzjGAfuoBsCemfPyoN1vSUieea2XNtBOttG4+FnHxY8u6ts1FJZ4o9P04rbysn/AHcDFrH0aQ/1EfCKFP4i21hZaTo9jYJ2NhBIXUtkmUKOd2Pedgd+8sKTiTQ+7VPwXWhaJay6bE3Irq6gkHvGKZuOB4Ybv27RprjTboKR2trIRn5VL4Du+34e05nO5gTP0o1jVOUHrSph76Y7Lk15WwQn0GXWoI7fiV21KCM+60g7N/qmM9B1qfp+mQ2l7A1tEIYbeIRRxgk4UZx19auLuZYozgfKosTqLgdtIABud+gra342AvDaQxq2nxX94y3K86sgwAcYwQcZ7s4/9VBub+4sdDl0SHTJBGYWhSRG5AAQRkEDY/KrS/nh9pja2cOOp+VTowk6DIrVVJviwKUtLkjFrLgGWa5W8uI2gSMBiCxZ5nySWY4GN+4UP3d2tnr2qPJ7vZQlUH9WML+ZFfQGqxJBakgDevm/iVl1Hi/URCRyGV1XHQ8ikf3WjhVVvkbVzGNcF9nbW1kuJhE3uTOO0tZR0Y/h/wCd9SrfiLUbGN7O7ZpYXJBWTco/Tfx+dPcMzrY3MdhrEfPZTYKMdjEx6MD1A8flVn/EzQxp89pfxjMc/uO/czgZGfPG9H5emA29bAVzmRyowpY4HgO6ugHvFe0605kY3+dG2KSPEJwCB8TOBjyA/wB61Ph6JrSGDsHZZHUczIcEnwoF4W0r7V1q0teU8pbLkeHU/kK2uw4ftLYxG1LB4SCA5zzYPSpPUWt8SrCtS2zx7Jq34rj/AFn967RT7UP8qSu0rSM9x/owzVrSO8tjDN7pG6ue40HXdvPaOe0yHXbmXf8AOtPvbBJLV9sFVJU0LanYC6h5C5jk+7IPXp6Veny7RO1x6ZUcDaF9t8QRpcD/AAsB7a4PiB0X1Jx+dapPq8l3qzW2lwiSaP8AlR5GyDvJ8AKquGdNXh3gue4ZB7XcNztjff4UX88+pqw7OHhfhW8EzEX88PPNg++M9VB8e71OaRkbutDcaUosbN7e4Mkl3eJDo1s+bqcnla+mXqB/Qp28z8zQ7/EMTaraXWsuhhsYrJ4raNhj4iuNvQfLIr3/AA64en4knXUdTBNlAw7OLopI6Ko/CBgf7k09/HHUl+zYdOgH8oSAMRsGI3A9NvyHhTIl9A29Nob/AIdXDNwrZOCcpzJ9GP6Yo8s7t2AyazH+E14H0q4tG+KOXmx5GtHiXA261PfVsqXyhbLN0juIykuSD4HFDl1whALmS/guZmvCMCaQkkDw22x8ql3M2vxqTp9rp8w7u2mZGHyCkH61XRXvFbNkezswO6xzYPpgrit6+z0TX0z3ZcLSx6jFfS38p5UAKHOPlvj8qJe07DfO1DR1XiS1Ki6s452PRVlUk/IYqxhu7u6RvarGS0I6K7q2foa9tJdHrmm9vRG4l1gw6Zd3DZ5LeF5DjyXNYDoOf+odPNwf+/MvMT38+361p38UtQWx4da25sS38gjA7+QYLH+w+dAt3ok9vYWt/F77WmHyP/kiB5gw9N8+W/dT8P49/ZPmW6SX0E/FGmxQtp0fL7/IVfyVc/7Vb3kb3fCl1o+qYcCPtbO4Pdj7p81P5HyNTNKtYuJrC2u4pFea3yrodjg9dvGrv7LN7pF3YhUMzZaLf4W7v2+ZpU8kwm5fk+eyTyIcYJGTTtuhlOT8I6+vcKdvbC9s5UhuIJIZQoXlkHKSRscdxHmKKeHeG5r3leRVNvFu7Y3Y+Ap91MrsTEumGP8AC7QjBaPqUkfvTjkhPivefmf7VoHsEikNkL86Y4X1GC4sVTlWLsAsYHcBjarC+vIIEYlwx7gK5uTt7HcrT4pDPYTf5g+tdqr+1z+GlQc0M4ZATmmXsHVuhGBVJNBH3LR9JoPJDy9mT35xVLdaKxkCxqeYnGK7XsvGQPN7jHtJgeYWMZI7GBxI4PRm+6Plgn5ChK9mk1/iJLEPhZ5TzMe5c4B+n9xR2irb2LLG2Sqsc+J5cfrQvw3YJBxLdScnNJFA2GP3c4Xb1zUOR/Mtx/i2H809voXDUFtp68itiCDx8M+vU1kHHGqR8Q2s88B/w9jdLbxf1Yjclvmc/QUcfxJu/Z7CGzgJPZWrAsDuC2B9cZ+tZbBH2PDmpsx2a5hCeBYJL+n96aq7Fzj+O/2ReEdcbh/VluWBNvJ7sqjqBnqPStx029gu4I5reRXjdcqynIIrBo7MPYB8Zblb9T+lEXAF7c29vOsUhZEf4G3UZ8PChzJUuS+huFPahm2xDtFwGqDfaPeysHiUMc7NzYIHrVPp/E0AIW6PYyf1dD86v11+35Ryzx9O80pcWuxjnJD+I3YaZcW4LTKq95wck/OvOpXKxxEu2AOpzTd7xLZRREz3MfTZV3Y+gFZvx/rN3f6NOYi0Fs2By/eZc4wa8km1J7V6d0vAIcb67/1DrpaJibWD+VB5jO7fM/pR1/DGWLW9Lm0S6bmls25oj95V8R4juI+XfWSKeVlYD4TnFXXDeqXena/Fqdm3ZypLkjuYE/CfI1dcrjr9HPi6dN/s1y10OLSdc+ymPYTsnbafcrsXXO6E9+CcYPdjrvRZYgvH24XkmiPLKpGMHxx4Gh/iS9h1/Rra9snMV7p88dzGD3IwIPyxnPpU/TNWUTp7UpUuvZyjyPUfI7ipqpcuhymnJE1vhTT9YupbuQ9jbO4lljXbLjYnybzHdUe/ltrMiPT4+SFV5EXG2PGrOUz20lzaHD+97r9zKRVRdW90ylYIDPtsq9frRVj5zsyLc3oY0vVUsLxobhgkMwHvnorDpVrPIzPtk7bYOQazji+XXIbZkbSpbaA7NORzH0yOlCsZ1aFBbRT3kMLdUEjKuPQGkr0nud70UX6lQ+pNx528BSrFvs64/wAyT/UaVF/T/wC4V/UF/wCT6zdFxjA+lDGuiOOZuzPKSMHFEckmxNB+vyEljneuvx3L2cpV2RILZ3jLM/utkKuKbsdMFvd3c52MvKo9Axb9qj22qiGELIuSDtvTr6kJACDg1zbns6MN60etRsEvbq4MwBRmTBI6qBQ9fcIC408RQmNSJHlaI7KebAx9B18zV2L7JxmnUuhnJPXrSPb09jVb8ABecIXFkgS1ftEJHuud08fUVL0LhxdG7VfaO27bc4GApB6D8qMpY0m/mcwCD86hAxNeG1TGRAJMePvEH9Kxt6aKJfaoqp7MSDcVCbSIi2eTHpRC0bElcUmgWKMyTMqKO9jilJP6KHk0UttpMSNnkFVPGsYa1h06Mg3NyRyoMZCjcnz6dO+rvUdchtf5FiPaLt1jeGEDDTK7hcxg/GcZOB4VTzqy20l3LJ7Q94wEBCCUTjLDE1u4911DDdSADt3VRhxPaqiXN6h0nEdtgJqGlmCSRIVZiuzJghwe/wB0gHAwd9xv1rmmoZuzghX4WyxI6mtKsdMg0PSOe7BknYBpeXLBR4AZOBvUWxsNLa/AjSG1kL8/aPkC4TY+6CfdPl+9UunaekSTM46W32XNtay27QcmztbAEehzj9KvNcshBdWxjGzHsz/44OD8sAZ86bhga6tnurdlyg656d+K7d6kuoQ25ZCoUhgwPeD/AOqlnG2OrJ4JasZWiR23wArGiBoUggEMI9T3ms7XUJor6PtG2VsjzFaRaOlxGsqHmRxzA0+/xUiI88itS1zIS6c2R8J7/WhzVNCgjNypjAjI5l8RR52OQenrQ7eobu9IDHlG21Lwelby7CzZ1wYA/Y39JpUffZY8DSrsewcz3AlZmKnJoY1pGy/U56AUWhNqg3VnGZFd1DDPfW0/i9GT5M1u7URtzzM2fwqcAV0os0QMLOjdwJyDRBrduA5wuwoemjMbc0fpjwrgZqrkd/DEuCuS8kiuTHLlWBwQatIrzmxg791MXOkTXN2kjlEZ0UBeXJJoq0nQrfT41uLkiWdRze8NlNOxp5ET5WsbInsNybD2lwsUSJzMXO/0odvtans7z2Cy05by45DJy4PaAEYyCueXxwRvir3irUGEttYwSoFMolnaSTlViFyqFsHGxyNuuKc4c0aG0WW/WJvaLyQyu7nLcpOy9BsBgUVJY/B6OWTz4AGfVuISrK1pLC7q68wSQ8pJXlOMfdHN4538q8WVrxPdiISRXC4k7USN7pQlCpUFjnA8NxuTWtNZhzkgV69kRUZmOAoJJPQCgV19IZqftgFp/D1pp9j7RqcUAjiSMlAQAZFyAQzbjJPQEDpXmCzuGu49Z1C0c4GLeE45oI8dw/TwojWaK+cX0sTx6XG4EDMSBLuPeKkDv6dah6jaPrF60cUX+GZVeS4Y5KLk+6vmRjPrTonfdCcmRLqSHcGK+zBZyo9xzgOZELBVJzgjvNXcGiRmeG4lhN1cIuBLMgwB4KvQD0qZpNvBAywW1ukdvEPdHLufM1ays0ZVs9ehpjJtka30KyY9rHF7HP3vbnsww8GA2PzFM6pocscbSJyyxk8xcIA2fMDb54FTROw5WTc94qRBdyLIVIzG3QHuH615aRj2wKm0v2ieJM4C7s2Ogow4fjEERSJcRDx3yaZvraIK89uPiIJCipOkSD2dN+mQfrQ5H2Nxr4l2IVlXDKCp7vGq+601Ldw8Qwp/KrWA5X5V5u/+0AepIqvB0yTIVPZ0qlcldqzkTaJYAxUW+UdkfIE0qVIGLyDWqgPHzN1K1RW0atcHmGcAketdpVxvUL5Hb9M/iStEHa6pNK+7RZK+AxV4WywQgYZ1z55pUqf6f8CX1P8A2A5bxi5juJHZ1aS9Ak5HIDAsw5T5YRfpROACqmlSpeT8h2P8B5gBjFV+tsfskxgsomkVHKsVPLnfBG4pUq9JlAxe3ct1cavbFuzg01xFbRxnAUKmQfM576d4OvJLrSeaRUyzHOB5f7V2lT58CL8hbYQpHZAqNyuST1qMzEybn4FyKVKjYsfRRgP3025PZnBOVOR5HNKlQmnuRjvv8fKW86cto1iveRBhWySPMHGaVKt0mjyemW0bspkwdl6CmxK0i87Hc0qVV4ktE2V9nMmu0qVPEH//2Q==');

-- --------------------------------------------------------

--
-- Table structure for table `private_garden`
--

CREATE TABLE `private_garden` (
  `job_id` int(11) NOT NULL,
  `pool_size` decimal(10,2) DEFAULT NULL,
  `number_of_pools` int(11) DEFAULT NULL,
  `grass_size` decimal(10,2) DEFAULT NULL,
  `paved_size` decimal(10,2) DEFAULT NULL
) ENGINE=InnoDB DEFAULT CHARSET=utf8mb4 COLLATE=utf8mb4_general_ci;

--
-- Dumping data for table `private_garden`
--

INSERT INTO `private_garden` (`job_id`, `pool_size`, `number_of_pools`, `grass_size`, `paved_size`) VALUES
(1, 7.00, 2, 9.00, 3.00),
(2, 7.00, 2, 9.00, 3.00),
(4, 2.00, 1, 3.00, 5.00),
(6, 5.00, 2, 10.00, 5.00),
(7, 0.00, 0, 4.00, 1.00),
(8, 0.00, 0, 4.00, 1.00),
(9, 0.00, 0, 10.00, 0.00),
(10, 4.00, 2, 6.00, 0.00);

-- --------------------------------------------------------

--
-- Table structure for table `restaurant_garden`
--

CREATE TABLE `restaurant_garden` (
  `job_id` int(11) NOT NULL,
  `fountain_size` decimal(10,2) DEFAULT NULL,
  `number_of_fountains` int(11) DEFAULT NULL,
  `grass_size` decimal(10,2) DEFAULT NULL,
  `number_of_tables` int(11) DEFAULT NULL,
  `number_of_seats` int(11) DEFAULT NULL
) ENGINE=InnoDB DEFAULT CHARSET=utf8mb4 COLLATE=utf8mb4_general_ci;

--
-- Dumping data for table `restaurant_garden`
--

INSERT INTO `restaurant_garden` (`job_id`, `fountain_size`, `number_of_fountains`, `grass_size`, `number_of_tables`, `number_of_seats`) VALUES
(3, 7.00, 3, 12.00, 6, 18),
(5, 3.00, 3, 7.00, 4, 12);

-- --------------------------------------------------------

--
-- Table structure for table `service`
--

CREATE TABLE `service` (
  `service_id` int(11) NOT NULL,
  `company_id` int(11) DEFAULT NULL,
  `price` decimal(10,2) NOT NULL,
  `service_name` varchar(100) NOT NULL,
  `service_description` text DEFAULT NULL
) ENGINE=InnoDB DEFAULT CHARSET=utf8mb4 COLLATE=utf8mb4_general_ci;

--
-- Dumping data for table `service`
--

INSERT INTO `service` (`service_id`, `company_id`, `price`, `service_name`, `service_description`) VALUES
(1, 1, 5000.00, 'Dizajn bašte', 'Ova usluga uključuje izradu detaljnog plana za raspored biljaka, staza, vodenih elemenata i drugih struktura u bašti. Dizajneri sarađuju sa klijentima kako bi kreirali estetski privlačan i funkcionalan prostor, prilagođen specifičnim željama i uslovima okoline.'),
(2, 1, 10000.00, 'Sadnja i održavanje biljaka', 'Ova usluga obuhvata izbor, sadnju i brigu o biljkama, grmlju i drveću u bašti. Uključuje redovno zalivanje, đubrenje, orezivanje i zaštitu od štetočina, kako bi bašta ostala zdrava i lepo uređena tokom cele godine.'),
(3, 1, 7000.00, 'Košenje i održavanje travnjaka', 'Redovno košenje, đubrenje i prozračivanje travnjaka kako bi se održao zdrav i uredan izgled. Takođe može uključivati i postavljanje novog travnjaka ili popravku oštećenih delova.'),
(4, 1, 7000.00, 'Uređenje i održavanje staza i patija', 'Postavljanje i održavanje popločanih staza, patija i terasa. To može uključivati čišćenje, uklanjanje mahovine, reparaciju ili čak zamenu oštećenih delova.'),
(5, 1, 17000.00, 'Ugradnja i održavanje sistema za navodnjavanje', 'Instalacija automatskih sistema za navodnjavanje, kao što su prskalice i kap po kap sistemi, kako bi se obezbedilo optimalno zalivanje biljaka. Održavanje ovih sistema takođe je ključni deo usluge.'),
(6, 1, 3000.00, 'Uklanjanje otpada iz bašte', 'Uklanjanje lišća, granja, orezanog bilja i drugog organskog otpada iz bašte, uključujući i sezonsko čišćenje bašte.'),
(7, 1, 12000.00, 'Postavljanje i održavanje rasvete u bašti', 'Instalacija rasvetnih sistema koji poboljšavaju estetski izgled bašte i omogućavaju korišćenje prostora u večernjim satima. Redovno održavanje i zamena sijalica ili drugih rasvetnih elemenata takođe spadaju u ovu uslugu.'),
(9, 2, 13000.00, 'Postavljanje i održavanje rasvete u bašti', 'Instalacija rasvetnih sistema koji poboljšavaju estetski izgled bašte i omogućavaju korišćenje prostora u večernjim satima. Redovno održavanje i zamena sijalica ili drugih rasvetnih elemenata takođe spadaju u ovu uslugu.'),
(10, 2, 10500.00, 'Sezonska dekoracija', 'Dodavanje sezonskih dekoracija kao što su praznični ukrasi ili teme koje se menjaju sa godišnjim dobima.'),
(11, 2, 4000.00, 'Dizajn bašte', 'Ova usluga uključuje izradu detaljnog plana za raspored biljaka, staza, vodenih elemenata i drugih struktura u bašti. Dizajneri sarađuju sa klijentima kako bi kreirali estetski privlačan i funkcionalan prostor, prilagođen specifičnim željama i uslovima okoline.'),
(12, 9, 3500.00, 'Letnja dekoracija', 'Letnja dekoracija'),
(13, 9, 4500.00, 'Božićna dekoracija', 'Božićna dekoracija'),
(14, 9, 1000.00, 'Nova Test Usluga', 'Opis');

-- --------------------------------------------------------

--
-- Table structure for table `user`
--

CREATE TABLE `user` (
  `user_id` int(11) NOT NULL,
  `user_type_id` int(11) DEFAULT NULL,
  `username` varchar(50) NOT NULL,
  `hashed_password` varchar(255) NOT NULL,
  `name` varchar(50) NOT NULL,
  `lastname` varchar(50) NOT NULL,
  `gender` enum('M','F') NOT NULL,
  `address` text NOT NULL,
  `contact_number` varchar(20) NOT NULL,
  `email` varchar(100) NOT NULL,
  `photo_id` int(11) DEFAULT NULL,
  `credit_card_number` varchar(20) DEFAULT NULL,
  `user_status_id` int(11) DEFAULT NULL
) ENGINE=InnoDB DEFAULT CHARSET=utf8mb4 COLLATE=utf8mb4_general_ci;

--
-- Dumping data for table `user`
--

INSERT INTO `user` (`user_id`, `user_type_id`, `username`, `hashed_password`, `name`, `lastname`, `gender`, `address`, `contact_number`, `email`, `photo_id`, `credit_card_number`, `user_status_id`) VALUES
(1, 3, 'admin', 'c7ad44cbad762a5da0a452f9e854fdc1e0e7a52a38015f23f3eab1d80b931dd472634dfac71cd34ebc35d16ab7fb8a90c81f975113d6c7538dc69dd8de9077ec', 'Admin', 'Sistema', 'F', 'Omladinskih Brigada 90', '0645993433', 'admin@gmail.com', 1, '', 2),
(2, 1, 'nikola', '866c151c3f96ea5f3ae6e4d0f0be21663faea41c7e4db1d0b36a80619e74b056f828904826425dd0b2a49621f5c117e3248155ceaf02231b5a107b723cc0016a', 'Nikola', 'Petric', 'M', 'Kneza Stracimira 2', '0638575608', 'petricn671@gmail.com', 1, '4556499739738072', 2),
(3, 2, 'strahinja', '8d85e1bbdc597767d7e5d58163248cc9048858c43957d64ced55ad9fc309e1321099c95fb23eba98b1695abab3b79f5d059493c07e8a0727b75f25b8af0185f7', 'Strahinja', 'Milutinovic', 'M', 'Vatroslava Jagica 5', '0645993434', 'strahinja.milutinovic.sm@gmail.com', 1, '', 4),
(4, 1, 'vanja', 'b0011bbd369242765ccb556e53f8e045469a888d8068d2c9944b1ca313e16732f162562a2af7d851bcf2f0ef50063dec022d5cb3d48f4e8b26a39ca9f8a2c289', 'Vanja', 'Milutinovic', 'F', 'Kneza Stracimira 2', '0638574709', 'vanja@gmail.com', 1, '', 1),
(6, 2, 'radnik', 'c05c9072edbb00eb73274cdb2228a7e90bfda1de3b85255d4418079a95d0a4a519d9da53f934cb7ce8e6269cf2118eda9072c87d6c0bb29bed97c9ed4182dbd0', 'Nikola', 'Tesla', 'M', 'Bulevar kralja Aleksandra 72', '064123123', 'tesla@gmail.com', 1, '', 2),
(7, 1, 'nina', 'b7811a4153cbbb6afb7c0c577775d01a8529a2ace277ee8e0f1ea8c9d7bd4c689909d756a9603a1670b41c3285a948978e5a3cdfa5ba62770d2d33fff59d03b7', 'Nina', 'Perić', 'F', 'Test Adresa 12', '0651234567', 'test@gmail.com', 3, '4556499739738072', 2),
(8, 2, 'test', 'ea6c2c424364adfdb23999f22e11f8864745b0e4c31a0fbbedbb60c64d67d0bc2adef1f7e1fc670799b554a1d20b1f9643614f2af3d220083b4319d576b630b1', 'Test', 'Test', 'F', 'Test 12', '0657891234', 'test12@gmail.com', NULL, '', 1),
(9, 2, 'test2', 'ea6c2c424364adfdb23999f22e11f8864745b0e4c31a0fbbedbb60c64d67d0bc2adef1f7e1fc670799b554a1d20b1f9643614f2af3d220083b4319d576b630b1', 'Test', 'Radnik', 'F', 'Testic', '065789789', 'test123@gmail.com', NULL, '', 2),
(10, 2, 'radnik2', '927ae3e178b80e18ec68e8b113cac9fa7741d27fc104784ed89cee6234d3148b19fe716b6488e430392a2c588a671c47cfe46527dce560737db9f3567c737dde', 'Radnik', 'Radnik', 'M', 'Radnicka 6', '064123456', 'radnik@gmail.com', NULL, '', 2);

-- --------------------------------------------------------

--
-- Table structure for table `user_status`
--

CREATE TABLE `user_status` (
  `user_status_id` int(11) NOT NULL,
  `status` varchar(50) NOT NULL
) ENGINE=InnoDB DEFAULT CHARSET=utf8mb4 COLLATE=utf8mb4_general_ci;

--
-- Dumping data for table `user_status`
--

INSERT INTO `user_status` (`user_status_id`, `status`) VALUES
(1, 'neobrađen'),
(2, 'aktivan'),
(3, 'odbijen'),
(4, 'blokiran');

-- --------------------------------------------------------

--
-- Table structure for table `user_type`
--

CREATE TABLE `user_type` (
  `user_type_id` int(11) NOT NULL,
  `name` varchar(50) NOT NULL
) ENGINE=InnoDB DEFAULT CHARSET=utf8mb4 COLLATE=utf8mb4_general_ci;

--
-- Dumping data for table `user_type`
--

INSERT INTO `user_type` (`user_type_id`, `name`) VALUES
(1, 'vlasnik'),
(2, 'dekorater'),
(3, 'admin');

-- --------------------------------------------------------

--
-- Table structure for table `worker`
--

CREATE TABLE `worker` (
  `worker_id` int(11) NOT NULL,
  `user_id` int(11) DEFAULT NULL,
  `company_id` int(11) DEFAULT NULL
) ENGINE=InnoDB DEFAULT CHARSET=utf8mb4 COLLATE=utf8mb4_general_ci;

--
-- Dumping data for table `worker`
--

INSERT INTO `worker` (`worker_id`, `user_id`, `company_id`) VALUES
(9, 3, 1),
(10, 6, 1);

--
-- Indexes for dumped tables
--

--
-- Indexes for table `company`
--
ALTER TABLE `company`
  ADD PRIMARY KEY (`company_id`);

--
-- Indexes for table `company_holiday`
--
ALTER TABLE `company_holiday`
  ADD PRIMARY KEY (`company_holiday_id`),
  ADD KEY `company_id` (`company_id`);

--
-- Indexes for table `garden_type`
--
ALTER TABLE `garden_type`
  ADD PRIMARY KEY (`garden_type_id`);

--
-- Indexes for table `job`
--
ALTER TABLE `job`
  ADD PRIMARY KEY (`job_id`),
  ADD KEY `user_id` (`user_id`),
  ADD KEY `company_id` (`company_id`),
  ADD KEY `worker_id` (`worker_id`),
  ADD KEY `job_status_id` (`job_status_id`),
  ADD KEY `garden_type_id` (`garden_type_id`);

--
-- Indexes for table `job_photo`
--
ALTER TABLE `job_photo`
  ADD PRIMARY KEY (`job_photo_id`),
  ADD KEY `job_id` (`job_id`),
  ADD KEY `photo_id` (`photo_id`);

--
-- Indexes for table `job_review`
--
ALTER TABLE `job_review`
  ADD PRIMARY KEY (`job_review_id`),
  ADD KEY `job_id` (`job_id`);

--
-- Indexes for table `job_service`
--
ALTER TABLE `job_service`
  ADD PRIMARY KEY (`job_service_id`),
  ADD KEY `job_id` (`job_id`),
  ADD KEY `service_id` (`service_id`);

--
-- Indexes for table `job_status`
--
ALTER TABLE `job_status`
  ADD PRIMARY KEY (`job_status_id`);

--
-- Indexes for table `maintenance`
--
ALTER TABLE `maintenance`
  ADD PRIMARY KEY (`maintenance_id`),
  ADD KEY `job_id` (`job_id`),
  ADD KEY `job_status_id` (`job_status_id`),
  ADD KEY `worker_id` (`worker_id`);

--
-- Indexes for table `photo`
--
ALTER TABLE `photo`
  ADD PRIMARY KEY (`photo_id`);

--
-- Indexes for table `private_garden`
--
ALTER TABLE `private_garden`
  ADD PRIMARY KEY (`job_id`);

--
-- Indexes for table `restaurant_garden`
--
ALTER TABLE `restaurant_garden`
  ADD PRIMARY KEY (`job_id`);

--
-- Indexes for table `service`
--
ALTER TABLE `service`
  ADD PRIMARY KEY (`service_id`),
  ADD KEY `company_id` (`company_id`);

--
-- Indexes for table `user`
--
ALTER TABLE `user`
  ADD PRIMARY KEY (`user_id`),
  ADD UNIQUE KEY `username` (`username`),
  ADD UNIQUE KEY `email` (`email`),
  ADD KEY `user_type_id` (`user_type_id`),
  ADD KEY `photo_id` (`photo_id`),
  ADD KEY `user_status_id` (`user_status_id`);

--
-- Indexes for table `user_status`
--
ALTER TABLE `user_status`
  ADD PRIMARY KEY (`user_status_id`);

--
-- Indexes for table `user_type`
--
ALTER TABLE `user_type`
  ADD PRIMARY KEY (`user_type_id`);

--
-- Indexes for table `worker`
--
ALTER TABLE `worker`
  ADD PRIMARY KEY (`worker_id`),
  ADD KEY `user_id` (`user_id`),
  ADD KEY `company_id` (`company_id`);

--
-- AUTO_INCREMENT for dumped tables
--

--
-- AUTO_INCREMENT for table `company`
--
ALTER TABLE `company`
  MODIFY `company_id` int(11) NOT NULL AUTO_INCREMENT, AUTO_INCREMENT=11;

--
-- AUTO_INCREMENT for table `company_holiday`
--
ALTER TABLE `company_holiday`
  MODIFY `company_holiday_id` int(11) NOT NULL AUTO_INCREMENT, AUTO_INCREMENT=10;

--
-- AUTO_INCREMENT for table `garden_type`
--
ALTER TABLE `garden_type`
  MODIFY `garden_type_id` int(11) NOT NULL AUTO_INCREMENT, AUTO_INCREMENT=3;

--
-- AUTO_INCREMENT for table `job`
--
ALTER TABLE `job`
  MODIFY `job_id` int(11) NOT NULL AUTO_INCREMENT, AUTO_INCREMENT=11;

--
-- AUTO_INCREMENT for table `job_photo`
--
ALTER TABLE `job_photo`
  MODIFY `job_photo_id` int(11) NOT NULL AUTO_INCREMENT, AUTO_INCREMENT=2;

--
-- AUTO_INCREMENT for table `job_review`
--
ALTER TABLE `job_review`
  MODIFY `job_review_id` int(11) NOT NULL AUTO_INCREMENT, AUTO_INCREMENT=2;

--
-- AUTO_INCREMENT for table `job_service`
--
ALTER TABLE `job_service`
  MODIFY `job_service_id` int(11) NOT NULL AUTO_INCREMENT, AUTO_INCREMENT=21;

--
-- AUTO_INCREMENT for table `job_status`
--
ALTER TABLE `job_status`
  MODIFY `job_status_id` int(11) NOT NULL AUTO_INCREMENT, AUTO_INCREMENT=7;

--
-- AUTO_INCREMENT for table `photo`
--
ALTER TABLE `photo`
  MODIFY `photo_id` int(11) NOT NULL AUTO_INCREMENT, AUTO_INCREMENT=4;

--
-- AUTO_INCREMENT for table `service`
--
ALTER TABLE `service`
  MODIFY `service_id` int(11) NOT NULL AUTO_INCREMENT, AUTO_INCREMENT=15;

--
-- AUTO_INCREMENT for table `user`
--
ALTER TABLE `user`
  MODIFY `user_id` int(11) NOT NULL AUTO_INCREMENT, AUTO_INCREMENT=11;

--
-- AUTO_INCREMENT for table `user_status`
--
ALTER TABLE `user_status`
  MODIFY `user_status_id` int(11) NOT NULL AUTO_INCREMENT, AUTO_INCREMENT=5;

--
-- AUTO_INCREMENT for table `user_type`
--
ALTER TABLE `user_type`
  MODIFY `user_type_id` int(11) NOT NULL AUTO_INCREMENT, AUTO_INCREMENT=4;

--
-- AUTO_INCREMENT for table `worker`
--
ALTER TABLE `worker`
  MODIFY `worker_id` int(11) NOT NULL AUTO_INCREMENT, AUTO_INCREMENT=11;

--
-- Constraints for dumped tables
--

--
-- Constraints for table `company_holiday`
--
ALTER TABLE `company_holiday`
  ADD CONSTRAINT `company_holiday_ibfk_1` FOREIGN KEY (`company_id`) REFERENCES `company` (`company_id`);

--
-- Constraints for table `job`
--
ALTER TABLE `job`
  ADD CONSTRAINT `job_ibfk_1` FOREIGN KEY (`user_id`) REFERENCES `user` (`user_id`),
  ADD CONSTRAINT `job_ibfk_2` FOREIGN KEY (`company_id`) REFERENCES `company` (`company_id`),
  ADD CONSTRAINT `job_ibfk_3` FOREIGN KEY (`worker_id`) REFERENCES `user` (`user_id`),
  ADD CONSTRAINT `job_ibfk_4` FOREIGN KEY (`job_status_id`) REFERENCES `job_status` (`job_status_id`),
  ADD CONSTRAINT `job_ibfk_5` FOREIGN KEY (`garden_type_id`) REFERENCES `garden_type` (`garden_type_id`);

--
-- Constraints for table `job_photo`
--
ALTER TABLE `job_photo`
  ADD CONSTRAINT `job_photo_ibfk_1` FOREIGN KEY (`job_id`) REFERENCES `job` (`job_id`),
  ADD CONSTRAINT `job_photo_ibfk_2` FOREIGN KEY (`photo_id`) REFERENCES `photo` (`photo_id`);

--
-- Constraints for table `job_review`
--
ALTER TABLE `job_review`
  ADD CONSTRAINT `job_review_ibfk_1` FOREIGN KEY (`job_id`) REFERENCES `job` (`job_id`);

--
-- Constraints for table `job_service`
--
ALTER TABLE `job_service`
  ADD CONSTRAINT `job_service_ibfk_1` FOREIGN KEY (`job_id`) REFERENCES `job` (`job_id`),
  ADD CONSTRAINT `job_service_ibfk_2` FOREIGN KEY (`service_id`) REFERENCES `service` (`service_id`);

--
-- Constraints for table `maintenance`
--
ALTER TABLE `maintenance`
  ADD CONSTRAINT `maintenance_ibfk_1` FOREIGN KEY (`job_id`) REFERENCES `job` (`job_id`),
  ADD CONSTRAINT `maintenance_ibfk_2` FOREIGN KEY (`job_status_id`) REFERENCES `job_status` (`job_status_id`),
  ADD CONSTRAINT `maintenance_ibfk_3` FOREIGN KEY (`worker_id`) REFERENCES `user` (`user_id`);

--
-- Constraints for table `private_garden`
--
ALTER TABLE `private_garden`
  ADD CONSTRAINT `private_garden_ibfk_1` FOREIGN KEY (`job_id`) REFERENCES `job` (`job_id`);

--
-- Constraints for table `restaurant_garden`
--
ALTER TABLE `restaurant_garden`
  ADD CONSTRAINT `restaurant_garden_ibfk_1` FOREIGN KEY (`job_id`) REFERENCES `job` (`job_id`);

--
-- Constraints for table `service`
--
ALTER TABLE `service`
  ADD CONSTRAINT `service_ibfk_1` FOREIGN KEY (`company_id`) REFERENCES `company` (`company_id`);

--
-- Constraints for table `user`
--
ALTER TABLE `user`
  ADD CONSTRAINT `user_ibfk_1` FOREIGN KEY (`user_type_id`) REFERENCES `user_type` (`user_type_id`),
  ADD CONSTRAINT `user_ibfk_2` FOREIGN KEY (`photo_id`) REFERENCES `photo` (`photo_id`),
  ADD CONSTRAINT `user_ibfk_3` FOREIGN KEY (`user_status_id`) REFERENCES `user_status` (`user_status_id`);

--
-- Constraints for table `worker`
--
ALTER TABLE `worker`
  ADD CONSTRAINT `worker_ibfk_1` FOREIGN KEY (`user_id`) REFERENCES `user` (`user_id`),
  ADD CONSTRAINT `worker_ibfk_2` FOREIGN KEY (`company_id`) REFERENCES `company` (`company_id`);

DELIMITER $$
--
-- Events
--
CREATE DEFINER=`root`@`localhost` EVENT `Job Status - Update In Progress` ON SCHEDULE EVERY 1 HOUR STARTS '2024-08-27 00:00:00' ENDS '2024-09-16 00:00:00' ON COMPLETION PRESERVE ENABLE COMMENT 'Automatic updating of job statuses based on start and end dates' DO UPDATE job j 
SET j.job_status_id = 4 
WHERE j.job_status_id = 3 
	AND j.start_date_time < NOW()$$

CREATE DEFINER=`root`@`localhost` EVENT `Maintenance Status - Update In Progress` ON SCHEDULE EVERY 1 HOUR STARTS '2024-08-27 00:00:00' ENDS '2024-09-16 00:00:00' ON COMPLETION PRESERVE ENABLE COMMENT 'Automatic updating of job statuses based on start and end dates' DO UPDATE maintenance m 
SET m.job_status_id = 4 
WHERE m.job_status_id = 3 
	AND m.start_date_time < NOW()$$

CREATE DEFINER=`root`@`localhost` EVENT `Maintenance Status - Update Done` ON SCHEDULE EVERY 1 HOUR STARTS '2024-08-27 00:00:00' ENDS '2024-09-16 00:00:00' ON COMPLETION PRESERVE ENABLE COMMENT 'Automatic updating of job statuses based on start and end dates' DO UPDATE maintenance m 
SET m.job_status_id = 5
WHERE m.job_status_id = 4 
	AND m.estimated_end_date_time < NOW()$$

DELIMITER ;
COMMIT;

/*!40101 SET CHARACTER_SET_CLIENT=@OLD_CHARACTER_SET_CLIENT */;
/*!40101 SET CHARACTER_SET_RESULTS=@OLD_CHARACTER_SET_RESULTS */;
/*!40101 SET COLLATION_CONNECTION=@OLD_COLLATION_CONNECTION */;
